"block","plot","transect","subtransect","date","slope","startpoint_m","x1_hour_count","x10_hour_count","x100_hour_count"
"E1","E1:CG","E1:CG:M","E1:CG:M:1","2017-06-27",23,3,2,5,0
"E1","E1:CG","E1:CG:M","E1:CG:M:1","2017-06-27",23,13,6,6,2
"E1","E1:CG","E1:CG:M","E1:CG:M:1","2017-06-27",23,23,2,2,0
"E1","E1:CG","E1:CG:M","E1:CG:M:2","2017-06-27",24,3,0,0,0
"E1","E1:CG","E1:CG:M","E1:CG:M:2","2017-06-27",24,13,0,0,1
"E1","E1:CG","E1:CG:M","E1:CG:M:2","2017-06-27",24,23,0,2,2
"E1","E1:CG","E1:CG:M","E1:CG:M:3","2017-06-27",NA,3,3,0,0
"E1","E1:CG","E1:CG:M","E1:CG:M:3","2017-06-27",NA,13,0,4,3
"E1","E1:CG","E1:CG:M","E1:CG:M:3","2017-06-27",NA,23,0,1,3
"E1","E1:CG","E1:CG:N","E1:CG:N:1","2017-06-27",24,3,0,3,2
"E1","E1:CG","E1:CG:N","E1:CG:N:1","2017-06-27",24,13,0,1,2
"E1","E1:CG","E1:CG:N","E1:CG:N:1","2017-06-27",24,23,2,0,1
"E1","E1:CG","E1:CG:N","E1:CG:N:2","2017-06-27",30,3,0,3,5
"E1","E1:CG","E1:CG:N","E1:CG:N:2","2017-06-27",30,13,2,6,3
"E1","E1:CG","E1:CG:N","E1:CG:N:2","2017-06-27",30,23,1,2,3
"E1","E1:CG","E1:CG:N","E1:CG:N:3","2017-06-27",24,3,0,1,4
"E1","E1:CG","E1:CG:N","E1:CG:N:3","2017-06-27",24,13,0,1,1
"E1","E1:CG","E1:CG:N","E1:CG:N:3","2017-06-27",24,23,0,0,3
"E1","E1:CG","E1:CG:S","E1:CG:S:1","2017-06-27",28,3,1,1,0
"E1","E1:CG","E1:CG:S","E1:CG:S:1","2017-06-27",28,13,0,2,4
"E1","E1:CG","E1:CG:S","E1:CG:S:1","2017-06-27",28,23,4,3,1
"E1","E1:CG","E1:CG:S","E1:CG:S:2","2017-06-27",15,3,0,2,1
"E1","E1:CG","E1:CG:S","E1:CG:S:2","2017-06-27",15,13,1,6,5
"E1","E1:CG","E1:CG:S","E1:CG:S:2","2017-06-27",15,23,0,0,1
"E1","E1:CG","E1:CG:S","E1:CG:S:3","2017-06-27",16,3,0,2,2
"E1","E1:CG","E1:CG:S","E1:CG:S:3","2017-06-27",16,13,0,4,0
"E1","E1:CG","E1:CG:S","E1:CG:S:3","2017-06-27",16,23,0,1,0
"E1","E1:CH","E1:CH:M","E1:CH:M:1","2017-06-29",18,3,0,0,1
"E1","E1:CH","E1:CH:M","E1:CH:M:1","2017-06-29",18,13,0,2,6
"E1","E1:CH","E1:CH:M","E1:CH:M:1","2017-06-29",18,23,2,3,2
"E1","E1:CH","E1:CH:M","E1:CH:M:2","2017-06-29",16,3,0,2,0
"E1","E1:CH","E1:CH:M","E1:CH:M:2","2017-06-29",16,13,0,2,0
"E1","E1:CH","E1:CH:M","E1:CH:M:2","2017-06-29",16,23,0,1,0
"E1","E1:CH","E1:CH:M","E1:CH:M:3","2017-06-29",29,3,0,3,0
"E1","E1:CH","E1:CH:M","E1:CH:M:3","2017-06-29",29,13,2,5,4
"E1","E1:CH","E1:CH:M","E1:CH:M:3","2017-06-29",29,23,1,1,0
"E1","E1:CH","E1:CH:N","E1:CH:N:1","2017-06-29",29,3,1,0,1
"E1","E1:CH","E1:CH:N","E1:CH:N:1","2017-06-29",29,13,0,5,0
"E1","E1:CH","E1:CH:N","E1:CH:N:1","2017-06-29",29,23,1,10,4
"E1","E1:CH","E1:CH:N","E1:CH:N:2","2017-06-29",23,3,0,1,0
"E1","E1:CH","E1:CH:N","E1:CH:N:2","2017-06-29",23,13,0,3,0
"E1","E1:CH","E1:CH:N","E1:CH:N:2","2017-06-29",23,23,6,3,1
"E1","E1:CH","E1:CH:N","E1:CH:N:3","2017-06-29",30,3,2,6,3
"E1","E1:CH","E1:CH:N","E1:CH:N:3","2017-06-29",30,13,0,3,3
"E1","E1:CH","E1:CH:N","E1:CH:N:3","2017-06-29",30,23,0,2,2
"E1","E1:CH","E1:CH:S","E1:CH:S:1","2017-06-29",20,3,2,6,7
"E1","E1:CH","E1:CH:S","E1:CH:S:1","2017-06-29",20,13,2,6,0
"E1","E1:CH","E1:CH:S","E1:CH:S:1","2017-06-29",20,23,1,3,3
"E1","E1:CH","E1:CH:S","E1:CH:S:2","2017-06-29",13,3,2,2,1
"E1","E1:CH","E1:CH:S","E1:CH:S:2","2017-06-29",13,13,7,10,0
"E1","E1:CH","E1:CH:S","E1:CH:S:2","2017-06-29",13,23,2,8,7
"E1","E1:CH","E1:CH:S","E1:CH:S:3","2017-06-29",25,3,0,3,4
"E1","E1:CH","E1:CH:S","E1:CH:S:3","2017-06-29",25,13,3,3,13
"E1","E1:CH","E1:CH:S","E1:CH:S:3","2017-06-29",25,23,0,2,0
"E1","E1:CN","E1:CN:M","E1:CN:M:1","2017-06-28",0,3,4,10,2
"E1","E1:CN","E1:CN:M","E1:CN:M:1","2017-06-28",0,13,2,4,1
"E1","E1:CN","E1:CN:M","E1:CN:M:1","2017-06-28",0,23,0,0,4
"E1","E1:CN","E1:CN:M","E1:CN:M:2","2017-06-28",10,3,2,1,0
"E1","E1:CN","E1:CN:M","E1:CN:M:2","2017-06-28",10,13,0,0,1
"E1","E1:CN","E1:CN:M","E1:CN:M:2","2017-06-28",10,23,3,4,3
"E1","E1:CN","E1:CN:M","E1:CN:M:3","2017-06-28",10,3,0,2,1
"E1","E1:CN","E1:CN:M","E1:CN:M:3","2017-06-28",10,13,1,2,0
"E1","E1:CN","E1:CN:M","E1:CN:M:3","2017-06-28",10,23,0,0,1
"E1","E1:CN","E1:CN:N","E1:CN:N:1","2017-06-28",1,3,1,2,0
"E1","E1:CN","E1:CN:N","E1:CN:N:1","2017-06-28",1,13,1,4,1
"E1","E1:CN","E1:CN:N","E1:CN:N:1","2017-06-28",1,23,4,6,0
"E1","E1:CN","E1:CN:N","E1:CN:N:2","2017-06-28",6,3,0,6,3
"E1","E1:CN","E1:CN:N","E1:CN:N:2","2017-06-28",6,13,1,8,6
"E1","E1:CN","E1:CN:N","E1:CN:N:2","2017-06-28",6,23,0,1,1
"E1","E1:CN","E1:CN:N","E1:CN:N:3","2017-06-28",2,3,1,5,2
"E1","E1:CN","E1:CN:N","E1:CN:N:3","2017-06-28",2,13,1,4,3
"E1","E1:CN","E1:CN:N","E1:CN:N:3","2017-06-28",2,23,0,0,2
"E1","E1:CN","E1:CN:S","E1:CN:S:1","2017-06-28",6,3,3,1,0
"E1","E1:CN","E1:CN:S","E1:CN:S:1","2017-06-28",6,13,0,1,0
"E1","E1:CN","E1:CN:S","E1:CN:S:1","2017-06-28",6,23,0,1,1
"E1","E1:CN","E1:CN:S","E1:CN:S:2","2017-06-28",14,3,2,6,3
"E1","E1:CN","E1:CN:S","E1:CN:S:2","2017-06-28",14,13,1,3,0
"E1","E1:CN","E1:CN:S","E1:CN:S:2","2017-06-28",14,23,4,2,3
"E1","E1:CN","E1:CN:S","E1:CN:S:3","2017-06-28",11,3,3,0,2
"E1","E1:CN","E1:CN:S","E1:CN:S:3","2017-06-28",11,13,16,3,0
"E1","E1:CN","E1:CN:S","E1:CN:S:3","2017-06-28",11,23,0,1,1
"E1","E1:EG","E1:EG:M","E1:EG:M:1","2017-07-11",16,3,0,2,1
"E1","E1:EG","E1:EG:M","E1:EG:M:1","2017-07-11",16,13,1,3,1
"E1","E1:EG","E1:EG:M","E1:EG:M:1","2017-07-11",16,23,1,2,0
"E1","E1:EG","E1:EG:M","E1:EG:M:2","2017-07-11",20,3,0,2,4
"E1","E1:EG","E1:EG:M","E1:EG:M:2","2017-07-11",20,13,1,3,2
"E1","E1:EG","E1:EG:M","E1:EG:M:2","2017-07-11",20,23,0,3,0
"E1","E1:EG","E1:EG:M","E1:EG:M:3","2017-07-11",40,3,2,4,2
"E1","E1:EG","E1:EG:M","E1:EG:M:3","2017-07-11",40,13,1,8,1
"E1","E1:EG","E1:EG:M","E1:EG:M:3","2017-07-11",40,23,0,1,0
"E1","E1:EG","E1:EG:N","E1:EG:N:1","2017-07-10",20,3,0,1,0
"E1","E1:EG","E1:EG:N","E1:EG:N:1","2017-07-10",20,13,1,4,1
"E1","E1:EG","E1:EG:N","E1:EG:N:1","2017-07-10",20,23,0,0,0
"E1","E1:EG","E1:EG:N","E1:EG:N:2","2017-07-10",30,3,2,3,1
"E1","E1:EG","E1:EG:N","E1:EG:N:2","2017-07-10",30,13,5,4,1
"E1","E1:EG","E1:EG:N","E1:EG:N:2","2017-07-10",30,23,2,5,0
"E1","E1:EG","E1:EG:N","E1:EG:N:3","2017-07-10",46,3,1,1,1
"E1","E1:EG","E1:EG:N","E1:EG:N:3","2017-07-10",46,13,5,4,1
"E1","E1:EG","E1:EG:N","E1:EG:N:3","2017-07-10",46,23,0,0,0
"E1","E1:EG","E1:EG:S","E1:EG:S:1","2017-07-11",19,3,0,3,2
"E1","E1:EG","E1:EG:S","E1:EG:S:1","2017-07-11",19,13,1,2,5
"E1","E1:EG","E1:EG:S","E1:EG:S:1","2017-07-11",19,23,0,3,0
"E1","E1:EG","E1:EG:S","E1:EG:S:2","2017-07-11",16,3,3,3,4
"E1","E1:EG","E1:EG:S","E1:EG:S:2","2017-07-11",16,13,0,1,0
"E1","E1:EG","E1:EG:S","E1:EG:S:2","2017-07-11",16,23,0,0,0
"E1","E1:EG","E1:EG:S","E1:EG:S:3","2017-07-11",30,3,3,1,0
"E1","E1:EG","E1:EG:S","E1:EG:S:3","2017-07-11",30,13,4,6,0
"E1","E1:EG","E1:EG:S","E1:EG:S:3","2017-07-11",30,23,2,4,0
"E1","E1:EH","E1:EH:M","E1:EH:M:1","2017-07-04",4,3,2,4,3
"E1","E1:EH","E1:EH:M","E1:EH:M:1","2017-07-04",4,13,0,1,0
"E1","E1:EH","E1:EH:M","E1:EH:M:1","2017-07-04",4,23,0,4,2
"E1","E1:EH","E1:EH:M","E1:EH:M:2","2017-07-04",3,3,2,2,0
"E1","E1:EH","E1:EH:M","E1:EH:M:2","2017-07-04",3,13,4,0,0
"E1","E1:EH","E1:EH:M","E1:EH:M:2","2017-07-04",3,23,0,0,2
"E1","E1:EH","E1:EH:M","E1:EH:M:3","2017-07-04",15,3,0,0,0
"E1","E1:EH","E1:EH:M","E1:EH:M:3","2017-07-04",15,13,1,3,0
"E1","E1:EH","E1:EH:M","E1:EH:M:3","2017-07-04",15,23,0,0,1
"E1","E1:EH","E1:EH:N","E1:EH:N:1","2017-07-04",10,3,0,0,1
"E1","E1:EH","E1:EH:N","E1:EH:N:1","2017-07-04",10,13,0,0,0
"E1","E1:EH","E1:EH:N","E1:EH:N:1","2017-07-04",10,23,0,0,0
"E1","E1:EH","E1:EH:N","E1:EH:N:2","2017-07-04",7,3,7,4,5
"E1","E1:EH","E1:EH:N","E1:EH:N:2","2017-07-04",7,13,1,1,0
"E1","E1:EH","E1:EH:N","E1:EH:N:2","2017-07-04",7,23,2,2,3
"E1","E1:EH","E1:EH:N","E1:EH:N:3","2017-07-04",6,3,0,1,0
"E1","E1:EH","E1:EH:N","E1:EH:N:3","2017-07-04",6,13,1,3,1
"E1","E1:EH","E1:EH:N","E1:EH:N:3","2017-07-04",6,23,0,0,1
"E1","E1:EH","E1:EH:S","E1:EH:S:1","2017-07-04",9,3,0,4,2
"E1","E1:EH","E1:EH:S","E1:EH:S:1","2017-07-04",9,13,3,2,3
"E1","E1:EH","E1:EH:S","E1:EH:S:1","2017-07-04",9,23,0,8,6
"E1","E1:EH","E1:EH:S","E1:EH:S:2","2017-07-04",10,3,1,3,5
"E1","E1:EH","E1:EH:S","E1:EH:S:2","2017-07-04",10,13,6,11,3
"E1","E1:EH","E1:EH:S","E1:EH:S:2","2017-07-04",10,23,0,2,2
"E1","E1:EH","E1:EH:S","E1:EH:S:3","2017-07-04",21,3,1,0,1
"E1","E1:EH","E1:EH:S","E1:EH:S:3","2017-07-04",21,13,0,2,0
"E1","E1:EH","E1:EH:S","E1:EH:S:3","2017-07-04",21,23,0,1,0
"E1","E1:EN","E1:EN:M","E1:EN:M:1","2017-06-28",5,3,2,1,0
"E1","E1:EN","E1:EN:M","E1:EN:M:1","2017-06-28",5,13,3,2,2
"E1","E1:EN","E1:EN:M","E1:EN:M:1","2017-06-28",5,23,7,2,0
"E1","E1:EN","E1:EN:M","E1:EN:M:2","2017-06-28",14,3,3,6,1
"E1","E1:EN","E1:EN:M","E1:EN:M:2","2017-06-28",14,13,4,0,0
"E1","E1:EN","E1:EN:M","E1:EN:M:2","2017-06-28",14,23,0,0,0
"E1","E1:EN","E1:EN:M","E1:EN:M:3","2017-06-28",21,3,0,4,4
"E1","E1:EN","E1:EN:M","E1:EN:M:3","2017-06-28",21,13,1,6,1
"E1","E1:EN","E1:EN:M","E1:EN:M:3","2017-06-28",21,23,4,28,6
"E1","E1:EN","E1:EN:N","E1:EN:N:1","2017-06-28",4,3,2,3,0
"E1","E1:EN","E1:EN:N","E1:EN:N:1","2017-06-28",4,13,3,3,0
"E1","E1:EN","E1:EN:N","E1:EN:N:1","2017-06-28",4,23,0,5,1
"E1","E1:EN","E1:EN:N","E1:EN:N:2","2017-06-28",13,3,6,4,1
"E1","E1:EN","E1:EN:N","E1:EN:N:2","2017-06-28",13,13,0,1,0
"E1","E1:EN","E1:EN:N","E1:EN:N:2","2017-06-28",13,23,5,5,5
"E1","E1:EN","E1:EN:N","E1:EN:N:3","2017-06-28",25,3,1,2,3
"E1","E1:EN","E1:EN:N","E1:EN:N:3","2017-06-28",25,13,1,8,3
"E1","E1:EN","E1:EN:N","E1:EN:N:3","2017-06-28",25,23,4,4,2
"E1","E1:EN","E1:EN:S","E1:EN:S:1","2017-06-28",8,3,4,7,6
"E1","E1:EN","E1:EN:S","E1:EN:S:1","2017-06-28",8,13,2,1,0
"E1","E1:EN","E1:EN:S","E1:EN:S:1","2017-06-28",8,23,0,2,3
"E1","E1:EN","E1:EN:S","E1:EN:S:2","2017-06-28",15,3,1,14,0
"E1","E1:EN","E1:EN:S","E1:EN:S:2","2017-06-28",15,13,1,3,0
"E1","E1:EN","E1:EN:S","E1:EN:S:2","2017-06-28",15,23,2,0,0
"E1","E1:EN","E1:EN:S","E1:EN:S:3","2017-06-28",17,3,0,0,0
"E1","E1:EN","E1:EN:S","E1:EN:S:3","2017-06-28",17,13,0,0,0
"E1","E1:EN","E1:EN:S","E1:EN:S:3","2017-06-28",17,23,0,1,1
"E2","E2:CG","E2:CG:S","E2:CG:S:1","2017-07-05",12,3,0,2,1
"E2","E2:CG","E2:CG:S","E2:CG:S:1","2017-07-05",12,13,0,1,0
"E2","E2:CG","E2:CG:S","E2:CG:S:1","2017-07-05",12,23,0,0,1
"E2","E2:CG","E2:CG:S","E2:CG:S:2","2017-07-05",15,3,0,0,0
"E2","E2:CG","E2:CG:S","E2:CG:S:2","2017-07-05",15,13,3,0,0
"E2","E2:CG","E2:CG:S","E2:CG:S:2","2017-07-05",15,23,1,1,0
"E2","E2:CG","E2:CG:S","E2:CG:S:3","2017-07-05",17,3,1,0,0
"E2","E2:CG","E2:CG:S","E2:CG:S:3","2017-07-05",17,13,2,5,1
"E2","E2:CG","E2:CG:S","E2:CG:S:3","2017-07-05",17,23,2,7,1
"E2","E2:CG","E2:CG:M","E2:CG:M:1","2017-07-05",9,3,2,3,0
"E2","E2:CG","E2:CG:M","E2:CG:M:1","2017-07-05",9,13,0,0,0
"E2","E2:CG","E2:CG:M","E2:CG:M:1","2017-07-05",9,23,0,0,1
"E2","E2:CG","E2:CG:M","E2:CG:M:2","2017-07-05",NA,3,0,2,1
"E2","E2:CG","E2:CG:M","E2:CG:M:2","2017-07-05",NA,13,0,1,1
"E2","E2:CG","E2:CG:M","E2:CG:M:2","2017-07-05",NA,23,0,1,1
"E2","E2:CG","E2:CG:M","E2:CG:M:3","2017-07-05",19,3,0,1,4
"E2","E2:CG","E2:CG:M","E2:CG:M:3","2017-07-05",19,13,1,1,2
"E2","E2:CG","E2:CG:M","E2:CG:M:3","2017-07-05",19,23,2,1,2
"E2","E2:CG","E2:CG:N","E2:CG:N:1","2017-07-05",2,3,0,2,0
"E2","E2:CG","E2:CG:N","E2:CG:N:1","2017-07-05",2,13,1,2,1
"E2","E2:CG","E2:CG:N","E2:CG:N:1","2017-07-05",2,23,3,5,1
"E2","E2:CG","E2:CG:N","E2:CG:N:2","2017-07-05",1,3,0,3,1
"E2","E2:CG","E2:CG:N","E2:CG:N:2","2017-07-05",1,13,0,4,2
"E2","E2:CG","E2:CG:N","E2:CG:N:2","2017-07-05",1,23,0,0,2
"E2","E2:CG","E2:CG:N","E2:CG:N:3","2017-07-05",18,3,1,4,0
"E2","E2:CG","E2:CG:N","E2:CG:N:3","2017-07-05",18,13,1,1,0
"E2","E2:CG","E2:CG:N","E2:CG:N:3","2017-07-05",18,23,2,3,0
"E2","E2:CH","E2:CH:M","E2:CH:M:1","2017-07-05",3,3,1,0,0
"E2","E2:CH","E2:CH:M","E2:CH:M:1","2017-07-05",3,13,5,3,0
"E2","E2:CH","E2:CH:M","E2:CH:M:1","2017-07-05",3,23,0,4,9
"E2","E2:CH","E2:CH:M","E2:CH:M:2","2017-07-05",11,3,1,2,1
"E2","E2:CH","E2:CH:M","E2:CH:M:2","2017-07-05",11,13,3,3,1
"E2","E2:CH","E2:CH:M","E2:CH:M:2","2017-07-05",11,23,3,0,0
"E2","E2:CH","E2:CH:M","E2:CH:M:3","2017-07-05",8,3,4,0,3
"E2","E2:CH","E2:CH:M","E2:CH:M:3","2017-07-05",8,13,2,4,0
"E2","E2:CH","E2:CH:M","E2:CH:M:3","2017-07-05",8,23,0,0,0
"E2","E2:CH","E2:CH:N","E2:CH:N:1","2017-07-05",2,3,1,3,2
"E2","E2:CH","E2:CH:N","E2:CH:N:1","2017-07-05",2,13,7,5,22
"E2","E2:CH","E2:CH:N","E2:CH:N:1","2017-07-05",2,23,2,4,0
"E2","E2:CH","E2:CH:N","E2:CH:N:2","2017-07-05",6,3,0,2,1
"E2","E2:CH","E2:CH:N","E2:CH:N:2","2017-07-05",6,13,1,7,5
"E2","E2:CH","E2:CH:N","E2:CH:N:2","2017-07-05",6,23,0,1,1
"E2","E2:CH","E2:CH:N","E2:CH:N:3","2017-07-05",12,3,3,3,0
"E2","E2:CH","E2:CH:N","E2:CH:N:3","2017-07-05",12,13,4,2,1
"E2","E2:CH","E2:CH:N","E2:CH:N:3","2017-07-05",12,23,2,1,3
"E2","E2:CH","E2:CH:S","E2:CH:S:1","2017-07-05",7,3,2,1,0
"E2","E2:CH","E2:CH:S","E2:CH:S:1","2017-07-05",7,13,0,3,0
"E2","E2:CH","E2:CH:S","E2:CH:S:1","2017-07-05",7,23,0,1,0
"E2","E2:CH","E2:CH:S","E2:CH:S:2","2017-07-05",9,3,0,0,0
"E2","E2:CH","E2:CH:S","E2:CH:S:2","2017-07-05",9,13,1,3,4
"E2","E2:CH","E2:CH:S","E2:CH:S:2","2017-07-05",9,23,4,4,3
"E2","E2:CH","E2:CH:S","E2:CH:S:3","2017-07-05",10,3,0,1,2
"E2","E2:CH","E2:CH:S","E2:CH:S:3","2017-07-05",10,13,0,0,0
"E2","E2:CH","E2:CH:S","E2:CH:S:3","2017-07-05",10,23,2,0,0
"E2","E2:CN","E2:CN:M","E2:CN:M:1","2017-07-20",5,3,1,4,1
"E2","E2:CN","E2:CN:M","E2:CN:M:1","2017-07-20",5,13,2,6,3
"E2","E2:CN","E2:CN:M","E2:CN:M:1","2017-07-20",5,23,1,0,1
"E2","E2:CN","E2:CN:M","E2:CN:M:2","2017-07-20",14,3,0,2,0
"E2","E2:CN","E2:CN:M","E2:CN:M:2","2017-07-20",14,13,2,2,0
"E2","E2:CN","E2:CN:M","E2:CN:M:2","2017-07-20",14,23,0,1,0
"E2","E2:CN","E2:CN:M","E2:CN:M:3","2017-07-20",36,3,0,1,0
"E2","E2:CN","E2:CN:M","E2:CN:M:3","2017-07-20",36,13,5,3,2
"E2","E2:CN","E2:CN:M","E2:CN:M:3","2017-07-20",36,23,0,5,1
"E2","E2:CN","E2:CN:N","E2:CN:N:1","2017-07-10",14,3,1,0,0
"E2","E2:CN","E2:CN:N","E2:CN:N:1","2017-07-10",14,13,0,0,0
"E2","E2:CN","E2:CN:N","E2:CN:N:1","2017-07-10",14,23,0,0,0
"E2","E2:CN","E2:CN:N","E2:CN:N:2","2017-07-10",25,3,0,3,0
"E2","E2:CN","E2:CN:N","E2:CN:N:2","2017-07-10",25,13,1,2,1
"E2","E2:CN","E2:CN:N","E2:CN:N:2","2017-07-10",25,23,1,3,1
"E2","E2:CN","E2:CN:N","E2:CN:N:3","2017-07-10",40,3,0,0,0
"E2","E2:CN","E2:CN:N","E2:CN:N:3","2017-07-10",40,13,1,1,0
"E2","E2:CN","E2:CN:N","E2:CN:N:3","2017-07-10",40,23,0,2,0
"E2","E2:CN","E2:CN:S","E2:CN:S:1","2017-07-10",3,3,4,2,0
"E2","E2:CN","E2:CN:S","E2:CN:S:1","2017-07-10",3,13,1,5,0
"E2","E2:CN","E2:CN:S","E2:CN:S:1","2017-07-10",3,23,5,2,0
"E2","E2:CN","E2:CN:S","E2:CN:S:2","2017-07-10",13,3,0,0,1
"E2","E2:CN","E2:CN:S","E2:CN:S:2","2017-07-10",13,13,2,1,0
"E2","E2:CN","E2:CN:S","E2:CN:S:2","2017-07-10",13,23,0,1,1
"E2","E2:CN","E2:CN:S","E2:CN:S:3","2017-07-10",36,3,0,3,0
"E2","E2:CN","E2:CN:S","E2:CN:S:3","2017-07-10",36,13,0,0,0
"E2","E2:CN","E2:CN:S","E2:CN:S:3","2017-07-10",36,23,0,2,0
"E2","E2:EG","E2:EG:M","E2:EG:M:1","2017-07-07",0,3,1,4,2
"E2","E2:EG","E2:EG:M","E2:EG:M:1","2017-07-07",0,13,1,2,0
"E2","E2:EG","E2:EG:M","E2:EG:M:1","2017-07-07",0,23,1,2,0
"E2","E2:EG","E2:EG:M","E2:EG:M:2","2017-07-07",0,3,0,4,0
"E2","E2:EG","E2:EG:M","E2:EG:M:2","2017-07-07",0,13,1,0,0
"E2","E2:EG","E2:EG:M","E2:EG:M:2","2017-07-07",0,23,0,4,1
"E2","E2:EG","E2:EG:M","E2:EG:M:3","2017-07-07",10,3,2,1,1
"E2","E2:EG","E2:EG:M","E2:EG:M:3","2017-07-07",10,13,0,5,2
"E2","E2:EG","E2:EG:M","E2:EG:M:3","2017-07-07",10,23,0,1,0
"E2","E2:EG","E2:EG:N","E2:EG:N:1","2017-07-07",1,3,0,0,0
"E2","E2:EG","E2:EG:N","E2:EG:N:1","2017-07-07",1,13,1,9,8
"E2","E2:EG","E2:EG:N","E2:EG:N:1","2017-07-07",1,23,5,4,2
"E2","E2:EG","E2:EG:N","E2:EG:N:2","2017-07-07",1,3,1,8,4
"E2","E2:EG","E2:EG:N","E2:EG:N:2","2017-07-07",1,13,1,2,2
"E2","E2:EG","E2:EG:N","E2:EG:N:2","2017-07-07",1,23,6,3,3
"E2","E2:EG","E2:EG:N","E2:EG:N:3","2017-07-07",16,3,1,1,1
"E2","E2:EG","E2:EG:N","E2:EG:N:3","2017-07-07",16,13,2,2,2
"E2","E2:EG","E2:EG:N","E2:EG:N:3","2017-07-07",16,23,0,3,0
"E2","E2:EG","E2:EG:S","E2:EG:S:1","2017-07-07",0,3,4,3,1
"E2","E2:EG","E2:EG:S","E2:EG:S:1","2017-07-07",0,13,1,6,1
"E2","E2:EG","E2:EG:S","E2:EG:S:1","2017-07-07",0,23,1,1,1
"E2","E2:EG","E2:EG:S","E2:EG:S:2","2017-07-07",4,3,5,2,1
"E2","E2:EG","E2:EG:S","E2:EG:S:2","2017-07-07",4,13,3,6,0
"E2","E2:EG","E2:EG:S","E2:EG:S:2","2017-07-07",4,23,3,2,1
"E2","E2:EG","E2:EG:S","E2:EG:S:3","2017-07-07",8,3,1,4,3
"E2","E2:EG","E2:EG:S","E2:EG:S:3","2017-07-07",8,13,1,2,2
"E2","E2:EG","E2:EG:S","E2:EG:S:3","2017-07-07",8,23,0,3,1
"E2","E2:EH","E2:EH:M","E2:EH:M:1","2017-07-06",10,3,3,3,2
"E2","E2:EH","E2:EH:M","E2:EH:M:1","2017-07-06",10,13,0,3,0
"E2","E2:EH","E2:EH:M","E2:EH:M:1","2017-07-06",10,23,0,1,2
"E2","E2:EH","E2:EH:M","E2:EH:M:2","2017-07-06",13,3,2,2,1
"E2","E2:EH","E2:EH:M","E2:EH:M:2","2017-07-06",13,13,4,2,2
"E2","E2:EH","E2:EH:M","E2:EH:M:2","2017-07-06",13,23,2,3,0
"E2","E2:EH","E2:EH:M","E2:EH:M:3","2017-07-06",29,3,2,1,1
"E2","E2:EH","E2:EH:M","E2:EH:M:3","2017-07-06",29,13,4,6,1
"E2","E2:EH","E2:EH:M","E2:EH:M:3","2017-07-06",29,23,4,11,1
"E2","E2:EH","E2:EH:N","E2:EH:N:1","2017-07-06",12,3,0,0,4
"E2","E2:EH","E2:EH:N","E2:EH:N:1","2017-07-06",12,13,0,3,2
"E2","E2:EH","E2:EH:N","E2:EH:N:1","2017-07-06",12,23,0,0,0
"E2","E2:EH","E2:EH:N","E2:EH:N:2","2017-07-06",17,3,3,4,0
"E2","E2:EH","E2:EH:N","E2:EH:N:2","2017-07-06",17,13,2,5,1
"E2","E2:EH","E2:EH:N","E2:EH:N:2","2017-07-06",17,23,1,1,0
"E2","E2:EH","E2:EH:N","E2:EH:N:3","2017-07-06",26,3,0,1,0
"E2","E2:EH","E2:EH:N","E2:EH:N:3","2017-07-06",26,13,2,0,0
"E2","E2:EH","E2:EH:N","E2:EH:N:3","2017-07-06",26,23,0,0,4
"E2","E2:EH","E2:EH:S","E2:EH:S:1","2017-07-06",15,3,1,0,2
"E2","E2:EH","E2:EH:S","E2:EH:S:1","2017-07-06",15,13,0,3,5
"E2","E2:EH","E2:EH:S","E2:EH:S:1","2017-07-06",15,23,2,4,0
"E2","E2:EH","E2:EH:S","E2:EH:S:2","2017-07-06",4,3,2,1,1
"E2","E2:EH","E2:EH:S","E2:EH:S:2","2017-07-06",4,13,0,2,1
"E2","E2:EH","E2:EH:S","E2:EH:S:2","2017-07-06",4,23,4,6,0
"E2","E2:EH","E2:EH:S","E2:EH:S:3","2017-07-06",24,3,0,5,1
"E2","E2:EH","E2:EH:S","E2:EH:S:3","2017-07-06",24,13,6,7,2
"E2","E2:EH","E2:EH:S","E2:EH:S:3","2017-07-06",24,23,1,0,3
"E2","E2:EN","E2:EN:N","E2:EN:N:1","2017-07-06",16,3,2,4,0
"E2","E2:EN","E2:EN:N","E2:EN:N:1","2017-07-06",16,13,1,3,1
"E2","E2:EN","E2:EN:N","E2:EN:N:1","2017-07-06",16,23,0,0,0
"E2","E2:EN","E2:EN:N","E2:EN:N:2","2017-07-06",16,3,3,4,1
"E2","E2:EN","E2:EN:N","E2:EN:N:2","2017-07-06",16,13,3,6,1
"E2","E2:EN","E2:EN:N","E2:EN:N:2","2017-07-06",16,23,0,0,0
"E2","E2:EN","E2:EN:N","E2:EN:N:3","2017-07-06",12,3,5,12,2
"E2","E2:EN","E2:EN:N","E2:EN:N:3","2017-07-06",12,13,1,0,1
"E2","E2:EN","E2:EN:N","E2:EN:N:3","2017-07-06",12,23,0,5,0
"E2","E2:EN","E2:EN:M","E2:EN:M:1","2017-07-06",20,3,1,3,4
"E2","E2:EN","E2:EN:M","E2:EN:M:1","2017-07-06",20,13,0,2,1
"E2","E2:EN","E2:EN:M","E2:EN:M:1","2017-07-06",20,23,0,3,1
"E2","E2:EN","E2:EN:M","E2:EN:M:2","2017-07-06",0,3,0,0,2
"E2","E2:EN","E2:EN:M","E2:EN:M:2","2017-07-06",0,13,0,2,2
"E2","E2:EN","E2:EN:M","E2:EN:M:2","2017-07-06",0,23,0,1,1
"E2","E2:EN","E2:EN:M","E2:EN:M:3","2017-07-06",20,3,0,0,0
"E2","E2:EN","E2:EN:M","E2:EN:M:3","2017-07-06",20,13,0,0,2
"E2","E2:EN","E2:EN:M","E2:EN:M:3","2017-07-06",20,23,0,3,0
"E2","E2:EN","E2:EN:S","E2:EN:S:1","2017-07-06",18,3,2,2,3
"E2","E2:EN","E2:EN:S","E2:EN:S:1","2017-07-06",18,13,2,2,1
"E2","E2:EN","E2:EN:S","E2:EN:S:1","2017-07-06",18,23,4,8,1
"E2","E2:EN","E2:EN:S","E2:EN:S:2","2017-07-06",1,3,0,0,0
"E2","E2:EN","E2:EN:S","E2:EN:S:2","2017-07-06",1,13,0,1,2
"E2","E2:EN","E2:EN:S","E2:EN:S:2","2017-07-06",1,23,3,3,3
"E2","E2:EN","E2:EN:S","E2:EN:S:3","2017-07-06",23,3,0,3,3
"E2","E2:EN","E2:EN:S","E2:EN:S:3","2017-07-06",23,13,0,2,1
"E2","E2:EN","E2:EN:S","E2:EN:S:3","2017-07-06",23,23,0,0,2
"E3","E3:CG","E3:CG:M","E3:CG:M:1","2017-07-18",10,3,0,0,0
"E3","E3:CG","E3:CG:M","E3:CG:M:1","2017-07-18",10,13,4,1,1
"E3","E3:CG","E3:CG:M","E3:CG:M:1","2017-07-18",10,23,3,3,0
"E3","E3:CG","E3:CG:M","E3:CG:M:2","2017-07-18",10,3,2,5,1
"E3","E3:CG","E3:CG:M","E3:CG:M:2","2017-07-18",10,13,1,4,2
"E3","E3:CG","E3:CG:M","E3:CG:M:2","2017-07-18",10,23,3,1,2
"E3","E3:CG","E3:CG:M","E3:CG:M:3","2017-07-18",9,3,0,3,1
"E3","E3:CG","E3:CG:M","E3:CG:M:3","2017-07-18",9,13,0,6,0
"E3","E3:CG","E3:CG:M","E3:CG:M:3","2017-07-18",9,23,0,0,0
"E3","E3:CG","E3:CG:N","E3:CG:N:1","2017-07-18",12,3,4,0,0
"E3","E3:CG","E3:CG:N","E3:CG:N:1","2017-07-18",12,13,2,3,1
"E3","E3:CG","E3:CG:N","E3:CG:N:1","2017-07-18",12,23,4,4,0
"E3","E3:CG","E3:CG:N","E3:CG:N:2","2017-07-18",9,3,11,10,3
"E3","E3:CG","E3:CG:N","E3:CG:N:2","2017-07-18",9,13,5,3,0
"E3","E3:CG","E3:CG:N","E3:CG:N:2","2017-07-18",9,23,3,0,2
"E3","E3:CG","E3:CG:N","E3:CG:N:3","2017-07-18",14,3,2,2,1
"E3","E3:CG","E3:CG:N","E3:CG:N:3","2017-07-18",14,13,2,1,0
"E3","E3:CG","E3:CG:N","E3:CG:N:3","2017-07-18",14,23,4,2,0
"E3","E3:CG","E3:CG:S","E3:CG:S:1","2017-07-18",7,3,0,0,4
"E3","E3:CG","E3:CG:S","E3:CG:S:1","2017-07-18",7,13,0,0,3
"E3","E3:CG","E3:CG:S","E3:CG:S:1","2017-07-18",7,23,0,1,0
"E3","E3:CG","E3:CG:S","E3:CG:S:2","2017-07-18",8,3,0,0,0
"E3","E3:CG","E3:CG:S","E3:CG:S:2","2017-07-18",8,13,0,0,0
"E3","E3:CG","E3:CG:S","E3:CG:S:2","2017-07-18",8,23,0,0,1
"E3","E3:CG","E3:CG:S","E3:CG:S:3","2017-07-18",11,3,2,10,2
"E3","E3:CG","E3:CG:S","E3:CG:S:3","2017-07-18",11,13,2,0,0
"E3","E3:CG","E3:CG:S","E3:CG:S:3","2017-07-18",11,23,0,6,0
"E3","E3:CH","E3:CH:M","E3:CH:M:1","2017-07-19",5,3,1,2,0
"E3","E3:CH","E3:CH:M","E3:CH:M:1","2017-07-19",5,13,0,2,1
"E3","E3:CH","E3:CH:M","E3:CH:M:1","2017-07-19",5,23,0,1,2
"E3","E3:CH","E3:CH:M","E3:CH:M:2","2017-07-19",8,3,0,0,3
"E3","E3:CH","E3:CH:M","E3:CH:M:2","2017-07-19",8,13,0,0,0
"E3","E3:CH","E3:CH:M","E3:CH:M:2","2017-07-19",8,23,0,1,0
"E3","E3:CH","E3:CH:M","E3:CH:M:3","2017-07-19",13,3,0,0,0
"E3","E3:CH","E3:CH:M","E3:CH:M:3","2017-07-19",13,13,0,3,2
"E3","E3:CH","E3:CH:M","E3:CH:M:3","2017-07-19",13,23,0,0,0
"E3","E3:CH","E3:CH:N","E3:CH:N:1","2017-07-19",9,3,0,0,3
"E3","E3:CH","E3:CH:N","E3:CH:N:1","2017-07-19",9,13,1,3,3
"E3","E3:CH","E3:CH:N","E3:CH:N:1","2017-07-19",9,23,0,3,0
"E3","E3:CH","E3:CH:N","E3:CH:N:2","2017-07-19",10,3,1,5,3
"E3","E3:CH","E3:CH:N","E3:CH:N:2","2017-07-19",10,13,2,5,6
"E3","E3:CH","E3:CH:N","E3:CH:N:2","2017-07-19",10,23,1,2,0
"E3","E3:CH","E3:CH:N","E3:CH:N:3","2017-07-19",19,3,0,0,0
"E3","E3:CH","E3:CH:N","E3:CH:N:3","2017-07-19",19,13,4,1,0
"E3","E3:CH","E3:CH:N","E3:CH:N:3","2017-07-19",19,23,4,4,2
"E3","E3:CH","E3:CH:S","E3:CH:S:1","2017-07-19",11,3,0,3,4
"E3","E3:CH","E3:CH:S","E3:CH:S:1","2017-07-19",11,13,0,2,0
"E3","E3:CH","E3:CH:S","E3:CH:S:1","2017-07-19",11,23,1,1,0
"E3","E3:CH","E3:CH:S","E3:CH:S:2","2017-07-19",13,3,0,1,0
"E3","E3:CH","E3:CH:S","E3:CH:S:2","2017-07-19",13,13,0,0,0
"E3","E3:CH","E3:CH:S","E3:CH:S:2","2017-07-19",13,23,0,1,0
"E3","E3:CH","E3:CH:S","E3:CH:S:3","2017-07-19",10,3,0,0,0
"E3","E3:CH","E3:CH:S","E3:CH:S:3","2017-07-19",10,13,0,1,0
"E3","E3:CH","E3:CH:S","E3:CH:S:3","2017-07-19",10,23,4,2,0
"E3","E3:CN","E3:CN:M","E3:CN:M:1","2017-07-18",13,3,4,9,0
"E3","E3:CN","E3:CN:M","E3:CN:M:1","2017-07-18",13,13,11,4,0
"E3","E3:CN","E3:CN:M","E3:CN:M:1","2017-07-18",13,23,4,0,0
"E3","E3:CN","E3:CN:M","E3:CN:M:2","2017-07-18",13,3,0,0,1
"E3","E3:CN","E3:CN:M","E3:CN:M:2","2017-07-18",13,13,0,3,4
"E3","E3:CN","E3:CN:M","E3:CN:M:2","2017-07-18",13,23,1,1,2
"E3","E3:CN","E3:CN:M","E3:CN:M:3","2017-07-18",11,3,0,1,0
"E3","E3:CN","E3:CN:M","E3:CN:M:3","2017-07-18",11,13,0,1,0
"E3","E3:CN","E3:CN:M","E3:CN:M:3","2017-07-18",11,23,0,3,4
"E3","E3:CN","E3:CN:N","E3:CN:N:1","2017-07-18",12,3,0,3,1
"E3","E3:CN","E3:CN:N","E3:CN:N:1","2017-07-18",12,13,1,0,0
"E3","E3:CN","E3:CN:N","E3:CN:N:1","2017-07-18",12,23,0,0,0
"E3","E3:CN","E3:CN:N","E3:CN:N:2","2017-07-18",13,3,0,2,0
"E3","E3:CN","E3:CN:N","E3:CN:N:2","2017-07-18",13,13,0,2,0
"E3","E3:CN","E3:CN:N","E3:CN:N:2","2017-07-18",13,23,0,1,0
"E3","E3:CN","E3:CN:N","E3:CN:N:3","2017-07-18",12,3,1,1,1
"E3","E3:CN","E3:CN:N","E3:CN:N:3","2017-07-18",12,13,0,2,0
"E3","E3:CN","E3:CN:N","E3:CN:N:3","2017-07-18",12,23,0,0,1
"E3","E3:CN","E3:CN:S","E3:CN:S:1","2007-07-18",12,3,0,1,3
"E3","E3:CN","E3:CN:S","E3:CN:S:1","2007-07-18",12,13,0,8,3
"E3","E3:CN","E3:CN:S","E3:CN:S:1","2007-07-18",12,23,0,1,0
"E3","E3:CN","E3:CN:S","E3:CN:S:2","2007-07-18",11,3,4,9,1
"E3","E3:CN","E3:CN:S","E3:CN:S:2","2007-07-18",11,13,4,1,1
"E3","E3:CN","E3:CN:S","E3:CN:S:2","2007-07-18",11,23,1,2,0
"E3","E3:CN","E3:CN:S","E3:CN:S:3","2007-07-18",15,3,0,2,3
"E3","E3:CN","E3:CN:S","E3:CN:S:3","2007-07-18",15,13,0,1,0
"E3","E3:CN","E3:CN:S","E3:CN:S:3","2007-07-18",15,23,0,0,1
"E3","E3:EG","E3:EG:M","E3:EG:M:1","2017-07-19",12,3,8,6,0
"E3","E3:EG","E3:EG:M","E3:EG:M:1","2017-07-19",12,13,2,3,0
"E3","E3:EG","E3:EG:M","E3:EG:M:1","2017-07-19",12,23,1,1,0
"E3","E3:EG","E3:EG:M","E3:EG:M:2","2017-07-19",11,3,9,8,0
"E3","E3:EG","E3:EG:M","E3:EG:M:2","2017-07-19",11,13,2,4,1
"E3","E3:EG","E3:EG:M","E3:EG:M:2","2017-07-19",11,23,2,1,0
"E3","E3:EG","E3:EG:M","E3:EG:M:3","2017-07-19",12,3,0,2,8
"E3","E3:EG","E3:EG:M","E3:EG:M:3","2017-07-19",12,13,3,8,2
"E3","E3:EG","E3:EG:M","E3:EG:M:3","2017-07-19",12,23,0,1,0
"E3","E3:EG","E3:EG:N","E3:EG:N:1","2017-07-19",15,3,1,0,0
"E3","E3:EG","E3:EG:N","E3:EG:N:1","2017-07-19",15,13,1,4,1
"E3","E3:EG","E3:EG:N","E3:EG:N:1","2017-07-19",15,23,0,0,1
"E3","E3:EG","E3:EG:N","E3:EG:N:2","2017-07-19",11,3,0,0,0
"E3","E3:EG","E3:EG:N","E3:EG:N:2","2017-07-19",11,13,0,7,1
"E3","E3:EG","E3:EG:N","E3:EG:N:2","2017-07-19",11,23,0,1,0
"E3","E3:EG","E3:EG:N","E3:EG:N:3","2017-07-19",14,3,0,2,0
"E3","E3:EG","E3:EG:N","E3:EG:N:3","2017-07-19",14,13,2,0,0
"E3","E3:EG","E3:EG:N","E3:EG:N:3","2017-07-19",14,23,0,0,0
"E3","E3:EG","E3:EG:S","E3:EG:S:1","2017-07-17",10,3,1,1,1
"E3","E3:EG","E3:EG:S","E3:EG:S:1","2017-07-17",10,13,1,0,5
"E3","E3:EG","E3:EG:S","E3:EG:S:1","2017-07-17",10,23,0,5,10
"E3","E3:EG","E3:EG:S","E3:EG:S:2","2017-07-17",15,3,1,2,0
"E3","E3:EG","E3:EG:S","E3:EG:S:2","2017-07-17",15,13,3,3,1
"E3","E3:EG","E3:EG:S","E3:EG:S:2","2017-07-17",15,23,0,3,2
"E3","E3:EG","E3:EG:S","E3:EG:S:3","2017-07-17",11,3,0,1,3
"E3","E3:EG","E3:EG:S","E3:EG:S:3","2017-07-17",11,13,0,3,6
"E3","E3:EG","E3:EG:S","E3:EG:S:3","2017-07-17",11,23,0,1,0
"E3","E3:EH","E3:EH:M","E3:EH:M:1","2017-07-18",15,3,6,8,0
"E3","E3:EH","E3:EH:M","E3:EH:M:1","2017-07-18",15,13,1,2,1
"E3","E3:EH","E3:EH:M","E3:EH:M:1","2017-07-18",15,23,1,3,0
"E3","E3:EH","E3:EH:M","E3:EH:M:2","2017-07-18",16,3,0,0,1
"E3","E3:EH","E3:EH:M","E3:EH:M:2","2017-07-18",16,13,2,4,2
"E3","E3:EH","E3:EH:M","E3:EH:M:2","2017-07-18",16,23,0,1,1
"E3","E3:EH","E3:EH:M","E3:EH:M:3","2017-07-18",17,3,2,0,0
"E3","E3:EH","E3:EH:M","E3:EH:M:3","2017-07-18",17,13,0,0,0
"E3","E3:EH","E3:EH:M","E3:EH:M:3","2017-07-18",17,23,0,0,0
"E3","E3:EH","E3:EH:N","E3:EH:N:1","2017-07-18",14,3,0,0,0
"E3","E3:EH","E3:EH:N","E3:EH:N:1","2017-07-18",14,13,1,2,0
"E3","E3:EH","E3:EH:N","E3:EH:N:1","2017-07-18",14,23,0,0,0
"E3","E3:EH","E3:EH:N","E3:EH:N:2","2017-07-18",16,3,0,3,1
"E3","E3:EH","E3:EH:N","E3:EH:N:2","2017-07-18",16,13,0,0,0
"E3","E3:EH","E3:EH:N","E3:EH:N:2","2017-07-18",16,23,0,5,4
"E3","E3:EH","E3:EH:N","E3:EH:N:3","2017-07-18",13,3,0,0,0
"E3","E3:EH","E3:EH:N","E3:EH:N:3","2017-07-18",13,13,0,0,0
"E3","E3:EH","E3:EH:N","E3:EH:N:3","2017-07-18",13,23,5,4,3
"E3","E3:EH","E3:EH:S","E3:EH:S:1","2017-07-18",9,3,2,1,0
"E3","E3:EH","E3:EH:S","E3:EH:S:1","2017-07-18",9,13,2,3,0
"E3","E3:EH","E3:EH:S","E3:EH:S:1","2017-07-18",9,23,4,4,0
"E3","E3:EH","E3:EH:S","E3:EH:S:2","2017-07-18",19,3,3,0,0
"E3","E3:EH","E3:EH:S","E3:EH:S:2","2017-07-18",19,13,1,6,0
"E3","E3:EH","E3:EH:S","E3:EH:S:2","2017-07-18",19,23,3,1,0
"E3","E3:EH","E3:EH:S","E3:EH:S:3","2017-07-18",16,3,0,1,0
"E3","E3:EH","E3:EH:S","E3:EH:S:3","2017-07-18",16,13,0,1,0
"E3","E3:EH","E3:EH:S","E3:EH:S:3","2017-07-18",16,23,0,0,0
"E3","E3:EN","E3:EN:M","E3:EN:M:1","2017-07-19",4,3,5,6,0
"E3","E3:EN","E3:EN:M","E3:EN:M:1","2017-07-19",4,13,3,9,1
"E3","E3:EN","E3:EN:M","E3:EN:M:1","2017-07-19",4,23,0,2,0
"E3","E3:EN","E3:EN:M","E3:EN:M:2","2017-07-19",10,3,0,3,1
"E3","E3:EN","E3:EN:M","E3:EN:M:2","2017-07-19",10,13,0,8,4
"E3","E3:EN","E3:EN:M","E3:EN:M:2","2017-07-19",10,23,2,5,2
"E3","E3:EN","E3:EN:M","E3:EN:M:3","2017-07-19",12,3,0,4,0
"E3","E3:EN","E3:EN:M","E3:EN:M:3","2017-07-19",12,13,0,0,2
"E3","E3:EN","E3:EN:M","E3:EN:M:3","2017-07-19",12,23,2,2,1
"E3","E3:EN","E3:EN:N","E3:EN:N:1","2017-07-19",9,3,0,3,0
"E3","E3:EN","E3:EN:N","E3:EN:N:1","2017-07-19",9,13,0,1,0
"E3","E3:EN","E3:EN:N","E3:EN:N:1","2017-07-19",9,23,0,3,0
"E3","E3:EN","E3:EN:N","E3:EN:N:2","2017-07-19",10,3,0,9,0
"E3","E3:EN","E3:EN:N","E3:EN:N:2","2017-07-19",10,13,2,2,1
"E3","E3:EN","E3:EN:N","E3:EN:N:2","2017-07-19",10,23,4,6,0
"E3","E3:EN","E3:EN:N","E3:EN:N:3","2017-07-19",14,3,2,4,3
"E3","E3:EN","E3:EN:N","E3:EN:N:3","2017-07-19",14,13,0,0,0
"E3","E3:EN","E3:EN:N","E3:EN:N:3","2017-07-19",14,23,1,7,2
"E3","E3:EN","E3:EN:S","E3:EN:S:1","2017-07-19",2,3,3,4,1
"E3","E3:EN","E3:EN:S","E3:EN:S:1","2017-07-19",2,13,1,2,0
"E3","E3:EN","E3:EN:S","E3:EN:S:1","2017-07-19",2,23,1,2,1
"E3","E3:EN","E3:EN:S","E3:EN:S:2","2017-07-19",8,3,0,1,2
"E3","E3:EN","E3:EN:S","E3:EN:S:2","2017-07-19",8,13,0,2,0
"E3","E3:EN","E3:EN:S","E3:EN:S:2","2017-07-19",8,23,0,4,0
"E3","E3:EN","E3:EN:S","E3:EN:S:3","2017-07-19",12,3,1,3,1
"E3","E3:EN","E3:EN:S","E3:EN:S:3","2017-07-19",12,13,3,8,0
"E3","E3:EN","E3:EN:S","E3:EN:S:3","2017-07-19",12,23,7,3,0
"E4","E4:CG","E4:CG:M","E4:CG:M:1","2018-05-30",3,3,3,10,2
"E4","E4:CG","E4:CG:M","E4:CG:M:1","2018-05-30",3,13,9,16,2
"E4","E4:CG","E4:CG:M","E4:CG:M:1","2018-05-30",3,23,2,6,2
"E4","E4:CG","E4:CG:M","E4:CG:M:2","2018-05-30",5,3,4,4,0
"E4","E4:CG","E4:CG:M","E4:CG:M:2","2018-05-30",5,13,2,4,7
"E4","E4:CG","E4:CG:M","E4:CG:M:2","2018-05-30",5,23,2,0,0
"E4","E4:CG","E4:CG:M","E4:CG:M:3","2018-05-30",10,3,1,8,3
"E4","E4:CG","E4:CG:M","E4:CG:M:3","2018-05-30",10,13,8,2,0
"E4","E4:CG","E4:CG:M","E4:CG:M:3","2018-05-30",10,23,7,18,5
"E4","E4:CG","E4:CG:N","E4:CG:N:1","2018-05-30",5,3,9,3,4
"E4","E4:CG","E4:CG:N","E4:CG:N:1","2018-05-30",5,13,13,5,7
"E4","E4:CG","E4:CG:N","E4:CG:N:1","2018-05-30",5,23,4,6,3
"E4","E4:CG","E4:CG:N","E4:CG:N:2","2018-05-30",10,3,5,7,1
"E4","E4:CG","E4:CG:N","E4:CG:N:2","2018-05-30",10,13,2,4,0
"E4","E4:CG","E4:CG:N","E4:CG:N:2","2018-05-30",10,23,7,1,1
"E4","E4:CG","E4:CG:N","E4:CG:N:3","2018-05-30",3,3,1,1,1
"E4","E4:CG","E4:CG:N","E4:CG:N:3","2018-05-30",3,13,3,1,3
"E4","E4:CG","E4:CG:N","E4:CG:N:3","2018-05-30",3,23,4,2,4
"E4","E4:CG","E4:CG:S","E4:CG:S:1","2018-08-30",3,3,9,17,4
"E4","E4:CG","E4:CG:S","E4:CG:S:1","2018-08-30",3,13,0,4,1
"E4","E4:CG","E4:CG:S","E4:CG:S:1","2018-08-30",3,23,14,12,3
"E4","E4:CG","E4:CG:S","E4:CG:S:2","2018-08-30",4,3,3,3,2
"E4","E4:CG","E4:CG:S","E4:CG:S:2","2018-08-30",4,13,8,5,12
"E4","E4:CG","E4:CG:S","E4:CG:S:2","2018-08-30",4,23,5,14,16
"E4","E4:CG","E4:CG:S","E4:CG:S:3","2018-08-30",11,3,8,2,0
"E4","E4:CG","E4:CG:S","E4:CG:S:3","2018-08-30",11,13,6,1,0
"E4","E4:CG","E4:CG:S","E4:CG:S:3","2018-08-30",11,23,9,12,2
"E4","E4:CH","E4:CH:M","E4:CH:M:1","2018-05-29",NA,3,0,1,0
"E4","E4:CH","E4:CH:M","E4:CH:M:1","2018-05-29",NA,13,3,3,0
"E4","E4:CH","E4:CH:M","E4:CH:M:1","2018-05-29",NA,23,3,4,2
"E4","E4:CH","E4:CH:M","E4:CH:M:2","2018-05-29",12,3,3,5,0
"E4","E4:CH","E4:CH:M","E4:CH:M:2","2018-05-29",12,13,10,12,4
"E4","E4:CH","E4:CH:M","E4:CH:M:2","2018-05-29",12,23,0,2,1
"E4","E4:CH","E4:CH:M","E4:CH:M:3","2018-05-29",6,3,1,4,1
"E4","E4:CH","E4:CH:M","E4:CH:M:3","2018-05-29",6,13,6,12,7
"E4","E4:CH","E4:CH:M","E4:CH:M:3","2018-05-29",6,23,1,5,2
"E4","E4:CH","E4:CH:N","E4:CH:N:1","2018-05-29",3,3,6,10,3
"E4","E4:CH","E4:CH:N","E4:CH:N:1","2018-05-29",3,13,4,4,0
"E4","E4:CH","E4:CH:N","E4:CH:N:1","2018-05-29",3,23,3,3,0
"E4","E4:CH","E4:CH:N","E4:CH:N:2","2018-05-29",8,3,1,1,1
"E4","E4:CH","E4:CH:N","E4:CH:N:2","2018-05-29",8,13,0,3,1
"E4","E4:CH","E4:CH:N","E4:CH:N:2","2018-05-29",8,23,4,13,2
"E4","E4:CH","E4:CH:N","E4:CH:N:3","2018-05-29",10,3,5,2,0
"E4","E4:CH","E4:CH:N","E4:CH:N:3","2018-05-29",10,13,9,17,8
"E4","E4:CH","E4:CH:N","E4:CH:N:3","2018-05-29",10,23,0,3,0
"E4","E4:CH","E4:CH:S","E4:CH:S:1","2018-05-29",6,3,2,5,4
"E4","E4:CH","E4:CH:S","E4:CH:S:1","2018-05-29",6,13,1,6,14
"E4","E4:CH","E4:CH:S","E4:CH:S:1","2018-05-29",6,23,2,2,1
"E4","E4:CH","E4:CH:S","E4:CH:S:2","2018-05-29",7,3,1,2,0
"E4","E4:CH","E4:CH:S","E4:CH:S:2","2018-05-29",7,13,1,1,0
"E4","E4:CH","E4:CH:S","E4:CH:S:2","2018-05-29",7,23,1,5,4
"E4","E4:CH","E4:CH:S","E4:CH:S:3","2018-05-29",6,3,4,0,2
"E4","E4:CH","E4:CH:S","E4:CH:S:3","2018-05-29",6,13,0,1,8
"E4","E4:CH","E4:CH:S","E4:CH:S:3","2018-05-29",6,23,0,1,2
"E4","E4:CN","E4:CN:M","E4:CN:M:1","2018-05-30",NA,3,3,1,0
"E4","E4:CN","E4:CN:M","E4:CN:M:1","2018-05-30",NA,13,0,4,2
"E4","E4:CN","E4:CN:M","E4:CN:M:1","2018-05-30",NA,23,5,0,0
"E4","E4:CN","E4:CN:M","E4:CN:M:2","2018-05-30",2,3,0,0,2
"E4","E4:CN","E4:CN:M","E4:CN:M:2","2018-05-30",2,13,3,12,1
"E4","E4:CN","E4:CN:M","E4:CN:M:2","2018-05-30",2,23,0,0,1
"E4","E4:CN","E4:CN:M","E4:CN:M:3","2018-05-30",14,3,1,14,8
"E4","E4:CN","E4:CN:M","E4:CN:M:3","2018-05-30",14,13,15,10,0
"E4","E4:CN","E4:CN:M","E4:CN:M:3","2018-05-30",14,23,6,4,3
"E4","E4:CN","E4:CN:N","E4:CN:N:1","2018-05-30",3,3,6,7,4
"E4","E4:CN","E4:CN:N","E4:CN:N:1","2018-05-30",3,13,2,6,3
"E4","E4:CN","E4:CN:N","E4:CN:N:1","2018-05-30",3,23,3,6,2
"E4","E4:CN","E4:CN:N","E4:CN:N:2","2018-05-30",6,3,0,4,0
"E4","E4:CN","E4:CN:N","E4:CN:N:2","2018-05-30",6,13,0,0,0
"E4","E4:CN","E4:CN:N","E4:CN:N:2","2018-05-30",6,23,1,7,5
"E4","E4:CN","E4:CN:N","E4:CN:N:3","2018-05-30",12,3,2,5,1
"E4","E4:CN","E4:CN:N","E4:CN:N:3","2018-05-30",12,13,2,9,1
"E4","E4:CN","E4:CN:N","E4:CN:N:3","2018-05-30",12,23,0,0,2
"E4","E4:CN","E4:CN:S","E4:CN:S:1","2018-05-30",4,3,0,1,5
"E4","E4:CN","E4:CN:S","E4:CN:S:1","2018-05-30",4,13,0,7,2
"E4","E4:CN","E4:CN:S","E4:CN:S:1","2018-05-30",4,23,4,2,0
"E4","E4:CN","E4:CN:S","E4:CN:S:2","2018-05-30",14,3,0,1,1
"E4","E4:CN","E4:CN:S","E4:CN:S:2","2018-05-30",14,13,0,1,0
"E4","E4:CN","E4:CN:S","E4:CN:S:2","2018-05-30",14,23,0,7,6
"E4","E4:CN","E4:CN:S","E4:CN:S:3","2018-05-30",NA,3,0,7,3
"E4","E4:CN","E4:CN:S","E4:CN:S:3","2018-05-30",NA,13,35,7,0
"E4","E4:CN","E4:CN:S","E4:CN:S:3","2018-05-30",NA,23,0,6,3
"E4","E4:EG","E4:EG:M","E4:EG:M:1","2018-05-30",4,3,1,7,0
"E4","E4:EG","E4:EG:M","E4:EG:M:1","2018-05-30",4,13,1,2,0
"E4","E4:EG","E4:EG:M","E4:EG:M:1","2018-05-30",4,23,4,13,2
"E4","E4:EG","E4:EG:M","E4:EG:M:2","2018-05-30",4,3,5,10,1
"E4","E4:EG","E4:EG:M","E4:EG:M:2","2018-05-30",4,13,0,4,2
"E4","E4:EG","E4:EG:M","E4:EG:M:2","2018-05-30",4,23,4,3,NA
"E4","E4:EG","E4:EG:M","E4:EG:M:3","2018-05-30",5,3,0,5,3
"E4","E4:EG","E4:EG:M","E4:EG:M:3","2018-05-30",5,13,0,2,0
"E4","E4:EG","E4:EG:M","E4:EG:M:3","2018-05-30",5,23,0,7,0
"E4","E4:EG","E4:EG:N","E4:EG:N:1","2018-05-30",2,3,6,8,0
"E4","E4:EG","E4:EG:N","E4:EG:N:1","2018-05-30",2,13,5,3,3
"E4","E4:EG","E4:EG:N","E4:EG:N:1","2018-05-30",2,23,4,8,0
"E4","E4:EG","E4:EG:N","E4:EG:N:2","2018-05-30",6,3,4,3,0
"E4","E4:EG","E4:EG:N","E4:EG:N:2","2018-05-30",6,13,0,4,8
"E4","E4:EG","E4:EG:N","E4:EG:N:2","2018-05-30",6,23,1,1,0
"E4","E4:EG","E4:EG:N","E4:EG:N:3","2018-05-30",2,3,0,0,1
"E4","E4:EG","E4:EG:N","E4:EG:N:3","2018-05-30",2,13,5,5,3
"E4","E4:EG","E4:EG:N","E4:EG:N:3","2018-05-30",2,23,2,9,1
"E4","E4:EG","E4:EG:S","E4:EG:S:1","2018-05-30",10,3,2,2,1
"E4","E4:EG","E4:EG:S","E4:EG:S:1","2018-05-30",10,13,8,12,4
"E4","E4:EG","E4:EG:S","E4:EG:S:1","2018-05-30",10,23,2,9,3
"E4","E4:EG","E4:EG:S","E4:EG:S:2","2018-05-30",6,3,3,1,2
"E4","E4:EG","E4:EG:S","E4:EG:S:2","2018-05-30",6,13,2,4,1
"E4","E4:EG","E4:EG:S","E4:EG:S:2","2018-05-30",6,23,17,14,1
"E4","E4:EG","E4:EG:S","E4:EG:S:3","2018-05-30",12,3,1,1,1
"E4","E4:EG","E4:EG:S","E4:EG:S:3","2018-05-30",12,13,7,5,3
"E4","E4:EG","E4:EG:S","E4:EG:S:3","2018-05-30",12,23,2,2,1
"E4","E4:EH","E4:EH:M","E4:EH:M:1","2018-05-31",7,3,1,3,6
"E4","E4:EH","E4:EH:M","E4:EH:M:1","2018-05-31",7,13,1,8,4
"E4","E4:EH","E4:EH:M","E4:EH:M:1","2018-05-31",7,23,6,3,0
"E4","E4:EH","E4:EH:M","E4:EH:M:2","2018-05-31",NA,3,0,4,3
"E4","E4:EH","E4:EH:M","E4:EH:M:2","2018-05-31",NA,13,2,7,1
"E4","E4:EH","E4:EH:M","E4:EH:M:2","2018-05-31",NA,23,4,4,0
"E4","E4:EH","E4:EH:M","E4:EH:M:3","2018-05-31",15,3,21,8,0
"E4","E4:EH","E4:EH:M","E4:EH:M:3","2018-05-31",15,13,2,8,3
"E4","E4:EH","E4:EH:M","E4:EH:M:3","2018-05-31",15,23,0,2,3
"E4","E4:EH","E4:EH:N","E4:EH:N:1","2018-08-30",9,3,1,9,10
"E4","E4:EH","E4:EH:N","E4:EH:N:1","2018-08-30",9,13,9,7,3
"E4","E4:EH","E4:EH:N","E4:EH:N:1","2018-08-30",9,23,6,6,7
"E4","E4:EH","E4:EH:N","E4:EH:N:2","2018-08-30",4,3,9,16,4
"E4","E4:EH","E4:EH:N","E4:EH:N:2","2018-08-30",4,13,5,9,13
"E4","E4:EH","E4:EH:N","E4:EH:N:2","2018-08-30",4,23,0,1,2
"E4","E4:EH","E4:EH:N","E4:EH:N:3","2018-08-30",3,3,3,7,3
"E4","E4:EH","E4:EH:N","E4:EH:N:3","2018-08-30",3,13,1,8,4
"E4","E4:EH","E4:EH:N","E4:EH:N:3","2018-08-30",3,23,5,10,10
"E4","E4:EH","E4:EH:S","E4:EH:S:1","2018-08-30",12,3,6,9,0
"E4","E4:EH","E4:EH:S","E4:EH:S:1","2018-08-30",12,13,10,4,0
"E4","E4:EH","E4:EH:S","E4:EH:S:1","2018-08-30",12,23,5,4,1
"E4","E4:EH","E4:EH:S","E4:EH:S:2","2018-08-30",11,3,1,3,0
"E4","E4:EH","E4:EH:S","E4:EH:S:2","2018-08-30",11,13,4,5,11
"E4","E4:EH","E4:EH:S","E4:EH:S:2","2018-08-30",11,23,1,2,1
"E4","E4:EH","E4:EH:S","E4:EH:S:3","2018-08-30",10,3,5,3,3
"E4","E4:EH","E4:EH:S","E4:EH:S:3","2018-08-30",10,13,1,3,0
"E4","E4:EH","E4:EH:S","E4:EH:S:3","2018-08-30",10,23,1,1,3
"E4","E4:EN","E4:EN:M","E4:EN:M:1","2018-05-31",13,3,11,11,4
"E4","E4:EN","E4:EN:M","E4:EN:M:1","2018-05-31",13,13,8,7,4
"E4","E4:EN","E4:EN:M","E4:EN:M:1","2018-05-31",13,23,3,7,2
"E4","E4:EN","E4:EN:M","E4:EN:M:2","2018-05-31",23,3,2,0,1
"E4","E4:EN","E4:EN:M","E4:EN:M:2","2018-05-31",23,13,10,4,10
"E4","E4:EN","E4:EN:M","E4:EN:M:2","2018-05-31",23,23,5,4,1
"E4","E4:EN","E4:EN:M","E4:EN:M:3","2018-05-31",17,3,4,2,4
"E4","E4:EN","E4:EN:M","E4:EN:M:3","2018-05-31",17,13,2,5,2
"E4","E4:EN","E4:EN:M","E4:EN:M:3","2018-05-31",17,23,13,9,2
"E4","E4:EN","E4:EN:N","E4:EN:N:1","2018-05-31",11,3,1,0,1
"E4","E4:EN","E4:EN:N","E4:EN:N:1","2018-05-31",11,13,0,1,1
"E4","E4:EN","E4:EN:N","E4:EN:N:1","2018-05-31",11,23,0,2,4
"E4","E4:EN","E4:EN:N","E4:EN:N:2","2018-05-31",8,3,4,11,0
"E4","E4:EN","E4:EN:N","E4:EN:N:2","2018-05-31",8,13,4,19,3
"E4","E4:EN","E4:EN:N","E4:EN:N:2","2018-05-31",8,23,9,8,1
"E4","E4:EN","E4:EN:N","E4:EN:N:3","2018-05-31",8,3,3,12,1
"E4","E4:EN","E4:EN:N","E4:EN:N:3","2018-05-31",8,13,0,5,1
"E4","E4:EN","E4:EN:N","E4:EN:N:3","2018-05-31",8,23,3,3,0
"E4","E4:EN","E4:EN:S","E4:EN:S:1","2018-05-31",7,3,3,9,6
"E4","E4:EN","E4:EN:S","E4:EN:S:1","2018-05-31",7,13,3,5,0
"E4","E4:EN","E4:EN:S","E4:EN:S:1","2018-05-31",7,23,4,15,2
"E4","E4:EN","E4:EN:S","E4:EN:S:2","2018-05-31",15,3,1,7,0
"E4","E4:EN","E4:EN:S","E4:EN:S:2","2018-05-31",15,13,1,6,2
"E4","E4:EN","E4:EN:S","E4:EN:S:2","2018-05-31",15,23,1,3,0
"E4","E4:EN","E4:EN:S","E4:EN:S:3","2018-05-31",12,3,4,1,4
"E4","E4:EN","E4:EN:S","E4:EN:S:3","2018-05-31",12,13,1,6,8
"E4","E4:EN","E4:EN:S","E4:EN:S:3","2018-05-31",12,23,2,12,1
"E5","E5:CG","E5:CG:M","E5:CG:M:1","2018-05-25",6,3,5,4,6
"E5","E5:CG","E5:CG:M","E5:CG:M:1","2018-05-25",6,13,16,10,11
"E5","E5:CG","E5:CG:M","E5:CG:M:1","2018-05-25",6,23,4,3,1
"E5","E5:CG","E5:CG:M","E5:CG:M:2","2018-05-25",16,3,1,11,2
"E5","E5:CG","E5:CG:M","E5:CG:M:2","2018-05-25",16,13,1,9,5
"E5","E5:CG","E5:CG:M","E5:CG:M:2","2018-05-25",16,23,0,1,5
"E5","E5:CG","E5:CG:M","E5:CG:M:3","2018-05-25",10,3,7,4,3
"E5","E5:CG","E5:CG:M","E5:CG:M:3","2018-05-25",10,13,0,1,1
"E5","E5:CG","E5:CG:M","E5:CG:M:3","2018-05-25",10,23,18,16,23
"E5","E5:CG","E5:CG:N","E5:CG:N:1","2018-05-25",2,3,1,5,2
"E5","E5:CG","E5:CG:N","E5:CG:N:1","2018-05-25",2,13,7,0,3
"E5","E5:CG","E5:CG:N","E5:CG:N:1","2018-05-25",2,23,13,12,3
"E5","E5:CG","E5:CG:N","E5:CG:N:2","2018-05-25",12,3,0,2,4
"E5","E5:CG","E5:CG:N","E5:CG:N:2","2018-05-25",12,13,3,10,0
"E5","E5:CG","E5:CG:N","E5:CG:N:2","2018-05-25",12,23,1,1,0
"E5","E5:CG","E5:CG:N","E5:CG:N:3","2018-05-25",14,3,2,2,4
"E5","E5:CG","E5:CG:N","E5:CG:N:3","2018-05-25",14,13,23,17,9
"E5","E5:CG","E5:CG:N","E5:CG:N:3","2018-05-25",14,23,7,3,5
"E5","E5:CG","E5:CG:S","E5:CG:S:1","2018-05-25",12,3,2,3,0
"E5","E5:CG","E5:CG:S","E5:CG:S:1","2018-05-25",12,13,2,7,3
"E5","E5:CG","E5:CG:S","E5:CG:S:1","2018-05-25",12,23,0,14,9
"E5","E5:CG","E5:CG:S","E5:CG:S:2","2018-05-25",8,3,3,6,6
"E5","E5:CG","E5:CG:S","E5:CG:S:2","2018-05-25",8,13,1,15,1
"E5","E5:CG","E5:CG:S","E5:CG:S:2","2018-05-25",8,23,0,6,3
"E5","E5:CG","E5:CG:S","E5:CG:S:3","2018-05-25",NA,3,0,2,1
"E5","E5:CG","E5:CG:S","E5:CG:S:3","2018-05-25",NA,13,2,5,3
"E5","E5:CG","E5:CG:S","E5:CG:S:3","2018-05-25",NA,23,3,7,6
"E5","E5:CH","E5:CH:M","E5:CH:M:1","2017-06-24",8,3,0,6,8
"E5","E5:CH","E5:CH:M","E5:CH:M:1","2017-06-24",8,13,12,6,8
"E5","E5:CH","E5:CH:M","E5:CH:M:1","2017-06-24",8,23,3,3,6
"E5","E5:CH","E5:CH:M","E5:CH:M:2","2017-06-24",19,3,6,3,2
"E5","E5:CH","E5:CH:M","E5:CH:M:2","2017-06-24",19,13,0,6,4
"E5","E5:CH","E5:CH:M","E5:CH:M:2","2017-06-24",19,23,0,2,1
"E5","E5:CH","E5:CH:M","E5:CH:M:3","2017-06-24",12,3,3,9,1
"E5","E5:CH","E5:CH:M","E5:CH:M:3","2017-06-24",12,13,5,7,4
"E5","E5:CH","E5:CH:M","E5:CH:M:3","2017-06-24",12,23,5,3,4
"E5","E5:CH","E5:CH:N","E5:CH:N:1","2018-05-26",17,3,4,2,0
"E5","E5:CH","E5:CH:N","E5:CH:N:1","2018-05-26",17,13,1,3,3
"E5","E5:CH","E5:CH:N","E5:CH:N:1","2018-05-26",17,23,2,2,1
"E5","E5:CH","E5:CH:N","E5:CH:N:2","2018-05-26",12,3,2,4,4
"E5","E5:CH","E5:CH:N","E5:CH:N:2","2018-05-26",12,13,0,4,7
"E5","E5:CH","E5:CH:N","E5:CH:N:2","2018-05-26",12,23,4,5,1
"E5","E5:CH","E5:CH:N","E5:CH:N:3","2018-05-26",18,3,4,7,0
"E5","E5:CH","E5:CH:N","E5:CH:N:3","2018-05-26",18,13,8,4,3
"E5","E5:CH","E5:CH:N","E5:CH:N:3","2018-05-26",18,23,5,5,2
"E5","E5:CH","E5:CH:S","E5:CH:S:1","2018-05-24",7,3,2,3,4
"E5","E5:CH","E5:CH:S","E5:CH:S:1","2018-05-24",7,13,7,4,0
"E5","E5:CH","E5:CH:S","E5:CH:S:1","2018-05-24",7,23,8,2,0
"E5","E5:CH","E5:CH:S","E5:CH:S:2","2018-05-24",20,3,2,5,1
"E5","E5:CH","E5:CH:S","E5:CH:S:2","2018-05-24",20,13,1,5,2
"E5","E5:CH","E5:CH:S","E5:CH:S:2","2018-05-24",20,23,1,4,3
"E5","E5:CH","E5:CH:S","E5:CH:S:3","2018-05-24",5,3,3,5,3
"E5","E5:CH","E5:CH:S","E5:CH:S:3","2018-05-24",5,13,1,4,7
"E5","E5:CH","E5:CH:S","E5:CH:S:3","2018-05-24",5,23,3,2,1
"E5","E5:CN","E5:CN:M","E5:CN:M:1","2018-05-29",3,3,12,3,0
"E5","E5:CN","E5:CN:M","E5:CN:M:1","2018-05-29",3,13,9,0,2
"E5","E5:CN","E5:CN:M","E5:CN:M:1","2018-05-29",3,23,0,3,0
"E5","E5:CN","E5:CN:M","E5:CN:M:2","2018-05-29",12,3,4,1,0
"E5","E5:CN","E5:CN:M","E5:CN:M:2","2018-05-29",12,13,0,11,2
"E5","E5:CN","E5:CN:M","E5:CN:M:2","2018-05-29",12,23,0,2,0
"E5","E5:CN","E5:CN:M","E5:CN:M:3","2018-05-29",3,3,1,11,3
"E5","E5:CN","E5:CN:M","E5:CN:M:3","2018-05-29",3,13,1,15,3
"E5","E5:CN","E5:CN:M","E5:CN:M:3","2018-05-29",3,23,0,10,1
"E5","E5:CN","E5:CN:N","E5:CN:N:1","2018-05-29",2,3,7,3,0
"E5","E5:CN","E5:CN:N","E5:CN:N:1","2018-05-29",2,13,19,6,2
"E5","E5:CN","E5:CN:N","E5:CN:N:1","2018-05-29",2,23,6,3,1
"E5","E5:CN","E5:CN:N","E5:CN:N:2","2018-05-29",4,3,1,8,0
"E5","E5:CN","E5:CN:N","E5:CN:N:2","2018-05-29",4,13,0,11,2
"E5","E5:CN","E5:CN:N","E5:CN:N:2","2018-05-29",4,23,0,0,7
"E5","E5:CN","E5:CN:N","E5:CN:N:3","2018-05-29",4,3,0,0,2
"E5","E5:CN","E5:CN:N","E5:CN:N:3","2018-05-29",4,13,5,9,0
"E5","E5:CN","E5:CN:N","E5:CN:N:3","2018-05-29",4,23,1,4,0
"E5","E5:CN","E5:CN:S","E5:CN:S:1","2018-05-29",4,3,4,3,0
"E5","E5:CN","E5:CN:S","E5:CN:S:1","2018-05-29",4,13,0,4,2
"E5","E5:CN","E5:CN:S","E5:CN:S:1","2018-05-29",4,23,4,5,3
"E5","E5:CN","E5:CN:S","E5:CN:S:2","2018-05-29",8,3,3,6,4
"E5","E5:CN","E5:CN:S","E5:CN:S:2","2018-05-29",8,13,3,6,4
"E5","E5:CN","E5:CN:S","E5:CN:S:2","2018-05-29",8,23,6,0,7
"E5","E5:CN","E5:CN:S","E5:CN:S:3","2018-05-29",6,3,5,2,5
"E5","E5:CN","E5:CN:S","E5:CN:S:3","2018-05-29",6,13,0,4,1
"E5","E5:CN","E5:CN:S","E5:CN:S:3","2018-05-29",6,23,0,0,1
"E5","E5:EG","E5:EG:M","E5:EG:M:1","2018-05-28",9,3,2,3,5
"E5","E5:EG","E5:EG:M","E5:EG:M:1","2018-05-28",9,13,0,5,2
"E5","E5:EG","E5:EG:M","E5:EG:M:1","2018-05-28",9,23,0,6,3
"E5","E5:EG","E5:EG:M","E5:EG:M:2","2018-05-28",10,3,18,2,1
"E5","E5:EG","E5:EG:M","E5:EG:M:2","2018-05-28",10,13,32,3,1
"E5","E5:EG","E5:EG:M","E5:EG:M:2","2018-05-28",10,23,20,11,4
"E5","E5:EG","E5:EG:M","E5:EG:M:3","2018-05-28",13,3,6,8,0
"E5","E5:EG","E5:EG:M","E5:EG:M:3","2018-05-28",13,13,1,5,2
"E5","E5:EG","E5:EG:M","E5:EG:M:3","2018-05-28",13,23,0,2,0
"E5","E5:EG","E5:EG:N","E5:EG:N:1","2018-05-28",13,3,0,4,3
"E5","E5:EG","E5:EG:N","E5:EG:N:1","2018-05-28",13,13,2,6,0
"E5","E5:EG","E5:EG:N","E5:EG:N:1","2018-05-28",13,23,0,0,3
"E5","E5:EG","E5:EG:N","E5:EG:N:2","2018-05-28",7,3,0,7,5
"E5","E5:EG","E5:EG:N","E5:EG:N:2","2018-05-28",7,13,0,6,3
"E5","E5:EG","E5:EG:N","E5:EG:N:2","2018-05-28",7,23,4,2,1
"E5","E5:EG","E5:EG:N","E5:EG:N:3","2018-05-28",9,3,5,1,0
"E5","E5:EG","E5:EG:N","E5:EG:N:3","2018-05-28",9,13,8,4,3
"E5","E5:EG","E5:EG:N","E5:EG:N:3","2018-05-28",9,23,0,2,5
"E5","E5:EG","E5:EG:S","E5:EG:S:1","2018-05-28",8,3,3,1,0
"E5","E5:EG","E5:EG:S","E5:EG:S:1","2018-05-28",8,13,6,4,2
"E5","E5:EG","E5:EG:S","E5:EG:S:1","2018-05-28",8,23,1,3,2
"E5","E5:EG","E5:EG:S","E5:EG:S:2","2018-05-28",8,3,9,8,6
"E5","E5:EG","E5:EG:S","E5:EG:S:2","2018-05-28",8,13,13,32,5
"E5","E5:EG","E5:EG:S","E5:EG:S:2","2018-05-28",8,23,4,10,6
"E5","E5:EG","E5:EG:S","E5:EG:S:3","2018-05-28",16,3,0,8,0
"E5","E5:EG","E5:EG:S","E5:EG:S:3","2018-05-28",16,13,2,15,3
"E5","E5:EG","E5:EG:S","E5:EG:S:3","2018-05-28",16,23,4,2,0
"E5","E5:EH","E5:EH:M","E5:EH:M:1","2018-05-24",6,3,3,2,0
"E5","E5:EH","E5:EH:M","E5:EH:M:1","2018-05-24",6,13,0,1,0
"E5","E5:EH","E5:EH:M","E5:EH:M:1","2018-05-24",6,23,6,4,0
"E5","E5:EH","E5:EH:M","E5:EH:M:2","2018-05-24",4,3,0,6,1
"E5","E5:EH","E5:EH:M","E5:EH:M:2","2018-05-24",4,13,4,0,2
"E5","E5:EH","E5:EH:M","E5:EH:M:2","2018-05-24",4,23,7,3,6
"E5","E5:EH","E5:EH:M","E5:EH:M:3","2018-05-24",6,3,1,1,6
"E5","E5:EH","E5:EH:M","E5:EH:M:3","2018-05-24",6,13,4,2,8
"E5","E5:EH","E5:EH:M","E5:EH:M:3","2018-05-24",6,23,0,2,4
"E5","E5:EH","E5:EH:N","E5:EH:N:1","2018-05-24",2,3,16,4,0
"E5","E5:EH","E5:EH:N","E5:EH:N:1","2018-05-24",2,13,4,11,4
"E5","E5:EH","E5:EH:N","E5:EH:N:1","2018-05-24",2,23,3,4,3
"E5","E5:EH","E5:EH:N","E5:EH:N:2","2018-05-24",2,3,5,20,2
"E5","E5:EH","E5:EH:N","E5:EH:N:2","2018-05-24",2,13,0,4,2
"E5","E5:EH","E5:EH:N","E5:EH:N:2","2018-05-24",2,23,5,4,1
"E5","E5:EH","E5:EH:N","E5:EH:N:3","2018-05-24",4,3,1,4,1
"E5","E5:EH","E5:EH:N","E5:EH:N:3","2018-05-24",4,13,3,1,2
"E5","E5:EH","E5:EH:N","E5:EH:N:3","2018-05-24",4,23,0,2,2
"E5","E5:EH","E5:EH:S","E5:EH:S:1","2018-05-26",3,3,14,5,1
"E5","E5:EH","E5:EH:S","E5:EH:S:1","2018-05-26",3,13,8,1,2
"E5","E5:EH","E5:EH:S","E5:EH:S:1","2018-05-26",3,23,28,12,6
"E5","E5:EH","E5:EH:S","E5:EH:S:2","2018-05-26",12,3,24,15,7
"E5","E5:EH","E5:EH:S","E5:EH:S:2","2018-05-26",12,13,20,8,4
"E5","E5:EH","E5:EH:S","E5:EH:S:2","2018-05-26",12,23,23,12,5
"E5","E5:EH","E5:EH:S","E5:EH:S:3","2018-05-26",7,3,21,13,5
"E5","E5:EH","E5:EH:S","E5:EH:S:3","2018-05-26",7,13,16,14,5
"E5","E5:EH","E5:EH:S","E5:EH:S:3","2018-05-26",7,23,15,9,8
"E5","E5:EN","E5:EN:M","E5:EN:M:1","2018-05-28",2,3,2,4,2
"E5","E5:EN","E5:EN:M","E5:EN:M:1","2018-05-28",2,13,1,8,4
"E5","E5:EN","E5:EN:M","E5:EN:M:1","2018-05-28",2,23,0,8,1
"E5","E5:EN","E5:EN:M","E5:EN:M:2","2018-05-28",6,3,3,7,1
"E5","E5:EN","E5:EN:M","E5:EN:M:2","2018-05-28",6,13,1,14,1
"E5","E5:EN","E5:EN:M","E5:EN:M:2","2018-05-28",6,23,1,3,0
"E5","E5:EN","E5:EN:M","E5:EN:M:3","2018-05-28",10,3,0,2,1
"E5","E5:EN","E5:EN:M","E5:EN:M:3","2018-05-28",10,13,2,1,3
"E5","E5:EN","E5:EN:M","E5:EN:M:3","2018-05-28",10,23,12,10,4
"E5","E5:EN","E5:EN:N","E5:EN:N:1","2018-05-28",4,3,13,7,0
"E5","E5:EN","E5:EN:N","E5:EN:N:1","2018-05-28",4,13,4,4,2
"E5","E5:EN","E5:EN:N","E5:EN:N:1","2018-05-28",4,23,8,5,1
"E5","E5:EN","E5:EN:N","E5:EN:N:2","2018-05-28",2,3,4,1,1
"E5","E5:EN","E5:EN:N","E5:EN:N:2","2018-05-28",2,13,3,7,2
"E5","E5:EN","E5:EN:N","E5:EN:N:2","2018-05-28",2,23,17,4,1
"E5","E5:EN","E5:EN:N","E5:EN:N:3","2018-05-28",12,3,2,7,3
"E5","E5:EN","E5:EN:N","E5:EN:N:3","2018-05-28",12,13,3,7,2
"E5","E5:EN","E5:EN:N","E5:EN:N:3","2018-05-28",12,23,3,8,1
"E5","E5:EN","E5:EN:S","E5:EN:S:1","2018-05-28",6,3,8,5,3
"E5","E5:EN","E5:EN:S","E5:EN:S:1","2018-05-28",6,13,15,5,5
"E5","E5:EN","E5:EN:S","E5:EN:S:1","2018-05-28",6,23,4,3,14
"E5","E5:EN","E5:EN:S","E5:EN:S:2","2018-05-28",4,3,1,4,0
"E5","E5:EN","E5:EN:S","E5:EN:S:2","2018-05-28",4,13,3,6,1
"E5","E5:EN","E5:EN:S","E5:EN:S:2","2018-05-28",4,23,3,6,0
"E5","E5:EN","E5:EN:S","E5:EN:S:3","2018-05-28",7,3,4,3,4
"E5","E5:EN","E5:EN:S","E5:EN:S:3","2018-05-28",7,13,0,7,4
"E5","E5:EN","E5:EN:S","E5:EN:S:3","2018-05-28",7,23,4,7,1
