"block","plot","transect","subtransect","location_m","date","litter_cm","duff_cm","fuel_cm"
"E1","E1:CG","E1:CG:M","E1:CG:M:1",3,"2017-06-27",1,0,22
"E1","E1:CG","E1:CG:M","E1:CG:M:1",7,"2017-06-27",2,0,33
"E1","E1:CG","E1:CG:M","E1:CG:M:1",13,"2017-06-27",3,0,20
"E1","E1:CG","E1:CG:M","E1:CG:M:1",17,"2017-06-27",2,0,23
"E1","E1:CG","E1:CG:M","E1:CG:M:1",23,"2017-06-27",3,0,15
"E1","E1:CG","E1:CG:M","E1:CG:M:1",27,"2017-06-27",4,0,15
"E1","E1:CG","E1:CG:M","E1:CG:M:2",3,"2017-06-27",1.5,0,15
"E1","E1:CG","E1:CG:M","E1:CG:M:2",7,"2017-06-27",1.5,0,16
"E1","E1:CG","E1:CG:M","E1:CG:M:2",13,"2017-06-27",3,0,5
"E1","E1:CG","E1:CG:M","E1:CG:M:2",17,"2017-06-27",0,0,1
"E1","E1:CG","E1:CG:M","E1:CG:M:2",23,"2017-06-27",4,0,9
"E1","E1:CG","E1:CG:M","E1:CG:M:2",27,"2017-06-27",6,0,15
"E1","E1:CG","E1:CG:M","E1:CG:M:3",3,"2017-06-27",2,0,6
"E1","E1:CG","E1:CG:M","E1:CG:M:3",7,"2017-06-27",3,0,15
"E1","E1:CG","E1:CG:M","E1:CG:M:3",13,"2017-06-27",3,0,20
"E1","E1:CG","E1:CG:M","E1:CG:M:3",17,"2017-06-27",3,0,15
"E1","E1:CG","E1:CG:M","E1:CG:M:3",23,"2017-06-27",2,0,10
"E1","E1:CG","E1:CG:M","E1:CG:M:3",27,"2017-06-27",3,0,0
"E1","E1:CG","E1:CG:N","E1:CG:N:1",3,"2017-06-27",0.5,0,0.5
"E1","E1:CG","E1:CG:N","E1:CG:N:1",7,"2017-06-27",1,0,1
"E1","E1:CG","E1:CG:N","E1:CG:N:1",13,"2017-06-27",5,0,9
"E1","E1:CG","E1:CG:N","E1:CG:N:1",17,"2017-06-27",4,2,4
"E1","E1:CG","E1:CG:N","E1:CG:N:1",23,"2017-06-27",1,0,1
"E1","E1:CG","E1:CG:N","E1:CG:N:1",27,"2017-06-27",3,0,3
"E1","E1:CG","E1:CG:N","E1:CG:N:2",3,"2017-06-27",3,2,4
"E1","E1:CG","E1:CG:N","E1:CG:N:2",7,"2017-06-27",3.5,0,6
"E1","E1:CG","E1:CG:N","E1:CG:N:2",13,"2017-06-27",2.5,0,8
"E1","E1:CG","E1:CG:N","E1:CG:N:2",17,"2017-06-27",2,0,2
"E1","E1:CG","E1:CG:N","E1:CG:N:2",23,"2017-06-27",1.5,0,11
"E1","E1:CG","E1:CG:N","E1:CG:N:2",27,"2017-06-27",5,0,5
"E1","E1:CG","E1:CG:N","E1:CG:N:3",3,"2017-06-27",0.5,0,4
"E1","E1:CG","E1:CG:N","E1:CG:N:3",7,"2017-06-27",1,0,14
"E1","E1:CG","E1:CG:N","E1:CG:N:3",13,"2017-06-27",0.5,0.5,4
"E1","E1:CG","E1:CG:N","E1:CG:N:3",17,"2017-06-27",0.5,0,14
"E1","E1:CG","E1:CG:N","E1:CG:N:3",23,"2017-06-27",3,0,8
"E1","E1:CG","E1:CG:N","E1:CG:N:3",27,"2017-06-27",2,0,5
"E1","E1:CG","E1:CG:S","E1:CG:S:1",3,"2017-06-27",4,1,4
"E1","E1:CG","E1:CG:S","E1:CG:S:1",7,"2017-06-27",2,0,2
"E1","E1:CG","E1:CG:S","E1:CG:S:1",13,"2017-06-27",1,0,30
"E1","E1:CG","E1:CG:S","E1:CG:S:1",17,"2017-06-27",6,0,10
"E1","E1:CG","E1:CG:S","E1:CG:S:1",23,"2017-06-27",4.5,0,5
"E1","E1:CG","E1:CG:S","E1:CG:S:1",27,"2017-06-27",2,1,2
"E1","E1:CG","E1:CG:S","E1:CG:S:2",3,"2017-06-27",2.5,0,2.5
"E1","E1:CG","E1:CG:S","E1:CG:S:2",7,"2017-06-27",3.5,0,3.5
"E1","E1:CG","E1:CG:S","E1:CG:S:2",13,"2017-06-27",1,0,5
"E1","E1:CG","E1:CG:S","E1:CG:S:2",17,"2017-06-27",4,1,4
"E1","E1:CG","E1:CG:S","E1:CG:S:2",23,"2017-06-27",3,2,5
"E1","E1:CG","E1:CG:S","E1:CG:S:2",27,"2017-06-27",6,0,6
"E1","E1:CG","E1:CG:S","E1:CG:S:3",3,"2017-06-27",5,0,5
"E1","E1:CG","E1:CG:S","E1:CG:S:3",7,"2017-06-27",0,0,0
"E1","E1:CG","E1:CG:S","E1:CG:S:3",13,"2017-06-27",2,1,2
"E1","E1:CG","E1:CG:S","E1:CG:S:3",17,"2017-06-27",2,0,2
"E1","E1:CG","E1:CG:S","E1:CG:S:3",23,"2017-06-27",2.5,0,2.5
"E1","E1:CG","E1:CG:S","E1:CG:S:3",27,"2017-06-27",0.5,0.5,0.5
"E1","E1:CH","E1:CH:M","E1:CH:M:1",3,"2017-06-29",0.5,0,3
"E1","E1:CH","E1:CH:M","E1:CH:M:1",7,"2017-06-29",0,0,5
"E1","E1:CH","E1:CH:M","E1:CH:M:1",13,"2017-06-29",1,0,8
"E1","E1:CH","E1:CH:M","E1:CH:M:1",17,"2017-06-29",1,0.5,9
"E1","E1:CH","E1:CH:M","E1:CH:M:1",23,"2017-06-29",2,0.5,9
"E1","E1:CH","E1:CH:M","E1:CH:M:1",27,"2017-06-29",0.5,0,5
"E1","E1:CH","E1:CH:M","E1:CH:M:2",3,"2017-06-29",3,0,4
"E1","E1:CH","E1:CH:M","E1:CH:M:2",7,"2017-06-29",1,0,3
"E1","E1:CH","E1:CH:M","E1:CH:M:2",13,"2017-06-29",2,0.5,2
"E1","E1:CH","E1:CH:M","E1:CH:M:2",17,"2017-06-29",4,1,4
"E1","E1:CH","E1:CH:M","E1:CH:M:2",23,"2017-06-29",2,0.5,3
"E1","E1:CH","E1:CH:M","E1:CH:M:2",27,"2017-06-29",0,1,0
"E1","E1:CH","E1:CH:M","E1:CH:M:3",3,"2017-06-29",2,0,2
"E1","E1:CH","E1:CH:M","E1:CH:M:3",7,"2017-06-29",1,0,3
"E1","E1:CH","E1:CH:M","E1:CH:M:3",13,"2017-06-29",1,0,9
"E1","E1:CH","E1:CH:M","E1:CH:M:3",17,"2017-06-29",0,0,0
"E1","E1:CH","E1:CH:M","E1:CH:M:3",23,"2017-06-29",0,0,0
"E1","E1:CH","E1:CH:M","E1:CH:M:3",27,"2017-06-29",1,0,1
"E1","E1:CH","E1:CH:N","E1:CH:N:1",3,"2017-06-29",3,0,3
"E1","E1:CH","E1:CH:N","E1:CH:N:1",7,"2017-06-29",1,0,1
"E1","E1:CH","E1:CH:N","E1:CH:N:1",13,"2017-06-29",1,1,1
"E1","E1:CH","E1:CH:N","E1:CH:N:1",17,"2017-06-29",2,1,2
"E1","E1:CH","E1:CH:N","E1:CH:N:1",23,"2017-06-29",1,0,1
"E1","E1:CH","E1:CH:N","E1:CH:N:1",27,"2017-06-29",1,4,1
"E1","E1:CH","E1:CH:N","E1:CH:N:2",3,"2017-06-29",1,0,7
"E1","E1:CH","E1:CH:N","E1:CH:N:2",7,"2017-06-29",1,0,10
"E1","E1:CH","E1:CH:N","E1:CH:N:2",13,"2017-06-29",0.5,0,5
"E1","E1:CH","E1:CH:N","E1:CH:N:2",17,"2017-06-29",0,0,3
"E1","E1:CH","E1:CH:N","E1:CH:N:2",23,"2017-06-29",0,0,3
"E1","E1:CH","E1:CH:N","E1:CH:N:2",27,"2017-06-29",1,0,5
"E1","E1:CH","E1:CH:N","E1:CH:N:3",3,"2017-06-29",0,0,0
"E1","E1:CH","E1:CH:N","E1:CH:N:3",7,"2017-06-29",8,0,8
"E1","E1:CH","E1:CH:N","E1:CH:N:3",13,"2017-06-29",0,0,0
"E1","E1:CH","E1:CH:N","E1:CH:N:3",17,"2017-06-29",2.5,0,2.5
"E1","E1:CH","E1:CH:N","E1:CH:N:3",23,"2017-06-29",1,0,1
"E1","E1:CH","E1:CH:N","E1:CH:N:3",27,"2017-06-29",1.5,0,1.5
"E1","E1:CH","E1:CH:S","E1:CH:S:1",3,"2017-06-29",2,0,5
"E1","E1:CH","E1:CH:S","E1:CH:S:1",7,"2017-06-29",2,0,3
"E1","E1:CH","E1:CH:S","E1:CH:S:1",13,"2017-06-29",1,0,1
"E1","E1:CH","E1:CH:S","E1:CH:S:1",17,"2017-06-29",0.5,0,0.5
"E1","E1:CH","E1:CH:S","E1:CH:S:1",23,"2017-06-29",2.5,0,2.5
"E1","E1:CH","E1:CH:S","E1:CH:S:1",27,"2017-06-29",0.5,0,0.5
"E1","E1:CH","E1:CH:S","E1:CH:S:2",3,"2017-06-29",1,0,1
"E1","E1:CH","E1:CH:S","E1:CH:S:2",7,"2017-06-29",1,0,1
"E1","E1:CH","E1:CH:S","E1:CH:S:2",13,"2017-06-29",2,0.5,4
"E1","E1:CH","E1:CH:S","E1:CH:S:2",17,"2017-06-29",1,0,1
"E1","E1:CH","E1:CH:S","E1:CH:S:2",23,"2017-06-29",1,0,2
"E1","E1:CH","E1:CH:S","E1:CH:S:2",27,"2017-06-29",1,0,2
"E1","E1:CH","E1:CH:S","E1:CH:S:3",3,"2017-06-29",2,0,2
"E1","E1:CH","E1:CH:S","E1:CH:S:3",7,"2017-06-29",0.5,0,0.5
"E1","E1:CH","E1:CH:S","E1:CH:S:3",13,"2017-06-29",2,1,2
"E1","E1:CH","E1:CH:S","E1:CH:S:3",17,"2017-06-29",0.5,0,0.5
"E1","E1:CH","E1:CH:S","E1:CH:S:3",23,"2017-06-29",0.5,0,0.5
"E1","E1:CH","E1:CH:S","E1:CH:S:3",27,"2017-06-29",1,0,1
"E1","E1:CN","E1:CN:M","E1:CN:M:1",3,"2017-06-28",1,0,1
"E1","E1:CN","E1:CN:M","E1:CN:M:1",7,"2017-06-28",1,0,1
"E1","E1:CN","E1:CN:M","E1:CN:M:1",13,"2017-06-28",0,0,0
"E1","E1:CN","E1:CN:M","E1:CN:M:1",17,"2017-06-28",2,1,2
"E1","E1:CN","E1:CN:M","E1:CN:M:1",23,"2017-06-28",3,1,3
"E1","E1:CN","E1:CN:M","E1:CN:M:1",27,"2017-06-28",2,0,2
"E1","E1:CN","E1:CN:M","E1:CN:M:2",3,"2017-06-28",1.5,0.5,9
"E1","E1:CN","E1:CN:M","E1:CN:M:2",7,"2017-06-28",1,0.5,6
"E1","E1:CN","E1:CN:M","E1:CN:M:2",13,"2017-06-28",0.5,0,5
"E1","E1:CN","E1:CN:M","E1:CN:M:2",17,"2017-06-28",0,0,5
"E1","E1:CN","E1:CN:M","E1:CN:M:2",23,"2017-06-28",1,0.5,10
"E1","E1:CN","E1:CN:M","E1:CN:M:2",27,"2017-06-28",0.5,0,6
"E1","E1:CN","E1:CN:M","E1:CN:M:3",3,"2017-06-28",1,3,3
"E1","E1:CN","E1:CN:M","E1:CN:M:3",7,"2017-06-28",1,2,1
"E1","E1:CN","E1:CN:M","E1:CN:M:3",13,"2017-06-28",0.5,0.5,0.5
"E1","E1:CN","E1:CN:M","E1:CN:M:3",17,"2017-06-28",2,0,2
"E1","E1:CN","E1:CN:M","E1:CN:M:3",23,"2017-06-28",1,0,1
"E1","E1:CN","E1:CN:M","E1:CN:M:3",27,"2017-06-28",0.5,0,0.5
"E1","E1:CN","E1:CN:N","E1:CN:N:1",3,"2017-06-28",2,3,2
"E1","E1:CN","E1:CN:N","E1:CN:N:1",7,"2017-06-28",2,5,2
"E1","E1:CN","E1:CN:N","E1:CN:N:1",13,"2017-06-28",6,0,6
"E1","E1:CN","E1:CN:N","E1:CN:N:1",17,"2017-06-28",0.5,1,0.5
"E1","E1:CN","E1:CN:N","E1:CN:N:1",23,"2017-06-28",1,0,1
"E1","E1:CN","E1:CN:N","E1:CN:N:1",27,"2017-06-28",0,0,0
"E1","E1:CN","E1:CN:N","E1:CN:N:2",3,"2017-06-28",0,0,0
"E1","E1:CN","E1:CN:N","E1:CN:N:2",7,"2017-06-28",0,1,0
"E1","E1:CN","E1:CN:N","E1:CN:N:2",13,"2017-06-28",0.5,2.5,0.5
"E1","E1:CN","E1:CN:N","E1:CN:N:2",17,"2017-06-28",1,0,4
"E1","E1:CN","E1:CN:N","E1:CN:N:2",23,"2017-06-28",1,1,1
"E1","E1:CN","E1:CN:N","E1:CN:N:2",27,"2017-06-28",2,0,2
"E1","E1:CN","E1:CN:N","E1:CN:N:3",3,"2017-06-28",1,0.5,1
"E1","E1:CN","E1:CN:N","E1:CN:N:3",7,"2017-06-28",2,1,2
"E1","E1:CN","E1:CN:N","E1:CN:N:3",13,"2017-06-28",1.5,0.5,1.5
"E1","E1:CN","E1:CN:N","E1:CN:N:3",17,"2017-06-28",1.5,1,1.5
"E1","E1:CN","E1:CN:N","E1:CN:N:3",23,"2017-06-28",2,3,2
"E1","E1:CN","E1:CN:N","E1:CN:N:3",27,"2017-06-28",0.5,0.5,0.5
"E1","E1:CN","E1:CN:S","E1:CN:S:1",3,"2017-06-28",0.5,0,5
"E1","E1:CN","E1:CN:S","E1:CN:S:1",7,"2017-06-28",0.5,0,3
"E1","E1:CN","E1:CN:S","E1:CN:S:1",13,"2017-06-28",1,0,5
"E1","E1:CN","E1:CN:S","E1:CN:S:1",17,"2017-06-28",2,0,7
"E1","E1:CN","E1:CN:S","E1:CN:S:1",23,"2017-06-28",1,0,5
"E1","E1:CN","E1:CN:S","E1:CN:S:1",27,"2017-06-28",1,0,5
"E1","E1:CN","E1:CN:S","E1:CN:S:2",3,"2017-06-28",2,0,5.5
"E1","E1:CN","E1:CN:S","E1:CN:S:2",7,"2017-06-28",4,1,9.5
"E1","E1:CN","E1:CN:S","E1:CN:S:2",13,"2017-06-28",2.5,2,4
"E1","E1:CN","E1:CN:S","E1:CN:S:2",17,"2017-06-28",3,0.5,3
"E1","E1:CN","E1:CN:S","E1:CN:S:2",23,"2017-06-28",3,0.5,15
"E1","E1:CN","E1:CN:S","E1:CN:S:2",27,"2017-06-28",7.5,0,14
"E1","E1:CN","E1:CN:S","E1:CN:S:3",3,"2017-06-28",1,0,4
"E1","E1:CN","E1:CN:S","E1:CN:S:3",7,"2017-06-28",1,0,6
"E1","E1:CN","E1:CN:S","E1:CN:S:3",13,"2017-06-28",0.5,0.5,6
"E1","E1:CN","E1:CN:S","E1:CN:S:3",17,"2017-06-28",2.5,0.5,5
"E1","E1:CN","E1:CN:S","E1:CN:S:3",23,"2017-06-28",0.5,0,4
"E1","E1:CN","E1:CN:S","E1:CN:S:3",27,"2017-06-28",2,0,5
"E1","E1:EG","E1:EG:M","E1:EG:M:1",3,"2017-07-11",1,1,1
"E1","E1:EG","E1:EG:M","E1:EG:M:1",7,"2017-07-11",1.5,1,1.5
"E1","E1:EG","E1:EG:M","E1:EG:M:1",13,"2017-07-11",0.5,0,0.5
"E1","E1:EG","E1:EG:M","E1:EG:M:1",17,"2017-07-11",1,0,1
"E1","E1:EG","E1:EG:M","E1:EG:M:1",23,"2017-07-11",0,0,0
"E1","E1:EG","E1:EG:M","E1:EG:M:1",27,"2017-07-11",0,0,0
"E1","E1:EG","E1:EG:M","E1:EG:M:2",3,"2017-07-11",1,3,1
"E1","E1:EG","E1:EG:M","E1:EG:M:2",7,"2017-07-11",2,1,2
"E1","E1:EG","E1:EG:M","E1:EG:M:2",13,"2017-07-11",0,0,2
"E1","E1:EG","E1:EG:M","E1:EG:M:2",17,"2017-07-11",1,2,1
"E1","E1:EG","E1:EG:M","E1:EG:M:2",23,"2017-07-11",0,0,4
"E1","E1:EG","E1:EG:M","E1:EG:M:2",27,"2017-07-11",0,0,0
"E1","E1:EG","E1:EG:M","E1:EG:M:3",3,"2017-07-11",0,0,0
"E1","E1:EG","E1:EG:M","E1:EG:M:3",7,"2017-07-11",0,0,0
"E1","E1:EG","E1:EG:M","E1:EG:M:3",13,"2017-07-11",0.5,0,0.5
"E1","E1:EG","E1:EG:M","E1:EG:M:3",17,"2017-07-11",1,0,1
"E1","E1:EG","E1:EG:M","E1:EG:M:3",23,"2017-07-11",1,0,1
"E1","E1:EG","E1:EG:M","E1:EG:M:3",27,"2017-07-11",0.5,0,0.5
"E1","E1:EG","E1:EG:N","E1:EG:N:1",3,"2017-07-10",1.5,0.5,3
"E1","E1:EG","E1:EG:N","E1:EG:N:1",7,"2017-07-10",1,0,1
"E1","E1:EG","E1:EG:N","E1:EG:N:1",13,"2017-07-10",5,0.5,8
"E1","E1:EG","E1:EG:N","E1:EG:N:1",17,"2017-07-10",1,0,1.5
"E1","E1:EG","E1:EG:N","E1:EG:N:1",23,"2017-07-10",1,0,1
"E1","E1:EG","E1:EG:N","E1:EG:N:1",27,"2017-07-10",1,0,1.5
"E1","E1:EG","E1:EG:N","E1:EG:N:2",3,"2017-07-10",2,1,7
"E1","E1:EG","E1:EG:N","E1:EG:N:2",7,"2017-07-10",1,0,1
"E1","E1:EG","E1:EG:N","E1:EG:N:2",13,"2017-07-10",1.5,0,2
"E1","E1:EG","E1:EG:N","E1:EG:N:2",17,"2017-07-10",1,3,2.5
"E1","E1:EG","E1:EG:N","E1:EG:N:2",23,"2017-07-10",2,6,3
"E1","E1:EG","E1:EG:N","E1:EG:N:2",27,"2017-07-10",1,4,1
"E1","E1:EG","E1:EG:N","E1:EG:N:3",3,"2017-07-10",0,0,0
"E1","E1:EG","E1:EG:N","E1:EG:N:3",7,"2017-07-10",0.5,0,1
"E1","E1:EG","E1:EG:N","E1:EG:N:3",13,"2017-07-10",0,0,0
"E1","E1:EG","E1:EG:N","E1:EG:N:3",17,"2017-07-10",0,0,0
"E1","E1:EG","E1:EG:N","E1:EG:N:3",23,"2017-07-10",0.5,0,1.5
"E1","E1:EG","E1:EG:N","E1:EG:N:3",27,"2017-07-10",0.5,0,0.5
"E1","E1:EG","E1:EG:S","E1:EG:S:1",3,"2017-07-11",0,0,0
"E1","E1:EG","E1:EG:S","E1:EG:S:1",7,"2017-07-11",1.5,0,1.5
"E1","E1:EG","E1:EG:S","E1:EG:S:1",13,"2017-07-11",1,1,1
"E1","E1:EG","E1:EG:S","E1:EG:S:1",17,"2017-07-11",1.5,0,1.5
"E1","E1:EG","E1:EG:S","E1:EG:S:1",23,"2017-07-11",1,0.5,1
"E1","E1:EG","E1:EG:S","E1:EG:S:1",27,"2017-07-11",1,0,1
"E1","E1:EG","E1:EG:S","E1:EG:S:2",3,"2017-07-11",1,0,1
"E1","E1:EG","E1:EG:S","E1:EG:S:2",7,"2017-07-11",1,0.5,1
"E1","E1:EG","E1:EG:S","E1:EG:S:2",13,"2017-07-11",1,0,1
"E1","E1:EG","E1:EG:S","E1:EG:S:2",17,"2017-07-11",0.5,0,1
"E1","E1:EG","E1:EG:S","E1:EG:S:2",23,"2017-07-11",0,0,0
"E1","E1:EG","E1:EG:S","E1:EG:S:2",27,"2017-07-11",2,1,2
"E1","E1:EG","E1:EG:S","E1:EG:S:3",3,"2017-07-11",0,0,0
"E1","E1:EG","E1:EG:S","E1:EG:S:3",7,"2017-07-11",1,0,1
"E1","E1:EG","E1:EG:S","E1:EG:S:3",13,"2017-07-11",2,0,2
"E1","E1:EG","E1:EG:S","E1:EG:S:3",17,"2017-07-11",0,0,0
"E1","E1:EG","E1:EG:S","E1:EG:S:3",23,"2017-07-11",0,0,0
"E1","E1:EG","E1:EG:S","E1:EG:S:3",27,"2017-07-11",1,0,1
"E1","E1:EH","E1:EH:M","E1:EH:M:1",3,"2017-07-04",0,0,5
"E1","E1:EH","E1:EH:M","E1:EH:M:1",7,"2017-07-04",2,2,2
"E1","E1:EH","E1:EH:M","E1:EH:M:1",13,"2017-07-04",1,0,1
"E1","E1:EH","E1:EH:M","E1:EH:M:1",17,"2017-07-04",2,0,2
"E1","E1:EH","E1:EH:M","E1:EH:M:1",23,"2017-07-04",1,0,1
"E1","E1:EH","E1:EH:M","E1:EH:M:1",27,"2017-07-04",2,0,2
"E1","E1:EH","E1:EH:M","E1:EH:M:2",3,"2017-07-04",2,1,2
"E1","E1:EH","E1:EH:M","E1:EH:M:2",7,"2017-07-04",2,0,2
"E1","E1:EH","E1:EH:M","E1:EH:M:2",13,"2017-07-04",3,1,3
"E1","E1:EH","E1:EH:M","E1:EH:M:2",17,"2017-07-04",0,0,0
"E1","E1:EH","E1:EH:M","E1:EH:M:2",23,"2017-07-04",1,0,1
"E1","E1:EH","E1:EH:M","E1:EH:M:2",27,"2017-07-04",2,0,1
"E1","E1:EH","E1:EH:M","E1:EH:M:3",3,"2017-07-04",1.5,0,1.5
"E1","E1:EH","E1:EH:M","E1:EH:M:3",7,"2017-07-04",0.5,0,0.5
"E1","E1:EH","E1:EH:M","E1:EH:M:3",13,"2017-07-04",0.5,0,0.5
"E1","E1:EH","E1:EH:M","E1:EH:M:3",17,"2017-07-04",0,0,0
"E1","E1:EH","E1:EH:M","E1:EH:M:3",23,"2017-07-04",1,0.5,1
"E1","E1:EH","E1:EH:M","E1:EH:M:3",27,"2017-07-04",1,1,1
"E1","E1:EH","E1:EH:N","E1:EH:N:1",3,"2017-07-04",1,0.5,7
"E1","E1:EH","E1:EH:N","E1:EH:N:1",7,"2017-07-04",0.5,0,3
"E1","E1:EH","E1:EH:N","E1:EH:N:1",13,"2017-07-04",0.5,0,3
"E1","E1:EH","E1:EH:N","E1:EH:N:1",17,"2017-07-04",1,0,7
"E1","E1:EH","E1:EH:N","E1:EH:N:1",23,"2017-07-04",0.5,0,3
"E1","E1:EH","E1:EH:N","E1:EH:N:1",27,"2017-07-04",0.5,0,4
"E1","E1:EH","E1:EH:N","E1:EH:N:2",3,"2017-07-04",1,0,3
"E1","E1:EH","E1:EH:N","E1:EH:N:2",7,"2017-07-04",3,0,3
"E1","E1:EH","E1:EH:N","E1:EH:N:2",13,"2017-07-04",1,0,1
"E1","E1:EH","E1:EH:N","E1:EH:N:2",17,"2017-07-04",1,0,1
"E1","E1:EH","E1:EH:N","E1:EH:N:2",23,"2017-07-04",4,0,5
"E1","E1:EH","E1:EH:N","E1:EH:N:2",27,"2017-07-04",2,0,2
"E1","E1:EH","E1:EH:N","E1:EH:N:3",3,"2017-07-04",0,0,1
"E1","E1:EH","E1:EH:N","E1:EH:N:3",7,"2017-07-04",1,0,4
"E1","E1:EH","E1:EH:N","E1:EH:N:3",13,"2017-07-04",1.5,0,6
"E1","E1:EH","E1:EH:N","E1:EH:N:3",17,"2017-07-04",0,0,3
"E1","E1:EH","E1:EH:N","E1:EH:N:3",23,"2017-07-04",1,0,4
"E1","E1:EH","E1:EH:N","E1:EH:N:3",27,"2017-07-04",1,0,5
"E1","E1:EH","E1:EH:S","E1:EH:S:1",3,"2017-07-04",2.5,0,2.5
"E1","E1:EH","E1:EH:S","E1:EH:S:1",7,"2017-07-04",0.5,0,0.5
"E1","E1:EH","E1:EH:S","E1:EH:S:1",13,"2017-07-04",0,0,1
"E1","E1:EH","E1:EH:S","E1:EH:S:1",17,"2017-07-04",1,0,1
"E1","E1:EH","E1:EH:S","E1:EH:S:1",23,"2017-07-04",1,1,5
"E1","E1:EH","E1:EH:S","E1:EH:S:1",27,"2017-07-04",1,0,1
"E1","E1:EH","E1:EH:S","E1:EH:S:2",3,"2017-07-04",0,0,0
"E1","E1:EH","E1:EH:S","E1:EH:S:2",7,"2017-07-04",1,0,1
"E1","E1:EH","E1:EH:S","E1:EH:S:2",13,"2017-07-04",0,0,0
"E1","E1:EH","E1:EH:S","E1:EH:S:2",17,"2017-07-04",0,0,0
"E1","E1:EH","E1:EH:S","E1:EH:S:2",23,"2017-07-04",0,0,0
"E1","E1:EH","E1:EH:S","E1:EH:S:2",27,"2017-07-04",1.5,0,1.5
"E1","E1:EH","E1:EH:S","E1:EH:S:3",3,"2017-07-04",1.5,1,1.5
"E1","E1:EH","E1:EH:S","E1:EH:S:3",7,"2017-07-04",0.5,0,0.5
"E1","E1:EH","E1:EH:S","E1:EH:S:3",13,"2017-07-04",2,0,2
"E1","E1:EH","E1:EH:S","E1:EH:S:3",17,"2017-07-04",2,0,2
"E1","E1:EH","E1:EH:S","E1:EH:S:3",23,"2017-07-04",0.5,0,0.5
"E1","E1:EH","E1:EH:S","E1:EH:S:3",27,"2017-07-04",2.5,2,2.5
"E1","E1:EN","E1:EN:M","E1:EN:M:1",3,"2017-06-28",4,0,4
"E1","E1:EN","E1:EN:M","E1:EN:M:1",7,"2017-06-28",5,0,7
"E1","E1:EN","E1:EN:M","E1:EN:M:1",13,"2017-06-28",5.5,0,9
"E1","E1:EN","E1:EN:M","E1:EN:M:1",17,"2017-06-28",4.5,0,6
"E1","E1:EN","E1:EN:M","E1:EN:M:1",23,"2017-06-28",2.5,0,20
"E1","E1:EN","E1:EN:M","E1:EN:M:1",27,"2017-06-28",1,0,1
"E1","E1:EN","E1:EN:M","E1:EN:M:2",3,"2017-06-28",0.5,0,6
"E1","E1:EN","E1:EN:M","E1:EN:M:2",7,"2017-06-28",0.5,0,2
"E1","E1:EN","E1:EN:M","E1:EN:M:2",13,"2017-06-28",0.5,0,3
"E1","E1:EN","E1:EN:M","E1:EN:M:2",17,"2017-06-28",0.5,0,3
"E1","E1:EN","E1:EN:M","E1:EN:M:2",23,"2017-06-28",1,0,4
"E1","E1:EN","E1:EN:M","E1:EN:M:2",27,"2017-06-28",1,0,4
"E1","E1:EN","E1:EN:M","E1:EN:M:3",3,"2017-06-28",3,0,3
"E1","E1:EN","E1:EN:M","E1:EN:M:3",7,"2017-06-28",3,0,5
"E1","E1:EN","E1:EN:M","E1:EN:M:3",13,"2017-06-28",5,0,5
"E1","E1:EN","E1:EN:M","E1:EN:M:3",17,"2017-06-28",3,0,20
"E1","E1:EN","E1:EN:M","E1:EN:M:3",23,"2017-06-28",3,0,8
"E1","E1:EN","E1:EN:M","E1:EN:M:3",27,"2017-06-28",0,0,5
"E1","E1:EN","E1:EN:N","E1:EN:N:1",3,"2017-06-28",1,0.5,1
"E1","E1:EN","E1:EN:N","E1:EN:N:1",7,"2017-06-28",0.5,0,0.5
"E1","E1:EN","E1:EN:N","E1:EN:N:1",13,"2017-06-28",2,0,2
"E1","E1:EN","E1:EN:N","E1:EN:N:1",17,"2017-06-28",5.5,0,5.5
"E1","E1:EN","E1:EN:N","E1:EN:N:1",23,"2017-06-28",1.5,0,1.5
"E1","E1:EN","E1:EN:N","E1:EN:N:1",27,"2017-06-28",0.5,0,7
"E1","E1:EN","E1:EN:N","E1:EN:N:2",3,"2017-06-28",0.5,0.5,4
"E1","E1:EN","E1:EN:N","E1:EN:N:2",7,"2017-06-28",0.5,0,9
"E1","E1:EN","E1:EN:N","E1:EN:N:2",13,"2017-06-28",0.5,0.5,3.5
"E1","E1:EN","E1:EN:N","E1:EN:N:2",17,"2017-06-28",0.5,0,13
"E1","E1:EN","E1:EN:N","E1:EN:N:2",23,"2017-06-28",0.5,0,6
"E1","E1:EN","E1:EN:N","E1:EN:N:2",27,"2017-06-28",0.5,0,11
"E1","E1:EN","E1:EN:N","E1:EN:N:3",3,"2017-06-28",4,0,4
"E1","E1:EN","E1:EN:N","E1:EN:N:3",7,"2017-06-28",0.5,0,1
"E1","E1:EN","E1:EN:N","E1:EN:N:3",13,"2017-06-28",0.5,0,6
"E1","E1:EN","E1:EN:N","E1:EN:N:3",17,"2017-06-28",1,0,1
"E1","E1:EN","E1:EN:N","E1:EN:N:3",23,"2017-06-28",1,0,6
"E1","E1:EN","E1:EN:N","E1:EN:N:3",27,"2017-06-28",0,0,5
"E1","E1:EN","E1:EN:S","E1:EN:S:1",3,"2017-06-28",3,0,3
"E1","E1:EN","E1:EN:S","E1:EN:S:1",7,"2017-06-28",3,0,3
"E1","E1:EN","E1:EN:S","E1:EN:S:1",13,"2017-06-28",2,0,4
"E1","E1:EN","E1:EN:S","E1:EN:S:1",17,"2017-06-28",3,0,7
"E1","E1:EN","E1:EN:S","E1:EN:S:1",23,"2017-06-28",1.5,0,1.5
"E1","E1:EN","E1:EN:S","E1:EN:S:1",27,"2017-06-28",1,0,1
"E1","E1:EN","E1:EN:S","E1:EN:S:2",3,"2017-06-28",3,0,10
"E1","E1:EN","E1:EN:S","E1:EN:S:2",7,"2017-06-28",4,0,7
"E1","E1:EN","E1:EN:S","E1:EN:S:2",13,"2017-06-28",4,0,8
"E1","E1:EN","E1:EN:S","E1:EN:S:2",17,"2017-06-28",5,0,9
"E1","E1:EN","E1:EN:S","E1:EN:S:2",23,"2017-06-28",2,0,5
"E1","E1:EN","E1:EN:S","E1:EN:S:2",27,"2017-06-28",1,0,2
"E1","E1:EN","E1:EN:S","E1:EN:S:3",3,"2017-06-28",1,0,1
"E1","E1:EN","E1:EN:S","E1:EN:S:3",7,"2017-06-28",3,0,8
"E1","E1:EN","E1:EN:S","E1:EN:S:3",13,"2017-06-28",0,0,0
"E1","E1:EN","E1:EN:S","E1:EN:S:3",17,"2017-06-28",3,2,3
"E1","E1:EN","E1:EN:S","E1:EN:S:3",23,"2017-06-28",0,0,0
"E1","E1:EN","E1:EN:S","E1:EN:S:3",27,"2017-06-28",1,0,1
"E2","E2:CG","E2:CG:S","E2:CG:S:1",3,"2017-07-05",2,0,2
"E2","E2:CG","E2:CG:S","E2:CG:S:1",7,"2017-07-05",1.5,0,1.5
"E2","E2:CG","E2:CG:S","E2:CG:S:1",13,"2017-07-05",2,2,2
"E2","E2:CG","E2:CG:S","E2:CG:S:1",17,"2017-07-05",0.5,0,0.5
"E2","E2:CG","E2:CG:S","E2:CG:S:1",23,"2017-07-05",1,1.5,1
"E2","E2:CG","E2:CG:S","E2:CG:S:1",27,"2017-07-05",2.5,0,2.5
"E2","E2:CG","E2:CG:S","E2:CG:S:2",3,"2017-07-05",2,0.5,2.5
"E2","E2:CG","E2:CG:S","E2:CG:S:2",7,"2017-07-05",1,0,1.5
"E2","E2:CG","E2:CG:S","E2:CG:S:2",13,"2017-07-05",1,0.5,1
"E2","E2:CG","E2:CG:S","E2:CG:S:2",17,"2017-07-05",0.5,0,0.5
"E2","E2:CG","E2:CG:S","E2:CG:S:2",23,"2017-07-05",0.5,0,1
"E2","E2:CG","E2:CG:S","E2:CG:S:2",27,"2017-07-05",1,0,1.5
"E2","E2:CG","E2:CG:S","E2:CG:S:3",3,"2017-07-05",0,0,0
"E2","E2:CG","E2:CG:S","E2:CG:S:3",7,"2017-07-05",1,2,1
"E2","E2:CG","E2:CG:S","E2:CG:S:3",13,"2017-07-05",0.5,0,0.5
"E2","E2:CG","E2:CG:S","E2:CG:S:3",17,"2017-07-05",1,0.5,1
"E2","E2:CG","E2:CG:S","E2:CG:S:3",23,"2017-07-05",0.5,1,0.5
"E2","E2:CG","E2:CG:S","E2:CG:S:3",27,"2017-07-05",1.5,2,1.5
"E2","E2:CG","E2:CG:M","E2:CG:M:1",3,"2017-07-05",0.5,0,1
"E2","E2:CG","E2:CG:M","E2:CG:M:1",7,"2017-07-05",1,0.5,1
"E2","E2:CG","E2:CG:M","E2:CG:M:1",13,"2017-07-05",1,0.5,1.5
"E2","E2:CG","E2:CG:M","E2:CG:M:1",17,"2017-07-05",0.5,0,0.5
"E2","E2:CG","E2:CG:M","E2:CG:M:1",23,"2017-07-05",1,0.5,1
"E2","E2:CG","E2:CG:M","E2:CG:M:1",27,"2017-07-05",2,0.5,2
"E2","E2:CG","E2:CG:M","E2:CG:M:2",3,"2017-07-05",1,3,1
"E2","E2:CG","E2:CG:M","E2:CG:M:2",7,"2017-07-05",1.5,0,1.5
"E2","E2:CG","E2:CG:M","E2:CG:M:2",13,"2017-07-05",0,0,0
"E2","E2:CG","E2:CG:M","E2:CG:M:2",17,"2017-07-05",2,0,2
"E2","E2:CG","E2:CG:M","E2:CG:M:2",23,"2017-07-05",1,2,1
"E2","E2:CG","E2:CG:M","E2:CG:M:2",27,"2017-07-05",0,0,0
"E2","E2:CG","E2:CG:M","E2:CG:M:3",3,"2017-07-05",1,0.5,1
"E2","E2:CG","E2:CG:M","E2:CG:M:3",7,"2017-07-05",2,0,2
"E2","E2:CG","E2:CG:M","E2:CG:M:3",13,"2017-07-05",0,0,0
"E2","E2:CG","E2:CG:M","E2:CG:M:3",17,"2017-07-05",1.5,1,1.5
"E2","E2:CG","E2:CG:M","E2:CG:M:3",23,"2017-07-05",2,0.5,2
"E2","E2:CG","E2:CG:M","E2:CG:M:3",27,"2017-07-05",0.5,1,0.5
"E2","E2:CG","E2:CG:N","E2:CG:N:1",3,"2017-07-05",2,1,2
"E2","E2:CG","E2:CG:N","E2:CG:N:1",7,"2017-07-05",1,0,1
"E2","E2:CG","E2:CG:N","E2:CG:N:1",13,"2017-07-05",1,0,3
"E2","E2:CG","E2:CG:N","E2:CG:N:1",17,"2017-07-05",2,1,2
"E2","E2:CG","E2:CG:N","E2:CG:N:1",23,"2017-07-05",1,0,1
"E2","E2:CG","E2:CG:N","E2:CG:N:1",27,"2017-07-05",1,0,1
"E2","E2:CG","E2:CG:N","E2:CG:N:2",3,"2017-07-05",2,2,4
"E2","E2:CG","E2:CG:N","E2:CG:N:2",7,"2017-07-05",2,1,2
"E2","E2:CG","E2:CG:N","E2:CG:N:2",13,"2017-07-05",1,0,1
"E2","E2:CG","E2:CG:N","E2:CG:N:2",17,"2017-07-05",2,0,2
"E2","E2:CG","E2:CG:N","E2:CG:N:2",23,"2017-07-05",2,0,2
"E2","E2:CG","E2:CG:N","E2:CG:N:2",27,"2017-07-05",2,0,2
"E2","E2:CG","E2:CG:N","E2:CG:N:3",3,"2017-07-05",2,0,2
"E2","E2:CG","E2:CG:N","E2:CG:N:3",7,"2017-07-05",1.5,0,1.5
"E2","E2:CG","E2:CG:N","E2:CG:N:3",13,"2017-07-05",1,0,1
"E2","E2:CG","E2:CG:N","E2:CG:N:3",17,"2017-07-05",0.5,0,0.5
"E2","E2:CG","E2:CG:N","E2:CG:N:3",23,"2017-07-05",1,0,1
"E2","E2:CG","E2:CG:N","E2:CG:N:3",27,"2017-07-05",1,0,1
"E2","E2:CH","E2:CH:M","E2:CH:M:1",3,"2017-07-05",1,0,1
"E2","E2:CH","E2:CH:M","E2:CH:M:1",7,"2017-07-05",1.5,0,1.5
"E2","E2:CH","E2:CH:M","E2:CH:M:1",13,"2017-07-05",0,0,0
"E2","E2:CH","E2:CH:M","E2:CH:M:1",17,"2017-07-05",2,0,2
"E2","E2:CH","E2:CH:M","E2:CH:M:1",23,"2017-07-05",0.5,0,0.5
"E2","E2:CH","E2:CH:M","E2:CH:M:1",27,"2017-07-05",1.5,1,1.5
"E2","E2:CH","E2:CH:M","E2:CH:M:2",3,"2017-07-05",1,0.5,3
"E2","E2:CH","E2:CH:M","E2:CH:M:2",7,"2017-07-05",0.5,0,1
"E2","E2:CH","E2:CH:M","E2:CH:M:2",13,"2017-07-05",1,0,2
"E2","E2:CH","E2:CH:M","E2:CH:M:2",17,"2017-07-05",1,0,1.5
"E2","E2:CH","E2:CH:M","E2:CH:M:2",23,"2017-07-05",0.5,0,0.5
"E2","E2:CH","E2:CH:M","E2:CH:M:2",27,"2017-07-05",1,0,3
"E2","E2:CH","E2:CH:M","E2:CH:M:3",3,"2017-07-05",0.5,0,0.5
"E2","E2:CH","E2:CH:M","E2:CH:M:3",7,"2017-07-05",0,0,0
"E2","E2:CH","E2:CH:M","E2:CH:M:3",13,"2017-07-05",0.5,0,0.5
"E2","E2:CH","E2:CH:M","E2:CH:M:3",17,"2017-07-05",0.5,0,0.5
"E2","E2:CH","E2:CH:M","E2:CH:M:3",23,"2017-07-05",0.5,0,0.5
"E2","E2:CH","E2:CH:M","E2:CH:M:3",27,"2017-07-05",1,0,1
"E2","E2:CH","E2:CH:N","E2:CH:N:1",3,"2017-07-05",1,0,1
"E2","E2:CH","E2:CH:N","E2:CH:N:1",7,"2017-07-05",1.5,0,2
"E2","E2:CH","E2:CH:N","E2:CH:N:1",13,"2017-07-05",1,0.5,1
"E2","E2:CH","E2:CH:N","E2:CH:N:1",17,"2017-07-05",0.5,0,1
"E2","E2:CH","E2:CH:N","E2:CH:N:1",23,"2017-07-05",1.5,0,4
"E2","E2:CH","E2:CH:N","E2:CH:N:1",27,"2017-07-05",0.5,0,3
"E2","E2:CH","E2:CH:N","E2:CH:N:2",3,"2017-07-05",1,0,1
"E2","E2:CH","E2:CH:N","E2:CH:N:2",7,"2017-07-05",2,1,2
"E2","E2:CH","E2:CH:N","E2:CH:N:2",13,"2017-07-05",2,0,2
"E2","E2:CH","E2:CH:N","E2:CH:N:2",17,"2017-07-05",2.5,0,7
"E2","E2:CH","E2:CH:N","E2:CH:N:2",23,"2017-07-05",1,3,1
"E2","E2:CH","E2:CH:N","E2:CH:N:2",27,"2017-07-05",2,0,2
"E2","E2:CH","E2:CH:N","E2:CH:N:3",3,"2017-07-05",1,0,1
"E2","E2:CH","E2:CH:N","E2:CH:N:3",7,"2017-07-05",0.5,0,1
"E2","E2:CH","E2:CH:N","E2:CH:N:3",13,"2017-07-05",1.5,0,2
"E2","E2:CH","E2:CH:N","E2:CH:N:3",17,"2017-07-05",1,0.5,1
"E2","E2:CH","E2:CH:N","E2:CH:N:3",23,"2017-07-05",2,1,5
"E2","E2:CH","E2:CH:N","E2:CH:N:3",27,"2017-07-05",2,1,2
"E2","E2:CH","E2:CH:S","E2:CH:S:1",3,"2017-07-05",0.5,0,0.5
"E2","E2:CH","E2:CH:S","E2:CH:S:1",7,"2017-07-05",0.5,0,0.5
"E2","E2:CH","E2:CH:S","E2:CH:S:1",13,"2017-07-05",1,0,1
"E2","E2:CH","E2:CH:S","E2:CH:S:1",17,"2017-07-05",1,0.5,1
"E2","E2:CH","E2:CH:S","E2:CH:S:1",23,"2017-07-05",0.5,0,0.5
"E2","E2:CH","E2:CH:S","E2:CH:S:1",27,"2017-07-05",0.5,0,0.5
"E2","E2:CH","E2:CH:S","E2:CH:S:2",3,"2017-07-05",1.5,0,1.5
"E2","E2:CH","E2:CH:S","E2:CH:S:2",7,"2017-07-05",1,0.5,5
"E2","E2:CH","E2:CH:S","E2:CH:S:2",13,"2017-07-05",2,0,2
"E2","E2:CH","E2:CH:S","E2:CH:S:2",17,"2017-07-05",3,0,3
"E2","E2:CH","E2:CH:S","E2:CH:S:2",23,"2017-07-05",3,0,3
"E2","E2:CH","E2:CH:S","E2:CH:S:2",27,"2017-07-05",2,1,2
"E2","E2:CH","E2:CH:S","E2:CH:S:3",3,"2017-07-05",1,0,1
"E2","E2:CH","E2:CH:S","E2:CH:S:3",7,"2017-07-05",0.5,0,0.5
"E2","E2:CH","E2:CH:S","E2:CH:S:3",13,"2017-07-05",0.5,0,0.5
"E2","E2:CH","E2:CH:S","E2:CH:S:3",17,"2017-07-05",0.5,0,0.5
"E2","E2:CH","E2:CH:S","E2:CH:S:3",23,"2017-07-05",0,0,0
"E2","E2:CH","E2:CH:S","E2:CH:S:3",27,"2017-07-05",0.5,0,0.5
"E2","E2:CN","E2:CN:M","E2:CN:M:1",3,"2017-07-20",2,1,2
"E2","E2:CN","E2:CN:M","E2:CN:M:1",7,"2017-07-20",2,0.5,3
"E2","E2:CN","E2:CN:M","E2:CN:M:1",13,"2017-07-20",0.5,0,2
"E2","E2:CN","E2:CN:M","E2:CN:M:1",17,"2017-07-20",0.5,0.5,1
"E2","E2:CN","E2:CN:M","E2:CN:M:1",23,"2017-07-20",1,0.5,4
"E2","E2:CN","E2:CN:M","E2:CN:M:1",27,"2017-07-20",1,0,1
"E2","E2:CN","E2:CN:M","E2:CN:M:2",3,"2017-07-20",0.5,0.5,1
"E2","E2:CN","E2:CN:M","E2:CN:M:2",7,"2017-07-20",0.5,0.5,1
"E2","E2:CN","E2:CN:M","E2:CN:M:2",13,"2017-07-20",0.5,0,0.5
"E2","E2:CN","E2:CN:M","E2:CN:M:2",17,"2017-07-20",0,0,0
"E2","E2:CN","E2:CN:M","E2:CN:M:2",23,"2017-07-20",0.5,0,0.5
"E2","E2:CN","E2:CN:M","E2:CN:M:2",27,"2017-07-20",0.5,0,0.5
"E2","E2:CN","E2:CN:M","E2:CN:M:3",3,"2017-07-20",0.5,0,0.5
"E2","E2:CN","E2:CN:M","E2:CN:M:3",7,"2017-07-20",1,0.5,1
"E2","E2:CN","E2:CN:M","E2:CN:M:3",13,"2017-07-20",0,0,0
"E2","E2:CN","E2:CN:M","E2:CN:M:3",17,"2017-07-20",1,0,1
"E2","E2:CN","E2:CN:M","E2:CN:M:3",23,"2017-07-20",0.5,0,0.5
"E2","E2:CN","E2:CN:M","E2:CN:M:3",27,"2017-07-20",1,0,1
"E2","E2:CN","E2:CN:N","E2:CN:N:1",3,"2017-07-10",0.5,0,1
"E2","E2:CN","E2:CN:N","E2:CN:N:1",7,"2017-07-10",0.5,0,0.5
"E2","E2:CN","E2:CN:N","E2:CN:N:1",13,"2017-07-10",0.5,0,0.5
"E2","E2:CN","E2:CN:N","E2:CN:N:1",17,"2017-07-10",0.5,0,0.5
"E2","E2:CN","E2:CN:N","E2:CN:N:1",23,"2017-07-10",0.5,0,1
"E2","E2:CN","E2:CN:N","E2:CN:N:1",27,"2017-07-10",1.5,0,1.5
"E2","E2:CN","E2:CN:N","E2:CN:N:2",3,"2017-07-10",2,0.5,4
"E2","E2:CN","E2:CN:N","E2:CN:N:2",7,"2017-07-10",2,1,2
"E2","E2:CN","E2:CN:N","E2:CN:N:2",13,"2017-07-10",0,0,0
"E2","E2:CN","E2:CN:N","E2:CN:N:2",17,"2017-07-10",1,0.5,1
"E2","E2:CN","E2:CN:N","E2:CN:N:2",23,"2017-07-10",0.5,0,2
"E2","E2:CN","E2:CN:N","E2:CN:N:2",27,"2017-07-10",1,1,1
"E2","E2:CN","E2:CN:N","E2:CN:N:3",3,"2017-07-10",3,1,3
"E2","E2:CN","E2:CN:N","E2:CN:N:3",7,"2017-07-10",1,2,1
"E2","E2:CN","E2:CN:N","E2:CN:N:3",13,"2017-07-10",1,2,1
"E2","E2:CN","E2:CN:N","E2:CN:N:3",17,"2017-07-10",1,1,1
"E2","E2:CN","E2:CN:N","E2:CN:N:3",23,"2017-07-10",1,0,1
"E2","E2:CN","E2:CN:N","E2:CN:N:3",27,"2017-07-10",1,2,1
"E2","E2:CN","E2:CN:S","E2:CN:S:1",3,"2017-07-10",1,0.5,1
"E2","E2:CN","E2:CN:S","E2:CN:S:1",7,"2017-07-10",1,0.5,3
"E2","E2:CN","E2:CN:S","E2:CN:S:1",13,"2017-07-10",0.5,0.5,1.5
"E2","E2:CN","E2:CN:S","E2:CN:S:1",17,"2017-07-10",0.5,1,1.5
"E2","E2:CN","E2:CN:S","E2:CN:S:1",23,"2017-07-10",0.5,0.5,5
"E2","E2:CN","E2:CN:S","E2:CN:S:1",27,"2017-07-10",0.5,1,2
"E2","E2:CN","E2:CN:S","E2:CN:S:2",3,"2017-07-10",1,3,1
"E2","E2:CN","E2:CN:S","E2:CN:S:2",7,"2017-07-10",0,0,0
"E2","E2:CN","E2:CN:S","E2:CN:S:2",13,"2017-07-10",1,0,1
"E2","E2:CN","E2:CN:S","E2:CN:S:2",17,"2017-07-10",1,1,1
"E2","E2:CN","E2:CN:S","E2:CN:S:2",23,"2017-07-10",1,1,1
"E2","E2:CN","E2:CN:S","E2:CN:S:2",27,"2017-07-10",0,0,0
"E2","E2:CN","E2:CN:S","E2:CN:S:3",3,"2017-07-10",0,0,0
"E2","E2:CN","E2:CN:S","E2:CN:S:3",7,"2017-07-10",0.5,0,1
"E2","E2:CN","E2:CN:S","E2:CN:S:3",13,"2017-07-10",1,0,1.5
"E2","E2:CN","E2:CN:S","E2:CN:S:3",17,"2017-07-10",0.5,0.5,1
"E2","E2:CN","E2:CN:S","E2:CN:S:3",23,"2017-07-10",0.5,0,0.5
"E2","E2:CN","E2:CN:S","E2:CN:S:3",27,"2017-07-10",0.5,0,0.5
"E2","E2:EG","E2:EG:M","E2:EG:M:1",3,"2017-07-07",0,0,4
"E2","E2:EG","E2:EG:M","E2:EG:M:1",7,"2017-07-07",2,2,2
"E2","E2:EG","E2:EG:M","E2:EG:M:1",13,"2017-07-07",1,0,1
"E2","E2:EG","E2:EG:M","E2:EG:M:1",17,"2017-07-07",0,0,0
"E2","E2:EG","E2:EG:M","E2:EG:M:1",23,"2017-07-07",1,3,1
"E2","E2:EG","E2:EG:M","E2:EG:M:1",27,"2017-07-07",2,0,2
"E2","E2:EG","E2:EG:M","E2:EG:M:2",3,"2017-07-07",0.5,0,0.5
"E2","E2:EG","E2:EG:M","E2:EG:M:2",7,"2017-07-07",0.5,0,1
"E2","E2:EG","E2:EG:M","E2:EG:M:2",13,"2017-07-07",0.5,0,0.5
"E2","E2:EG","E2:EG:M","E2:EG:M:2",17,"2017-07-07",0.5,0,0.5
"E2","E2:EG","E2:EG:M","E2:EG:M:2",23,"2017-07-07",0,0,0
"E2","E2:EG","E2:EG:M","E2:EG:M:2",27,"2017-07-07",0.5,0,1
"E2","E2:EG","E2:EG:M","E2:EG:M:3",3,"2017-07-07",1,3,1
"E2","E2:EG","E2:EG:M","E2:EG:M:3",7,"2017-07-07",0,0,2
"E2","E2:EG","E2:EG:M","E2:EG:M:3",13,"2017-07-07",0,0,0
"E2","E2:EG","E2:EG:M","E2:EG:M:3",17,"2017-07-07",1,0,1
"E2","E2:EG","E2:EG:M","E2:EG:M:3",23,"2017-07-07",1.5,0,1.5
"E2","E2:EG","E2:EG:M","E2:EG:M:3",27,"2017-07-07",1,0,1
"E2","E2:EG","E2:EG:N","E2:EG:N:1",3,"2017-07-07",0.5,0,1
"E2","E2:EG","E2:EG:N","E2:EG:N:1",7,"2017-07-07",0.5,0,0.5
"E2","E2:EG","E2:EG:N","E2:EG:N:1",13,"2017-07-07",0.5,0,0.5
"E2","E2:EG","E2:EG:N","E2:EG:N:1",17,"2017-07-07",1,0.5,1.5
"E2","E2:EG","E2:EG:N","E2:EG:N:1",23,"2017-07-07",1,0,1.5
"E2","E2:EG","E2:EG:N","E2:EG:N:1",27,"2017-07-07",1,0,1.5
"E2","E2:EG","E2:EG:N","E2:EG:N:2",3,"2017-07-07",2,0,2
"E2","E2:EG","E2:EG:N","E2:EG:N:2",7,"2017-07-07",2,0,3
"E2","E2:EG","E2:EG:N","E2:EG:N:2",13,"2017-07-07",1.5,0,1.5
"E2","E2:EG","E2:EG:N","E2:EG:N:2",17,"2017-07-07",2,0,2
"E2","E2:EG","E2:EG:N","E2:EG:N:2",23,"2017-07-07",1,0,1
"E2","E2:EG","E2:EG:N","E2:EG:N:2",27,"2017-07-07",0,0,0
"E2","E2:EG","E2:EG:N","E2:EG:N:3",3,"2017-07-07",0.5,0,1
"E2","E2:EG","E2:EG:N","E2:EG:N:3",7,"2017-07-07",1,0,3
"E2","E2:EG","E2:EG:N","E2:EG:N:3",13,"2017-07-07",0.5,0,0.5
"E2","E2:EG","E2:EG:N","E2:EG:N:3",17,"2017-07-07",0.5,0,0.5
"E2","E2:EG","E2:EG:N","E2:EG:N:3",23,"2017-07-07",0,0,0
"E2","E2:EG","E2:EG:N","E2:EG:N:3",27,"2017-07-07",0.5,0,1
"E2","E2:EG","E2:EG:S","E2:EG:S:1",3,"2017-07-07",0,0,0
"E2","E2:EG","E2:EG:S","E2:EG:S:1",7,"2017-07-07",0.5,0,0.5
"E2","E2:EG","E2:EG:S","E2:EG:S:1",13,"2017-07-07",0.5,1,0.5
"E2","E2:EG","E2:EG:S","E2:EG:S:1",17,"2017-07-07",2,0,2
"E2","E2:EG","E2:EG:S","E2:EG:S:1",23,"2017-07-07",1,0.5,1
"E2","E2:EG","E2:EG:S","E2:EG:S:1",27,"2017-07-07",2,1,2
"E2","E2:EG","E2:EG:S","E2:EG:S:2",3,"2017-07-07",0.5,0,2
"E2","E2:EG","E2:EG:S","E2:EG:S:2",7,"2017-07-07",0.5,0.5,1
"E2","E2:EG","E2:EG:S","E2:EG:S:2",13,"2017-07-07",1,0.5,1
"E2","E2:EG","E2:EG:S","E2:EG:S:2",17,"2017-07-07",1,0,1
"E2","E2:EG","E2:EG:S","E2:EG:S:2",23,"2017-07-07",2,0.5,2
"E2","E2:EG","E2:EG:S","E2:EG:S:2",27,"2017-07-07",0.5,0.5,2
"E2","E2:EG","E2:EG:S","E2:EG:S:3",3,"2017-07-07",1.5,0,1.5
"E2","E2:EG","E2:EG:S","E2:EG:S:3",7,"2017-07-07",1,1.5,1
"E2","E2:EG","E2:EG:S","E2:EG:S:3",13,"2017-07-07",1.5,0,1.5
"E2","E2:EG","E2:EG:S","E2:EG:S:3",17,"2017-07-07",2,0,2
"E2","E2:EG","E2:EG:S","E2:EG:S:3",23,"2017-07-07",1.5,1,1.5
"E2","E2:EG","E2:EG:S","E2:EG:S:3",27,"2017-07-07",2,1,2
"E2","E2:EH","E2:EH:M","E2:EH:M:1",3,"2017-07-06",2,0,2
"E2","E2:EH","E2:EH:M","E2:EH:M:1",7,"2017-07-06",1,1,1
"E2","E2:EH","E2:EH:M","E2:EH:M:1",13,"2017-07-06",0,0,4
"E2","E2:EH","E2:EH:M","E2:EH:M:1",17,"2017-07-06",2,1,2
"E2","E2:EH","E2:EH:M","E2:EH:M:1",23,"2017-07-06",3,0,3
"E2","E2:EH","E2:EH:M","E2:EH:M:1",27,"2017-07-06",2,0,2
"E2","E2:EH","E2:EH:M","E2:EH:M:2",3,"2017-07-06",2,0.5,2
"E2","E2:EH","E2:EH:M","E2:EH:M:2",7,"2017-07-06",1,0,1
"E2","E2:EH","E2:EH:M","E2:EH:M:2",13,"2017-07-06",0.5,0,0.5
"E2","E2:EH","E2:EH:M","E2:EH:M:2",17,"2017-07-06",0.5,0,0.5
"E2","E2:EH","E2:EH:M","E2:EH:M:2",23,"2017-07-06",1,0,1
"E2","E2:EH","E2:EH:M","E2:EH:M:2",27,"2017-07-06",2,0,2
"E2","E2:EH","E2:EH:M","E2:EH:M:3",3,"2017-07-06",0.5,0,2
"E2","E2:EH","E2:EH:M","E2:EH:M:3",7,"2017-07-06",1,0,1.5
"E2","E2:EH","E2:EH:M","E2:EH:M:3",13,"2017-07-06",0.5,0,1
"E2","E2:EH","E2:EH:M","E2:EH:M:3",17,"2017-07-06",1,0,2
"E2","E2:EH","E2:EH:M","E2:EH:M:3",23,"2017-07-06",1,0,1
"E2","E2:EH","E2:EH:M","E2:EH:M:3",27,"2017-07-06",0,0,0
"E2","E2:EH","E2:EH:N","E2:EH:N:1",3,"2017-07-06",0.5,0,0.5
"E2","E2:EH","E2:EH:N","E2:EH:N:1",7,"2017-07-06",1,0,1.5
"E2","E2:EH","E2:EH:N","E2:EH:N:1",13,"2017-07-06",1,0,1
"E2","E2:EH","E2:EH:N","E2:EH:N:1",17,"2017-07-06",0.5,0,0.5
"E2","E2:EH","E2:EH:N","E2:EH:N:1",23,"2017-07-06",0.5,0,0.5
"E2","E2:EH","E2:EH:N","E2:EH:N:1",27,"2017-07-06",1,0.5,1.5
"E2","E2:EH","E2:EH:N","E2:EH:N:2",3,"2017-07-06",1,0,1
"E2","E2:EH","E2:EH:N","E2:EH:N:2",7,"2017-07-06",0.5,0,1
"E2","E2:EH","E2:EH:N","E2:EH:N:2",13,"2017-07-06",0.5,0,0.5
"E2","E2:EH","E2:EH:N","E2:EH:N:2",17,"2017-07-06",0,0,0
"E2","E2:EH","E2:EH:N","E2:EH:N:2",23,"2017-07-06",0,0,0
"E2","E2:EH","E2:EH:N","E2:EH:N:2",27,"2017-07-06",1,0,4
"E2","E2:EH","E2:EH:N","E2:EH:N:3",3,"2017-07-06",0,0,0
"E2","E2:EH","E2:EH:N","E2:EH:N:3",7,"2017-07-06",1,0,1
"E2","E2:EH","E2:EH:N","E2:EH:N:3",13,"2017-07-06",1.5,0.5,1.5
"E2","E2:EH","E2:EH:N","E2:EH:N:3",17,"2017-07-06",0.5,0,0.5
"E2","E2:EH","E2:EH:N","E2:EH:N:3",23,"2017-07-06",0.5,0,0.5
"E2","E2:EH","E2:EH:N","E2:EH:N:3",27,"2017-07-06",0.5,0,0.5
"E2","E2:EH","E2:EH:S","E2:EH:S:1",3,"2017-07-06",2,0,2
"E2","E2:EH","E2:EH:S","E2:EH:S:1",7,"2017-07-06",1.5,1,1.5
"E2","E2:EH","E2:EH:S","E2:EH:S:1",13,"2017-07-06",1,0,15
"E2","E2:EH","E2:EH:S","E2:EH:S:1",17,"2017-07-06",0.5,0,5
"E2","E2:EH","E2:EH:S","E2:EH:S:1",23,"2017-07-06",1,0,1
"E2","E2:EH","E2:EH:S","E2:EH:S:1",27,"2017-07-06",2,0.5,2
"E2","E2:EH","E2:EH:S","E2:EH:S:2",3,"2017-07-06",0,0,0
"E2","E2:EH","E2:EH:S","E2:EH:S:2",7,"2017-07-06",1,2,1
"E2","E2:EH","E2:EH:S","E2:EH:S:2",13,"2017-07-06",0,0,5
"E2","E2:EH","E2:EH:S","E2:EH:S:2",17,"2017-07-06",0,0,0
"E2","E2:EH","E2:EH:S","E2:EH:S:2",23,"2017-07-06",0,0,3
"E2","E2:EH","E2:EH:S","E2:EH:S:2",27,"2017-07-06",2,0,2
"E2","E2:EH","E2:EH:S","E2:EH:S:3",3,"2017-07-06",1.5,0,1.5
"E2","E2:EH","E2:EH:S","E2:EH:S:3",7,"2017-07-06",1.5,0.5,1.5
"E2","E2:EH","E2:EH:S","E2:EH:S:3",13,"2017-07-06",1,1,1
"E2","E2:EH","E2:EH:S","E2:EH:S:3",17,"2017-07-06",1,0.5,10
"E2","E2:EH","E2:EH:S","E2:EH:S:3",23,"2017-07-06",0,0,7
"E2","E2:EH","E2:EH:S","E2:EH:S:3",27,"2017-07-06",0,0,0
"E2","E2:EN","E2:EN:N","E2:EN:N:1",3,"2017-07-06",1.5,1,3
"E2","E2:EN","E2:EN:N","E2:EN:N:1",7,"2017-07-06",0.5,0,1
"E2","E2:EN","E2:EN:N","E2:EN:N:1",13,"2017-07-06",2,0.5,2
"E2","E2:EN","E2:EN:N","E2:EN:N:1",17,"2017-07-06",3,0.5,4
"E2","E2:EN","E2:EN:N","E2:EN:N:1",23,"2017-07-06",1,0,1.5
"E2","E2:EN","E2:EN:N","E2:EN:N:1",27,"2017-07-06",2.5,1,3
"E2","E2:EN","E2:EN:N","E2:EN:N:2",3,"2017-07-06",0.5,0,0.5
"E2","E2:EN","E2:EN:N","E2:EN:N:2",7,"2017-07-06",1,0,1.5
"E2","E2:EN","E2:EN:N","E2:EN:N:2",13,"2017-07-06",0,0,0
"E2","E2:EN","E2:EN:N","E2:EN:N:2",17,"2017-07-06",2,1,4
"E2","E2:EN","E2:EN:N","E2:EN:N:2",23,"2017-07-06",1,0,1
"E2","E2:EN","E2:EN:N","E2:EN:N:2",27,"2017-07-06",0.5,0,0.5
"E2","E2:EN","E2:EN:N","E2:EN:N:3",3,"2017-07-06",0.5,0,0.5
"E2","E2:EN","E2:EN:N","E2:EN:N:3",7,"2017-07-06",1,0,1
"E2","E2:EN","E2:EN:N","E2:EN:N:3",13,"2017-07-06",2,0,2
"E2","E2:EN","E2:EN:N","E2:EN:N:3",17,"2017-07-06",2,0.5,3
"E2","E2:EN","E2:EN:N","E2:EN:N:3",23,"2017-07-06",1.5,0.5,1.5
"E2","E2:EN","E2:EN:N","E2:EN:N:3",27,"2017-07-06",0.5,0,0.5
"E2","E2:EN","E2:EN:M","E2:EN:M:1",3,"2017-07-06",1,2,1
"E2","E2:EN","E2:EN:M","E2:EN:M:1",7,"2017-07-06",3,0,3
"E2","E2:EN","E2:EN:M","E2:EN:M:1",13,"2017-07-06",1,0,1
"E2","E2:EN","E2:EN:M","E2:EN:M:1",17,"2017-07-06",1,0,1
"E2","E2:EN","E2:EN:M","E2:EN:M:1",23,"2017-07-06",0,0,0
"E2","E2:EN","E2:EN:M","E2:EN:M:1",27,"2017-07-06",1.5,0,1.5
"E2","E2:EN","E2:EN:M","E2:EN:M:2",3,"2017-07-06",1,1,1
"E2","E2:EN","E2:EN:M","E2:EN:M:2",7,"2017-07-06",2,0,2
"E2","E2:EN","E2:EN:M","E2:EN:M:2",13,"2017-07-06",2,1,2
"E2","E2:EN","E2:EN:M","E2:EN:M:2",17,"2017-07-06",1,0,1
"E2","E2:EN","E2:EN:M","E2:EN:M:2",23,"2017-07-06",2,1,2
"E2","E2:EN","E2:EN:M","E2:EN:M:2",27,"2017-07-06",0.5,0.5,0.5
"E2","E2:EN","E2:EN:M","E2:EN:M:3",3,"2017-07-06",0,0,0
"E2","E2:EN","E2:EN:M","E2:EN:M:3",7,"2017-07-06",0.5,0,0.5
"E2","E2:EN","E2:EN:M","E2:EN:M:3",13,"2017-07-06",0.5,0,0.5
"E2","E2:EN","E2:EN:M","E2:EN:M:3",17,"2017-07-06",0.5,0,0.5
"E2","E2:EN","E2:EN:M","E2:EN:M:3",23,"2017-07-06",1,2,1
"E2","E2:EN","E2:EN:M","E2:EN:M:3",27,"2017-07-06",1,0,2
"E2","E2:EN","E2:EN:S","E2:EN:S:1",3,"2017-07-06",0,0,0
"E2","E2:EN","E2:EN:S","E2:EN:S:1",7,"2017-07-06",0,0,7
"E2","E2:EN","E2:EN:S","E2:EN:S:1",13,"2017-07-06",1,0,1
"E2","E2:EN","E2:EN:S","E2:EN:S:1",17,"2017-07-06",2,0,2
"E2","E2:EN","E2:EN:S","E2:EN:S:1",23,"2017-07-06",1.5,0,1.5
"E2","E2:EN","E2:EN:S","E2:EN:S:1",27,"2017-07-06",0,0.5,0
"E2","E2:EN","E2:EN:S","E2:EN:S:2",3,"2017-07-06",1,0,1
"E2","E2:EN","E2:EN:S","E2:EN:S:2",7,"2017-07-06",0,0,0
"E2","E2:EN","E2:EN:S","E2:EN:S:2",13,"2017-07-06",2,1,2
"E2","E2:EN","E2:EN:S","E2:EN:S:2",17,"2017-07-06",2,0,2
"E2","E2:EN","E2:EN:S","E2:EN:S:2",23,"2017-07-06",3,0,3
"E2","E2:EN","E2:EN:S","E2:EN:S:2",27,"2017-07-06",2,0,2
"E2","E2:EN","E2:EN:S","E2:EN:S:3",3,"2017-07-06",1,1.5,1
"E2","E2:EN","E2:EN:S","E2:EN:S:3",7,"2017-07-06",1,0,1
"E2","E2:EN","E2:EN:S","E2:EN:S:3",13,"2017-07-06",1,0,1
"E2","E2:EN","E2:EN:S","E2:EN:S:3",17,"2017-07-06",1,0,1
"E2","E2:EN","E2:EN:S","E2:EN:S:3",23,"2017-07-06",0,0,0
"E2","E2:EN","E2:EN:S","E2:EN:S:3",27,"2017-07-06",1,0.5,1
"E3","E3:CG","E3:CG:M","E3:CG:M:1",3,"2017-07-18",1,0,1
"E3","E3:CG","E3:CG:M","E3:CG:M:1",7,"2017-07-18",1,0,1
"E3","E3:CG","E3:CG:M","E3:CG:M:1",13,"2017-07-18",0.5,0,0.5
"E3","E3:CG","E3:CG:M","E3:CG:M:1",17,"2017-07-18",0,0,0
"E3","E3:CG","E3:CG:M","E3:CG:M:1",23,"2017-07-18",0.5,0,0.5
"E3","E3:CG","E3:CG:M","E3:CG:M:1",27,"2017-07-18",1,0,1.5
"E3","E3:CG","E3:CG:M","E3:CG:M:2",3,"2017-07-18",0.5,0,0.5
"E3","E3:CG","E3:CG:M","E3:CG:M:2",7,"2017-07-18",0,0,0
"E3","E3:CG","E3:CG:M","E3:CG:M:2",13,"2017-07-18",1.5,0.5,1.5
"E3","E3:CG","E3:CG:M","E3:CG:M:2",17,"2017-07-18",1,0,1
"E3","E3:CG","E3:CG:M","E3:CG:M:2",23,"2017-07-18",1,0,2
"E3","E3:CG","E3:CG:M","E3:CG:M:2",27,"2017-07-18",0,0,1
"E3","E3:CG","E3:CG:M","E3:CG:M:3",3,"2017-07-18",1,3,4
"E3","E3:CG","E3:CG:M","E3:CG:M:3",7,"2017-07-18",1,1,1
"E3","E3:CG","E3:CG:M","E3:CG:M:3",13,"2017-07-18",1,0.5,1
"E3","E3:CG","E3:CG:M","E3:CG:M:3",17,"2017-07-18",0,0,0
"E3","E3:CG","E3:CG:M","E3:CG:M:3",23,"2017-07-18",3,0,3
"E3","E3:CG","E3:CG:M","E3:CG:M:3",27,"2017-07-18",1.5,0,1.5
"E3","E3:CG","E3:CG:N","E3:CG:N:1",3,"2017-07-18",2,1,2
"E3","E3:CG","E3:CG:N","E3:CG:N:1",7,"2017-07-18",0.5,1,1
"E3","E3:CG","E3:CG:N","E3:CG:N:1",13,"2017-07-18",2,1,2
"E3","E3:CG","E3:CG:N","E3:CG:N:1",17,"2017-07-18",1,1,1
"E3","E3:CG","E3:CG:N","E3:CG:N:1",23,"2017-07-18",2,1,3
"E3","E3:CG","E3:CG:N","E3:CG:N:1",27,"2017-07-18",0.5,0,0.5
"E3","E3:CG","E3:CG:N","E3:CG:N:2",3,"2017-07-18",1,0,3
"E3","E3:CG","E3:CG:N","E3:CG:N:2",7,"2017-07-18",1,1,1
"E3","E3:CG","E3:CG:N","E3:CG:N:2",13,"2017-07-18",0,2,0
"E3","E3:CG","E3:CG:N","E3:CG:N:2",17,"2017-07-18",1,0,1
"E3","E3:CG","E3:CG:N","E3:CG:N:2",23,"2017-07-18",2,0,2
"E3","E3:CG","E3:CG:N","E3:CG:N:2",27,"2017-07-18",1,0,1
"E3","E3:CG","E3:CG:N","E3:CG:N:3",3,"2017-07-18",1,0.5,1
"E3","E3:CG","E3:CG:N","E3:CG:N:3",7,"2017-07-18",3,1,4
"E3","E3:CG","E3:CG:N","E3:CG:N:3",13,"2017-07-18",1,0,1
"E3","E3:CG","E3:CG:N","E3:CG:N:3",17,"2017-07-18",1,1,1
"E3","E3:CG","E3:CG:N","E3:CG:N:3",23,"2017-07-18",0,0,0
"E3","E3:CG","E3:CG:N","E3:CG:N:3",27,"2017-07-18",0,0,0
"E3","E3:CG","E3:CG:S","E3:CG:S:1",3,"2017-07-18",0.5,0,0.5
"E3","E3:CG","E3:CG:S","E3:CG:S:1",7,"2017-07-18",0,0,0
"E3","E3:CG","E3:CG:S","E3:CG:S:1",13,"2017-07-18",0,0,1
"E3","E3:CG","E3:CG:S","E3:CG:S:1",17,"2017-07-18",0.5,0,0.5
"E3","E3:CG","E3:CG:S","E3:CG:S:1",23,"2017-07-18",0,0,0
"E3","E3:CG","E3:CG:S","E3:CG:S:1",27,"2017-07-18",1,0,1
"E3","E3:CG","E3:CG:S","E3:CG:S:2",3,"2017-07-18",2,0,2
"E3","E3:CG","E3:CG:S","E3:CG:S:2",7,"2017-07-18",1,0,1
"E3","E3:CG","E3:CG:S","E3:CG:S:2",13,"2017-07-18",3,0,3
"E3","E3:CG","E3:CG:S","E3:CG:S:2",17,"2017-07-18",3,0.5,3.5
"E3","E3:CG","E3:CG:S","E3:CG:S:2",23,"2017-07-18",0.5,0,0.5
"E3","E3:CG","E3:CG:S","E3:CG:S:2",27,"2017-07-18",1,0,1
"E3","E3:CG","E3:CG:S","E3:CG:S:3",3,"2017-07-18",0,0,0
"E3","E3:CG","E3:CG:S","E3:CG:S:3",7,"2017-07-18",1,0,1
"E3","E3:CG","E3:CG:S","E3:CG:S:3",13,"2017-07-18",0.5,0,0.5
"E3","E3:CG","E3:CG:S","E3:CG:S:3",17,"2017-07-18",1,0,1
"E3","E3:CG","E3:CG:S","E3:CG:S:3",23,"2017-07-18",2,0,2
"E3","E3:CG","E3:CG:S","E3:CG:S:3",27,"2017-07-18",0,0,1
"E3","E3:CH","E3:CH:M","E3:CH:M:1",3,"2017-07-19",1,1,2
"E3","E3:CH","E3:CH:M","E3:CH:M:1",7,"2017-07-19",0.5,0,0.5
"E3","E3:CH","E3:CH:M","E3:CH:M:1",13,"2017-07-19",0.5,0,0.5
"E3","E3:CH","E3:CH:M","E3:CH:M:1",17,"2017-07-19",1,0,1
"E3","E3:CH","E3:CH:M","E3:CH:M:1",23,"2017-07-19",0.5,0,1
"E3","E3:CH","E3:CH:M","E3:CH:M:1",27,"2017-07-19",2,0,2
"E3","E3:CH","E3:CH:M","E3:CH:M:2",3,"2017-07-19",0,1,0
"E3","E3:CH","E3:CH:M","E3:CH:M:2",7,"2017-07-19",2,0,2
"E3","E3:CH","E3:CH:M","E3:CH:M:2",13,"2017-07-19",1,0,1
"E3","E3:CH","E3:CH:M","E3:CH:M:2",17,"2017-07-19",1,0,1
"E3","E3:CH","E3:CH:M","E3:CH:M:2",23,"2017-07-19",1.5,0,1.5
"E3","E3:CH","E3:CH:M","E3:CH:M:2",27,"2017-07-19",1,0,1
"E3","E3:CH","E3:CH:M","E3:CH:M:3",3,"2017-07-19",1,0.5,1
"E3","E3:CH","E3:CH:M","E3:CH:M:3",7,"2017-07-19",0,0,0
"E3","E3:CH","E3:CH:M","E3:CH:M:3",13,"2017-07-19",0.5,0.5,1
"E3","E3:CH","E3:CH:M","E3:CH:M:3",17,"2017-07-19",0.5,0,1
"E3","E3:CH","E3:CH:M","E3:CH:M:3",23,"2017-07-19",0.5,0,0.5
"E3","E3:CH","E3:CH:M","E3:CH:M:3",27,"2017-07-19",0.5,0,0.5
"E3","E3:CH","E3:CH:N","E3:CH:N:1",3,"2017-07-19",1,0.5,2
"E3","E3:CH","E3:CH:N","E3:CH:N:1",7,"2017-07-19",0.5,0,1
"E3","E3:CH","E3:CH:N","E3:CH:N:1",13,"2017-07-19",1,0,3
"E3","E3:CH","E3:CH:N","E3:CH:N:1",17,"2017-07-19",0.5,0,0.5
"E3","E3:CH","E3:CH:N","E3:CH:N:1",23,"2017-07-19",0.5,0.5,2
"E3","E3:CH","E3:CH:N","E3:CH:N:1",27,"2017-07-19",1,0.5,1
"E3","E3:CH","E3:CH:N","E3:CH:N:2",3,"2017-07-19",0,0,0
"E3","E3:CH","E3:CH:N","E3:CH:N:2",7,"2017-07-19",1,0,1
"E3","E3:CH","E3:CH:N","E3:CH:N:2",13,"2017-07-19",1,0,1
"E3","E3:CH","E3:CH:N","E3:CH:N:2",17,"2017-07-19",1.5,0,1.5
"E3","E3:CH","E3:CH:N","E3:CH:N:2",23,"2017-07-19",0,0,0
"E3","E3:CH","E3:CH:N","E3:CH:N:2",27,"2017-07-19",1,0.5,1
"E3","E3:CH","E3:CH:N","E3:CH:N:3",3,"2017-07-19",0.5,0,0.5
"E3","E3:CH","E3:CH:N","E3:CH:N:3",7,"2017-07-19",0,0,0
"E3","E3:CH","E3:CH:N","E3:CH:N:3",13,"2017-07-19",0.5,0,1
"E3","E3:CH","E3:CH:N","E3:CH:N:3",17,"2017-07-19",2,0,2.5
"E3","E3:CH","E3:CH:N","E3:CH:N:3",23,"2017-07-19",1,0,1
"E3","E3:CH","E3:CH:N","E3:CH:N:3",27,"2017-07-19",1,0,2
"E3","E3:CH","E3:CH:S","E3:CH:S:1",3,"2017-07-19",0.5,0,2
"E3","E3:CH","E3:CH:S","E3:CH:S:1",7,"2017-07-19",5,2,7
"E3","E3:CH","E3:CH:S","E3:CH:S:1",13,"2017-07-19",2,0,2
"E3","E3:CH","E3:CH:S","E3:CH:S:1",17,"2017-07-19",1,0,2
"E3","E3:CH","E3:CH:S","E3:CH:S:1",23,"2017-07-19",1,0,1
"E3","E3:CH","E3:CH:S","E3:CH:S:1",27,"2017-07-19",1,0.5,1
"E3","E3:CH","E3:CH:S","E3:CH:S:2",3,"2017-07-19",1,2,1
"E3","E3:CH","E3:CH:S","E3:CH:S:2",7,"2017-07-19",0,0,0
"E3","E3:CH","E3:CH:S","E3:CH:S:2",13,"2017-07-19",1,0.5,1
"E3","E3:CH","E3:CH:S","E3:CH:S:2",17,"2017-07-19",1,0,1
"E3","E3:CH","E3:CH:S","E3:CH:S:2",23,"2017-07-19",0,0,0
"E3","E3:CH","E3:CH:S","E3:CH:S:2",27,"2017-07-19",0,0,0
"E3","E3:CH","E3:CH:S","E3:CH:S:3",3,"2017-07-19",0.5,0,1
"E3","E3:CH","E3:CH:S","E3:CH:S:3",7,"2017-07-19",0.5,0.5,0.5
"E3","E3:CH","E3:CH:S","E3:CH:S:3",13,"2017-07-19",1,0,7
"E3","E3:CH","E3:CH:S","E3:CH:S:3",17,"2017-07-19",0.5,0,0.5
"E3","E3:CH","E3:CH:S","E3:CH:S:3",23,"2017-07-19",1,0.5,1
"E3","E3:CH","E3:CH:S","E3:CH:S:3",27,"2017-07-19",0,0,0
"E3","E3:CN","E3:CN:M","E3:CN:M:1",3,"2017-07-18",2,0,2
"E3","E3:CN","E3:CN:M","E3:CN:M:1",7,"2017-07-18",3,0,4
"E3","E3:CN","E3:CN:M","E3:CN:M:1",13,"2017-07-18",2,0.5,2
"E3","E3:CN","E3:CN:M","E3:CN:M:1",17,"2017-07-18",1,0,1
"E3","E3:CN","E3:CN:M","E3:CN:M:1",23,"2017-07-18",0,0,0
"E3","E3:CN","E3:CN:M","E3:CN:M:1",27,"2017-07-18",0,0,0
"E3","E3:CN","E3:CN:M","E3:CN:M:2",3,"2017-07-18",1,0,1
"E3","E3:CN","E3:CN:M","E3:CN:M:2",7,"2017-07-18",1,1,1
"E3","E3:CN","E3:CN:M","E3:CN:M:2",13,"2017-07-18",2,0,2
"E3","E3:CN","E3:CN:M","E3:CN:M:2",17,"2017-07-18",1,0,1
"E3","E3:CN","E3:CN:M","E3:CN:M:2",23,"2017-07-18",2,0,2
"E3","E3:CN","E3:CN:M","E3:CN:M:2",27,"2017-07-18",0,0,0
"E3","E3:CN","E3:CN:M","E3:CN:M:3",3,"2017-07-18",1,0.5,1
"E3","E3:CN","E3:CN:M","E3:CN:M:3",7,"2017-07-18",1,0,1.5
"E3","E3:CN","E3:CN:M","E3:CN:M:3",13,"2017-07-18",1,0,1
"E3","E3:CN","E3:CN:M","E3:CN:M:3",17,"2017-07-18",0.5,0,0.5
"E3","E3:CN","E3:CN:M","E3:CN:M:3",23,"2017-07-18",1,0.5,3
"E3","E3:CN","E3:CN:M","E3:CN:M:3",27,"2017-07-18",1,0.5,1
"E3","E3:CN","E3:CN:N","E3:CN:N:1",3,"2017-07-18",2,0,2
"E3","E3:CN","E3:CN:N","E3:CN:N:1",7,"2017-07-18",1,0,1
"E3","E3:CN","E3:CN:N","E3:CN:N:1",13,"2017-07-18",2,0,2
"E3","E3:CN","E3:CN:N","E3:CN:N:1",17,"2017-07-18",2,2,2
"E3","E3:CN","E3:CN:N","E3:CN:N:1",23,"2017-07-18",1,0,1
"E3","E3:CN","E3:CN:N","E3:CN:N:1",27,"2017-07-18",1,0,1
"E3","E3:CN","E3:CN:N","E3:CN:N:2",3,"2017-07-18",2,0.5,2
"E3","E3:CN","E3:CN:N","E3:CN:N:2",7,"2017-07-18",2,0,4
"E3","E3:CN","E3:CN:N","E3:CN:N:2",13,"2017-07-18",1,0.5,1
"E3","E3:CN","E3:CN:N","E3:CN:N:2",17,"2017-07-18",0.5,0.5,1
"E3","E3:CN","E3:CN:N","E3:CN:N:2",23,"2017-07-18",1,0,1
"E3","E3:CN","E3:CN:N","E3:CN:N:2",27,"2017-07-18",1,0,1
"E3","E3:CN","E3:CN:N","E3:CN:N:3",3,"2017-07-18",0.5,0,0.5
"E3","E3:CN","E3:CN:N","E3:CN:N:3",7,"2017-07-18",1,0,1
"E3","E3:CN","E3:CN:N","E3:CN:N:3",13,"2017-07-18",0.5,0,0.5
"E3","E3:CN","E3:CN:N","E3:CN:N:3",17,"2017-07-18",0.5,0,0.5
"E3","E3:CN","E3:CN:N","E3:CN:N:3",23,"2017-07-18",0,0,1
"E3","E3:CN","E3:CN:N","E3:CN:N:3",27,"2017-07-18",1,1,1
"E3","E3:CN","E3:CN:S","E3:CN:S:1",3,"2007-07-18",1,1,1
"E3","E3:CN","E3:CN:S","E3:CN:S:1",7,"2007-07-18",1,0,1
"E3","E3:CN","E3:CN:S","E3:CN:S:1",13,"2007-07-18",2,0,2
"E3","E3:CN","E3:CN:S","E3:CN:S:1",17,"2007-07-18",1,0,1
"E3","E3:CN","E3:CN:S","E3:CN:S:1",23,"2007-07-18",2,0,2
"E3","E3:CN","E3:CN:S","E3:CN:S:1",27,"2007-07-18",2.5,0,2.5
"E3","E3:CN","E3:CN:S","E3:CN:S:2",3,"2007-07-18",4,0,4
"E3","E3:CN","E3:CN:S","E3:CN:S:2",7,"2007-07-18",10,1,12
"E3","E3:CN","E3:CN:S","E3:CN:S:2",13,"2007-07-18",4,0,4
"E3","E3:CN","E3:CN:S","E3:CN:S:2",17,"2007-07-18",6,0.5,6
"E3","E3:CN","E3:CN:S","E3:CN:S:2",23,"2007-07-18",3,0,4
"E3","E3:CN","E3:CN:S","E3:CN:S:2",27,"2007-07-18",3,0,3
"E3","E3:CN","E3:CN:S","E3:CN:S:3",3,"2007-07-18",1,2,1
"E3","E3:CN","E3:CN:S","E3:CN:S:3",7,"2007-07-18",1,0,1
"E3","E3:CN","E3:CN:S","E3:CN:S:3",13,"2007-07-18",1,0,1
"E3","E3:CN","E3:CN:S","E3:CN:S:3",17,"2007-07-18",0,0,6
"E3","E3:CN","E3:CN:S","E3:CN:S:3",23,"2007-07-18",1,0,4
"E3","E3:CN","E3:CN:S","E3:CN:S:3",27,"2007-07-18",3,0,3
"E3","E3:EG","E3:EG:M","E3:EG:M:1",3,"2017-07-19",0,0,0
"E3","E3:EG","E3:EG:M","E3:EG:M:1",7,"2017-07-19",1,0,1
"E3","E3:EG","E3:EG:M","E3:EG:M:1",13,"2017-07-19",0,0,0
"E3","E3:EG","E3:EG:M","E3:EG:M:1",17,"2017-07-19",1,0,1
"E3","E3:EG","E3:EG:M","E3:EG:M:1",23,"2017-07-19",0,0,0
"E3","E3:EG","E3:EG:M","E3:EG:M:1",27,"2017-07-19",2,0,2
"E3","E3:EG","E3:EG:M","E3:EG:M:2",3,"2017-07-19",1,0,1
"E3","E3:EG","E3:EG:M","E3:EG:M:2",7,"2017-07-19",1,0,1
"E3","E3:EG","E3:EG:M","E3:EG:M:2",13,"2017-07-19",1,0,1
"E3","E3:EG","E3:EG:M","E3:EG:M:2",17,"2017-07-19",0.5,0,0.5
"E3","E3:EG","E3:EG:M","E3:EG:M:2",23,"2017-07-19",1,0,1
"E3","E3:EG","E3:EG:M","E3:EG:M:2",27,"2017-07-19",0,0,0
"E3","E3:EG","E3:EG:M","E3:EG:M:3",3,"2017-07-19",1,0.5,1
"E3","E3:EG","E3:EG:M","E3:EG:M:3",7,"2017-07-19",0.5,0,0.5
"E3","E3:EG","E3:EG:M","E3:EG:M:3",13,"2017-07-19",0,0,0
"E3","E3:EG","E3:EG:M","E3:EG:M:3",17,"2017-07-19",0,0,0
"E3","E3:EG","E3:EG:M","E3:EG:M:3",23,"2017-07-19",1,0,1
"E3","E3:EG","E3:EG:M","E3:EG:M:3",27,"2017-07-19",0,0,0
"E3","E3:EG","E3:EG:N","E3:EG:N:1",3,"2017-07-19",1,0.5,1
"E3","E3:EG","E3:EG:N","E3:EG:N:1",7,"2017-07-19",0.5,0,0.5
"E3","E3:EG","E3:EG:N","E3:EG:N:1",13,"2017-07-19",0,0,0
"E3","E3:EG","E3:EG:N","E3:EG:N:1",17,"2017-07-19",1,0,1
"E3","E3:EG","E3:EG:N","E3:EG:N:1",23,"2017-07-19",0.5,0.5,1
"E3","E3:EG","E3:EG:N","E3:EG:N:1",27,"2017-07-19",1,0,1.5
"E3","E3:EG","E3:EG:N","E3:EG:N:2",3,"2017-07-19",2,1,2
"E3","E3:EG","E3:EG:N","E3:EG:N:2",7,"2017-07-19",3,1,3
"E3","E3:EG","E3:EG:N","E3:EG:N:2",13,"2017-07-19",1,0,1
"E3","E3:EG","E3:EG:N","E3:EG:N:2",17,"2017-07-19",0,0,0
"E3","E3:EG","E3:EG:N","E3:EG:N:2",23,"2017-07-19",0,0,0
"E3","E3:EG","E3:EG:N","E3:EG:N:2",27,"2017-07-19",0.5,0,0.5
"E3","E3:EG","E3:EG:N","E3:EG:N:3",3,"2017-07-19",0.5,0,1
"E3","E3:EG","E3:EG:N","E3:EG:N:3",7,"2017-07-19",0,0,0
"E3","E3:EG","E3:EG:N","E3:EG:N:3",13,"2017-07-19",0.5,0,0.5
"E3","E3:EG","E3:EG:N","E3:EG:N:3",17,"2017-07-19",0,0,0
"E3","E3:EG","E3:EG:N","E3:EG:N:3",23,"2017-07-19",0,0,0
"E3","E3:EG","E3:EG:N","E3:EG:N:3",27,"2017-07-19",0,0,0
"E3","E3:EG","E3:EG:S","E3:EG:S:1",3,"2017-07-17",0,0,0
"E3","E3:EG","E3:EG:S","E3:EG:S:1",7,"2017-07-17",0,0,0
"E3","E3:EG","E3:EG:S","E3:EG:S:1",13,"2017-07-17",0.5,0,0.5
"E3","E3:EG","E3:EG:S","E3:EG:S:1",17,"2017-07-17",1,0,1
"E3","E3:EG","E3:EG:S","E3:EG:S:1",23,"2017-07-17",1,0,1
"E3","E3:EG","E3:EG:S","E3:EG:S:1",27,"2017-07-17",2,0,2
"E3","E3:EG","E3:EG:S","E3:EG:S:2",3,"2017-07-17",0.5,0,0.5
"E3","E3:EG","E3:EG:S","E3:EG:S:2",7,"2017-07-17",1,0,1
"E3","E3:EG","E3:EG:S","E3:EG:S:2",13,"2017-07-17",0.5,0,1
"E3","E3:EG","E3:EG:S","E3:EG:S:2",17,"2017-07-17",2,1,5
"E3","E3:EG","E3:EG:S","E3:EG:S:2",23,"2017-07-17",0.5,0,1
"E3","E3:EG","E3:EG:S","E3:EG:S:2",27,"2017-07-17",2,0,2
"E3","E3:EG","E3:EG:S","E3:EG:S:3",3,"2017-07-17",0,0,0
"E3","E3:EG","E3:EG:S","E3:EG:S:3",7,"2017-07-17",2,0,2
"E3","E3:EG","E3:EG:S","E3:EG:S:3",13,"2017-07-17",2,1,5
"E3","E3:EG","E3:EG:S","E3:EG:S:3",17,"2017-07-17",2,1,2
"E3","E3:EG","E3:EG:S","E3:EG:S:3",23,"2017-07-17",3,0,3
"E3","E3:EG","E3:EG:S","E3:EG:S:3",27,"2017-07-17",5,0,5
"E3","E3:EH","E3:EH:M","E3:EH:M:1",3,"2017-07-18",2,0,2
"E3","E3:EH","E3:EH:M","E3:EH:M:1",7,"2017-07-18",0.5,0,3
"E3","E3:EH","E3:EH:M","E3:EH:M:1",13,"2017-07-18",2,0,3
"E3","E3:EH","E3:EH:M","E3:EH:M:1",17,"2017-07-18",1,0,2
"E3","E3:EH","E3:EH:M","E3:EH:M:1",23,"2017-07-18",2,0,2
"E3","E3:EH","E3:EH:M","E3:EH:M:1",27,"2017-07-18",3,0,3
"E3","E3:EH","E3:EH:M","E3:EH:M:2",3,"2017-07-18",2,0,2
"E3","E3:EH","E3:EH:M","E3:EH:M:2",7,"2017-07-18",0.5,0,0.5
"E3","E3:EH","E3:EH:M","E3:EH:M:2",13,"2017-07-18",0.5,0,0.5
"E3","E3:EH","E3:EH:M","E3:EH:M:2",17,"2017-07-18",0.5,0,0.5
"E3","E3:EH","E3:EH:M","E3:EH:M:2",23,"2017-07-18",1.5,0,1.5
"E3","E3:EH","E3:EH:M","E3:EH:M:2",27,"2017-07-18",0.5,0,0.5
"E3","E3:EH","E3:EH:M","E3:EH:M:3",3,"2017-07-18",1,0,1
"E3","E3:EH","E3:EH:M","E3:EH:M:3",7,"2017-07-18",2,0,2
"E3","E3:EH","E3:EH:M","E3:EH:M:3",13,"2017-07-18",2,0.5,3
"E3","E3:EH","E3:EH:M","E3:EH:M:3",17,"2017-07-18",2.5,0.5,3
"E3","E3:EH","E3:EH:M","E3:EH:M:3",23,"2017-07-18",2,0,2
"E3","E3:EH","E3:EH:M","E3:EH:M:3",27,"2017-07-18",1,0,1
"E3","E3:EH","E3:EH:N","E3:EH:N:1",3,"2017-07-18",1,0,1
"E3","E3:EH","E3:EH:N","E3:EH:N:1",7,"2017-07-18",1,0,1.5
"E3","E3:EH","E3:EH:N","E3:EH:N:1",13,"2017-07-18",1,0,1
"E3","E3:EH","E3:EH:N","E3:EH:N:1",17,"2017-07-18",1,0,1.5
"E3","E3:EH","E3:EH:N","E3:EH:N:1",23,"2017-07-18",0.5,0,0.5
"E3","E3:EH","E3:EH:N","E3:EH:N:1",27,"2017-07-18",0,0,0
"E3","E3:EH","E3:EH:N","E3:EH:N:2",3,"2017-07-18",1,1,1
"E3","E3:EH","E3:EH:N","E3:EH:N:2",7,"2017-07-18",1,0,1
"E3","E3:EH","E3:EH:N","E3:EH:N:2",13,"2017-07-18",1,1,1
"E3","E3:EH","E3:EH:N","E3:EH:N:2",17,"2017-07-18",1,0,1
"E3","E3:EH","E3:EH:N","E3:EH:N:2",23,"2017-07-18",1,0.5,1
"E3","E3:EH","E3:EH:N","E3:EH:N:2",27,"2017-07-18",1,0,2
"E3","E3:EH","E3:EH:N","E3:EH:N:3",3,"2017-07-18",1,0,1
"E3","E3:EH","E3:EH:N","E3:EH:N:3",7,"2017-07-18",2,0,2
"E3","E3:EH","E3:EH:N","E3:EH:N:3",13,"2017-07-18",0.5,0,0.5
"E3","E3:EH","E3:EH:N","E3:EH:N:3",17,"2017-07-18",0.5,0,0.5
"E3","E3:EH","E3:EH:N","E3:EH:N:3",23,"2017-07-18",0,0,0
"E3","E3:EH","E3:EH:N","E3:EH:N:3",27,"2017-07-18",0,0,0
"E3","E3:EH","E3:EH:S","E3:EH:S:1",3,"2017-07-18",0.5,0,0.5
"E3","E3:EH","E3:EH:S","E3:EH:S:1",7,"2017-07-18",2,1,2
"E3","E3:EH","E3:EH:S","E3:EH:S:1",13,"2017-07-18",1,1,2
"E3","E3:EH","E3:EH:S","E3:EH:S:1",17,"2017-07-18",2,1,3
"E3","E3:EH","E3:EH:S","E3:EH:S:1",23,"2017-07-18",1,0,1
"E3","E3:EH","E3:EH:S","E3:EH:S:1",27,"2017-07-18",3,1,4
"E3","E3:EH","E3:EH:S","E3:EH:S:2",3,"2017-07-18",1,0,1
"E3","E3:EH","E3:EH:S","E3:EH:S:2",7,"2017-07-18",2,1,3
"E3","E3:EH","E3:EH:S","E3:EH:S:2",13,"2017-07-18",0.5,0.5,1
"E3","E3:EH","E3:EH:S","E3:EH:S:2",17,"2017-07-18",1,1,1
"E3","E3:EH","E3:EH:S","E3:EH:S:2",23,"2017-07-18",0.5,0,0.5
"E3","E3:EH","E3:EH:S","E3:EH:S:2",27,"2017-07-18",2,1,2
"E3","E3:EH","E3:EH:S","E3:EH:S:3",3,"2017-07-18",2,2,2
"E3","E3:EH","E3:EH:S","E3:EH:S:3",7,"2017-07-18",1,0,1
"E3","E3:EH","E3:EH:S","E3:EH:S:3",13,"2017-07-18",1.5,0,1.5
"E3","E3:EH","E3:EH:S","E3:EH:S:3",17,"2017-07-18",1,0,1
"E3","E3:EH","E3:EH:S","E3:EH:S:3",23,"2017-07-18",2,0,2
"E3","E3:EH","E3:EH:S","E3:EH:S:3",27,"2017-07-18",0,0,0
"E3","E3:EN","E3:EN:M","E3:EN:M:1",3,"2017-07-19",1,0,2
"E3","E3:EN","E3:EN:M","E3:EN:M:1",7,"2017-07-19",1.5,0,2
"E3","E3:EN","E3:EN:M","E3:EN:M:1",13,"2017-07-19",1,1,2
"E3","E3:EN","E3:EN:M","E3:EN:M:1",17,"2017-07-19",0,0,0
"E3","E3:EN","E3:EN:M","E3:EN:M:1",23,"2017-07-19",0,0,0
"E3","E3:EN","E3:EN:M","E3:EN:M:1",27,"2017-07-19",1,0,1
"E3","E3:EN","E3:EN:M","E3:EN:M:2",3,"2017-07-19",1,0,1
"E3","E3:EN","E3:EN:M","E3:EN:M:2",7,"2017-07-19",0.5,0,0.5
"E3","E3:EN","E3:EN:M","E3:EN:M:2",13,"2017-07-19",1,0,1
"E3","E3:EN","E3:EN:M","E3:EN:M:2",17,"2017-07-19",1,0,1
"E3","E3:EN","E3:EN:M","E3:EN:M:2",23,"2017-07-19",1,1,1
"E3","E3:EN","E3:EN:M","E3:EN:M:2",27,"2017-07-19",0,0,0
"E3","E3:EN","E3:EN:M","E3:EN:M:3",3,"2017-07-19",0,0,1
"E3","E3:EN","E3:EN:M","E3:EN:M:3",7,"2017-07-19",1,0,2
"E3","E3:EN","E3:EN:M","E3:EN:M:3",13,"2017-07-19",0.5,0,0.5
"E3","E3:EN","E3:EN:M","E3:EN:M:3",17,"2017-07-19",2,1,2
"E3","E3:EN","E3:EN:M","E3:EN:M:3",23,"2017-07-19",2,0,2
"E3","E3:EN","E3:EN:M","E3:EN:M:3",27,"2017-07-19",0.5,0,0.5
"E3","E3:EN","E3:EN:N","E3:EN:N:1",3,"2017-07-19",2,1,2
"E3","E3:EN","E3:EN:N","E3:EN:N:1",7,"2017-07-19",2,2,2
"E3","E3:EN","E3:EN:N","E3:EN:N:1",13,"2017-07-19",2,2,2
"E3","E3:EN","E3:EN:N","E3:EN:N:1",17,"2017-07-19",1,0,1
"E3","E3:EN","E3:EN:N","E3:EN:N:1",23,"2017-07-19",1,0,1
"E3","E3:EN","E3:EN:N","E3:EN:N:1",27,"2017-07-19",1,1,1
"E3","E3:EN","E3:EN:N","E3:EN:N:2",3,"2017-07-19",0.5,0,1
"E3","E3:EN","E3:EN:N","E3:EN:N:2",7,"2017-07-19",0,0,0
"E3","E3:EN","E3:EN:N","E3:EN:N:2",13,"2017-07-19",0.5,0,0.5
"E3","E3:EN","E3:EN:N","E3:EN:N:2",17,"2017-07-19",0.5,0,0.5
"E3","E3:EN","E3:EN:N","E3:EN:N:2",23,"2017-07-19",1,0,1.5
"E3","E3:EN","E3:EN:N","E3:EN:N:2",27,"2017-07-19",0.5,0,0.5
"E3","E3:EN","E3:EN:N","E3:EN:N:3",3,"2017-07-19",1.5,0,1.5
"E3","E3:EN","E3:EN:N","E3:EN:N:3",7,"2017-07-19",1,0,1
"E3","E3:EN","E3:EN:N","E3:EN:N:3",13,"2017-07-19",0.5,0,0.5
"E3","E3:EN","E3:EN:N","E3:EN:N:3",17,"2017-07-19",0,0,0
"E3","E3:EN","E3:EN:N","E3:EN:N:3",23,"2017-07-19",1,2,1
"E3","E3:EN","E3:EN:N","E3:EN:N:3",27,"2017-07-19",0.5,0,0.5
"E3","E3:EN","E3:EN:S","E3:EN:S:1",3,"2017-07-19",1,0,1
"E3","E3:EN","E3:EN:S","E3:EN:S:1",7,"2017-07-19",3,1,8
"E3","E3:EN","E3:EN:S","E3:EN:S:1",13,"2017-07-19",1,1,2
"E3","E3:EN","E3:EN:S","E3:EN:S:1",17,"2017-07-19",2,1,2
"E3","E3:EN","E3:EN:S","E3:EN:S:1",23,"2017-07-19",0.5,1,2
"E3","E3:EN","E3:EN:S","E3:EN:S:1",27,"2017-07-19",1,0.5,3
"E3","E3:EN","E3:EN:S","E3:EN:S:2",3,"2017-07-19",0.5,1.5,0.5
"E3","E3:EN","E3:EN:S","E3:EN:S:2",7,"2017-07-19",2,0,2
"E3","E3:EN","E3:EN:S","E3:EN:S:2",13,"2017-07-19",0,2,0
"E3","E3:EN","E3:EN:S","E3:EN:S:2",17,"2017-07-19",1,0,1
"E3","E3:EN","E3:EN:S","E3:EN:S:2",23,"2017-07-19",0,0,0
"E3","E3:EN","E3:EN:S","E3:EN:S:2",27,"2017-07-19",2,0,2
"E3","E3:EN","E3:EN:S","E3:EN:S:3",3,"2017-07-19",0.5,0.5,4
"E3","E3:EN","E3:EN:S","E3:EN:S:3",7,"2017-07-19",1,0,1
"E3","E3:EN","E3:EN:S","E3:EN:S:3",13,"2017-07-19",1,0,1
"E3","E3:EN","E3:EN:S","E3:EN:S:3",17,"2017-07-19",1,0.5,1
"E3","E3:EN","E3:EN:S","E3:EN:S:3",23,"2017-07-19",0.5,0.5,2
"E3","E3:EN","E3:EN:S","E3:EN:S:3",27,"2017-07-19",2,0,3
"E4","E4:CG","E4:CG:M","E4:CG:M:1",3,"2018-05-30",3,4,3
"E4","E4:CG","E4:CG:M","E4:CG:M:1",7,"2018-05-30",0,4,2
"E4","E4:CG","E4:CG:M","E4:CG:M:1",13,"2018-05-30",1,0,49
"E4","E4:CG","E4:CG:M","E4:CG:M:1",17,"2018-05-30",3,2,20
"E4","E4:CG","E4:CG:M","E4:CG:M:1",23,"2018-05-30",1,0,2
"E4","E4:CG","E4:CG:M","E4:CG:M:1",27,"2018-05-30",2,2,2
"E4","E4:CG","E4:CG:M","E4:CG:M:2",3,"2018-05-30",1,0,1
"E4","E4:CG","E4:CG:M","E4:CG:M:2",7,"2018-05-30",0,2,0
"E4","E4:CG","E4:CG:M","E4:CG:M:2",13,"2018-05-30",1,1,1
"E4","E4:CG","E4:CG:M","E4:CG:M:2",17,"2018-05-30",3,2,0
"E4","E4:CG","E4:CG:M","E4:CG:M:2",23,"2018-05-30",0,0,0
"E4","E4:CG","E4:CG:M","E4:CG:M:2",27,"2018-05-30",0,0,0
"E4","E4:CG","E4:CG:M","E4:CG:M:3",3,"2018-05-30",1,2,1
"E4","E4:CG","E4:CG:M","E4:CG:M:3",7,"2018-05-30",1,0,1
"E4","E4:CG","E4:CG:M","E4:CG:M:3",13,"2018-05-30",0,0,0
"E4","E4:CG","E4:CG:M","E4:CG:M:3",17,"2018-05-30",0,0,0
"E4","E4:CG","E4:CG:M","E4:CG:M:3",23,"2018-05-30",1,1,4
"E4","E4:CG","E4:CG:M","E4:CG:M:3",27,"2018-05-30",3,4,3
"E4","E4:CG","E4:CG:N","E4:CG:N:1",3,"2018-05-30",0,0,0
"E4","E4:CG","E4:CG:N","E4:CG:N:1",7,"2018-05-30",2,0,45
"E4","E4:CG","E4:CG:N","E4:CG:N:1",13,"2018-05-30",2,2,23
"E4","E4:CG","E4:CG:N","E4:CG:N:1",17,"2018-05-30",0,0,0
"E4","E4:CG","E4:CG:N","E4:CG:N:1",23,"2018-05-30",0,0,0
"E4","E4:CG","E4:CG:N","E4:CG:N:1",27,"2018-05-30",0,0,0
"E4","E4:CG","E4:CG:N","E4:CG:N:2",3,"2018-05-30",1,3,1
"E4","E4:CG","E4:CG:N","E4:CG:N:2",7,"2018-05-30",0,5,0
"E4","E4:CG","E4:CG:N","E4:CG:N:2",13,"2018-05-30",0,1,1
"E4","E4:CG","E4:CG:N","E4:CG:N:2",17,"2018-05-30",1,0,1
"E4","E4:CG","E4:CG:N","E4:CG:N:2",23,"2018-05-30",4,3,12
"E4","E4:CG","E4:CG:N","E4:CG:N:2",27,"2018-05-30",1,0,1
"E4","E4:CG","E4:CG:N","E4:CG:N:3",3,"2018-05-30",1,0,3
"E4","E4:CG","E4:CG:N","E4:CG:N:3",7,"2018-05-30",1,0,1
"E4","E4:CG","E4:CG:N","E4:CG:N:3",13,"2018-05-30",2,0,11
"E4","E4:CG","E4:CG:N","E4:CG:N:3",17,"2018-05-30",2,0,2
"E4","E4:CG","E4:CG:N","E4:CG:N:3",23,"2018-05-30",0,0,0
"E4","E4:CG","E4:CG:N","E4:CG:N:3",27,"2018-05-30",1,0,17
"E4","E4:CG","E4:CG:S","E4:CG:S:1",3,"2018-08-30",4,6,30
"E4","E4:CG","E4:CG:S","E4:CG:S:1",7,"2018-08-30",1,0,4
"E4","E4:CG","E4:CG:S","E4:CG:S:1",13,"2018-08-30",2,2,2
"E4","E4:CG","E4:CG:S","E4:CG:S:1",17,"2018-08-30",4,8,10
"E4","E4:CG","E4:CG:S","E4:CG:S:1",23,"2018-08-30",0,0,0
"E4","E4:CG","E4:CG:S","E4:CG:S:1",27,"2018-08-30",0,0,1
"E4","E4:CG","E4:CG:S","E4:CG:S:2",3,"2018-08-30",1,0,1
"E4","E4:CG","E4:CG:S","E4:CG:S:2",7,"2018-08-30",0,0,0
"E4","E4:CG","E4:CG:S","E4:CG:S:2",13,"2018-08-30",2,0,55
"E4","E4:CG","E4:CG:S","E4:CG:S:2",17,"2018-08-30",5,1,78
"E4","E4:CG","E4:CG:S","E4:CG:S:2",23,"2018-08-30",1,0,24
"E4","E4:CG","E4:CG:S","E4:CG:S:2",27,"2018-08-30",1,0,49
"E4","E4:CG","E4:CG:S","E4:CG:S:3",3,"2018-08-30",0,2,1
"E4","E4:CG","E4:CG:S","E4:CG:S:3",7,"2018-08-30",0,2,0
"E4","E4:CG","E4:CG:S","E4:CG:S:3",13,"2018-08-30",0,0,0
"E4","E4:CG","E4:CG:S","E4:CG:S:3",17,"2018-08-30",0,0,0
"E4","E4:CG","E4:CG:S","E4:CG:S:3",23,"2018-08-30",0,0,6
"E4","E4:CG","E4:CG:S","E4:CG:S:3",27,"2018-08-30",4,2,8
"E4","E4:CH","E4:CH:M","E4:CH:M:1",3,"2018-05-29",1,2,1
"E4","E4:CH","E4:CH:M","E4:CH:M:1",7,"2018-05-29",2,4,2
"E4","E4:CH","E4:CH:M","E4:CH:M:1",13,"2018-05-29",0,0,0
"E4","E4:CH","E4:CH:M","E4:CH:M:1",17,"2018-05-29",2,2,24
"E4","E4:CH","E4:CH:M","E4:CH:M:1",23,"2018-05-29",2,1,10
"E4","E4:CH","E4:CH:M","E4:CH:M:1",27,"2018-05-29",4,8,10
"E4","E4:CH","E4:CH:M","E4:CH:M:2",3,"2018-05-29",1,0,7
"E4","E4:CH","E4:CH:M","E4:CH:M:2",7,"2018-05-29",1,0,25
"E4","E4:CH","E4:CH:M","E4:CH:M:2",13,"2018-05-29",1,1,6
"E4","E4:CH","E4:CH:M","E4:CH:M:2",17,"2018-05-29",0,0,0
"E4","E4:CH","E4:CH:M","E4:CH:M:2",23,"2018-05-29",0,0,0
"E4","E4:CH","E4:CH:M","E4:CH:M:2",27,"2018-05-29",1,0,1
"E4","E4:CH","E4:CH:M","E4:CH:M:3",3,"2018-05-29",3,2,3
"E4","E4:CH","E4:CH:M","E4:CH:M:3",7,"2018-05-29",1,1,1
"E4","E4:CH","E4:CH:M","E4:CH:M:3",13,"2018-05-29",1,0,2
"E4","E4:CH","E4:CH:M","E4:CH:M:3",17,"2018-05-29",0,0,0
"E4","E4:CH","E4:CH:M","E4:CH:M:3",23,"2018-05-29",1,0,3
"E4","E4:CH","E4:CH:M","E4:CH:M:3",27,"2018-05-29",0,0,0
"E4","E4:CH","E4:CH:N","E4:CH:N:1",3,"2018-05-29",1,1,1
"E4","E4:CH","E4:CH:N","E4:CH:N:1",7,"2018-05-29",0,0,0
"E4","E4:CH","E4:CH:N","E4:CH:N:1",13,"2018-05-29",2,1,32
"E4","E4:CH","E4:CH:N","E4:CH:N:1",17,"2018-05-29",4,2,6
"E4","E4:CH","E4:CH:N","E4:CH:N:1",23,"2018-05-29",3,5,3
"E4","E4:CH","E4:CH:N","E4:CH:N:1",27,"2018-05-29",1,1,1
"E4","E4:CH","E4:CH:N","E4:CH:N:2",3,"2018-05-29",1,0,1
"E4","E4:CH","E4:CH:N","E4:CH:N:2",7,"2018-05-29",0,0,0
"E4","E4:CH","E4:CH:N","E4:CH:N:2",13,"2018-05-29",2,2,2
"E4","E4:CH","E4:CH:N","E4:CH:N:2",17,"2018-05-29",0,3,0
"E4","E4:CH","E4:CH:N","E4:CH:N:2",23,"2018-05-29",0,0,0
"E4","E4:CH","E4:CH:N","E4:CH:N:2",27,"2018-05-29",0,0,5
"E4","E4:CH","E4:CH:N","E4:CH:N:3",3,"2018-05-29",1,0,1
"E4","E4:CH","E4:CH:N","E4:CH:N:3",7,"2018-05-29",1,1,1
"E4","E4:CH","E4:CH:N","E4:CH:N:3",13,"2018-05-29",2,3,80
"E4","E4:CH","E4:CH:N","E4:CH:N:3",17,"2018-05-29",2,0,3
"E4","E4:CH","E4:CH:N","E4:CH:N:3",23,"2018-05-29",3,1,3
"E4","E4:CH","E4:CH:N","E4:CH:N:3",27,"2018-05-29",3,2,3
"E4","E4:CH","E4:CH:S","E4:CH:S:1",3,"2018-05-29",0,0,13
"E4","E4:CH","E4:CH:S","E4:CH:S:1",7,"2018-05-29",0,0,0
"E4","E4:CH","E4:CH:S","E4:CH:S:1",13,"2018-05-29",1,0,3
"E4","E4:CH","E4:CH:S","E4:CH:S:1",17,"2018-05-29",2,1,14
"E4","E4:CH","E4:CH:S","E4:CH:S:1",23,"2018-05-29",1,0,0
"E4","E4:CH","E4:CH:S","E4:CH:S:1",27,"2018-05-29",1,0,44
"E4","E4:CH","E4:CH:S","E4:CH:S:2",3,"2018-05-29",1,0,2
"E4","E4:CH","E4:CH:S","E4:CH:S:2",7,"2018-05-29",1,0,4
"E4","E4:CH","E4:CH:S","E4:CH:S:2",13,"2018-05-29",3,3,3
"E4","E4:CH","E4:CH:S","E4:CH:S:2",17,"2018-05-29",1,2,70
"E4","E4:CH","E4:CH:S","E4:CH:S:2",23,"2018-05-29",0,1,7
"E4","E4:CH","E4:CH:S","E4:CH:S:2",27,"2018-05-29",1,0,2
"E4","E4:CH","E4:CH:S","E4:CH:S:3",3,"2018-05-29",0,0,0
"E4","E4:CH","E4:CH:S","E4:CH:S:3",7,"2018-05-29",1,0,18
"E4","E4:CH","E4:CH:S","E4:CH:S:3",13,"2018-05-29",0,0,16
"E4","E4:CH","E4:CH:S","E4:CH:S:3",17,"2018-05-29",1,0,95
"E4","E4:CH","E4:CH:S","E4:CH:S:3",23,"2018-05-29",0,0,0
"E4","E4:CH","E4:CH:S","E4:CH:S:3",27,"2018-05-29",1,0,105
"E4","E4:CN","E4:CN:M","E4:CN:M:1",3,"2018-05-30",1,0,1
"E4","E4:CN","E4:CN:M","E4:CN:M:1",7,"2018-05-30",1,0,1
"E4","E4:CN","E4:CN:M","E4:CN:M:1",13,"2018-05-30",3,0,6
"E4","E4:CN","E4:CN:M","E4:CN:M:1",17,"2018-05-30",1,0,1
"E4","E4:CN","E4:CN:M","E4:CN:M:1",23,"2018-05-30",2,0,2
"E4","E4:CN","E4:CN:M","E4:CN:M:1",27,"2018-05-30",2,0,2
"E4","E4:CN","E4:CN:M","E4:CN:M:2",3,"2018-05-30",2,0,2
"E4","E4:CN","E4:CN:M","E4:CN:M:2",7,"2018-05-30",0,2,0
"E4","E4:CN","E4:CN:M","E4:CN:M:2",13,"2018-05-30",2,2,116
"E4","E4:CN","E4:CN:M","E4:CN:M:2",17,"2018-05-30",1,0,1
"E4","E4:CN","E4:CN:M","E4:CN:M:2",23,"2018-05-30",1,0,1
"E4","E4:CN","E4:CN:M","E4:CN:M:2",27,"2018-05-30",2,4,2
"E4","E4:CN","E4:CN:M","E4:CN:M:3",3,"2018-05-30",2,0,21
"E4","E4:CN","E4:CN:M","E4:CN:M:3",7,"2018-05-30",0,0,0
"E4","E4:CN","E4:CN:M","E4:CN:M:3",13,"2018-05-30",2,4,65
"E4","E4:CN","E4:CN:M","E4:CN:M:3",17,"2018-05-30",2,3,15
"E4","E4:CN","E4:CN:M","E4:CN:M:3",23,"2018-05-30",2,7,7
"E4","E4:CN","E4:CN:M","E4:CN:M:3",27,"2018-05-30",3,9,50
"E4","E4:CN","E4:CN:N","E4:CN:N:1",3,"2018-05-30",1,2,1
"E4","E4:CN","E4:CN:N","E4:CN:N:1",7,"2018-05-30",0,0,0
"E4","E4:CN","E4:CN:N","E4:CN:N:1",13,"2018-05-30",1,1,5
"E4","E4:CN","E4:CN:N","E4:CN:N:1",17,"2018-05-30",2,1,3
"E4","E4:CN","E4:CN:N","E4:CN:N:1",23,"2018-05-30",2,0,0
"E4","E4:CN","E4:CN:N","E4:CN:N:1",27,"2018-05-30",2,4,4
"E4","E4:CN","E4:CN:N","E4:CN:N:2",3,"2018-05-30",2,3,45
"E4","E4:CN","E4:CN:N","E4:CN:N:2",7,"2018-05-30",1,0,1
"E4","E4:CN","E4:CN:N","E4:CN:N:2",13,"2018-05-30",1,0,1
"E4","E4:CN","E4:CN:N","E4:CN:N:2",17,"2018-05-30",2,8,4
"E4","E4:CN","E4:CN:N","E4:CN:N:2",23,"2018-05-30",13,8,22
"E4","E4:CN","E4:CN:N","E4:CN:N:2",27,"2018-05-30",1,2,3
"E4","E4:CN","E4:CN:N","E4:CN:N:3",3,"2018-05-30",4,5,4
"E4","E4:CN","E4:CN:N","E4:CN:N:3",7,"2018-05-30",3,3,3
"E4","E4:CN","E4:CN:N","E4:CN:N:3",13,"2018-05-30",1,2,23
"E4","E4:CN","E4:CN:N","E4:CN:N:3",17,"2018-05-30",2,2,2
"E4","E4:CN","E4:CN:N","E4:CN:N:3",23,"2018-05-30",1,1,1
"E4","E4:CN","E4:CN:N","E4:CN:N:3",27,"2018-05-30",1,7,1
"E4","E4:CN","E4:CN:S","E4:CN:S:1",3,"2018-05-30",1,2,1
"E4","E4:CN","E4:CN:S","E4:CN:S:1",7,"2018-05-30",0,0,0
"E4","E4:CN","E4:CN:S","E4:CN:S:1",13,"2018-05-30",2,0,78
"E4","E4:CN","E4:CN:S","E4:CN:S:1",17,"2018-05-30",1,2,3
"E4","E4:CN","E4:CN:S","E4:CN:S:1",23,"2018-05-30",1,3,1
"E4","E4:CN","E4:CN:S","E4:CN:S:1",27,"2018-05-30",2,3,26
"E4","E4:CN","E4:CN:S","E4:CN:S:2",3,"2018-05-30",1,0,1
"E4","E4:CN","E4:CN:S","E4:CN:S:2",7,"2018-05-30",2,2,6
"E4","E4:CN","E4:CN:S","E4:CN:S:2",13,"2018-05-30",1,4,1
"E4","E4:CN","E4:CN:S","E4:CN:S:2",17,"2018-05-30",3,3,3
"E4","E4:CN","E4:CN:S","E4:CN:S:2",23,"2018-05-30",0,0,0
"E4","E4:CN","E4:CN:S","E4:CN:S:2",27,"2018-05-30",1,0,3
"E4","E4:CN","E4:CN:S","E4:CN:S:3",3,"2018-05-30",3,5,67
"E4","E4:CN","E4:CN:S","E4:CN:S:3",7,"2018-05-30",1,3,1
"E4","E4:CN","E4:CN:S","E4:CN:S:3",13,"2018-05-30",2,5,18
"E4","E4:CN","E4:CN:S","E4:CN:S:3",17,"2018-05-30",2,0,2
"E4","E4:CN","E4:CN:S","E4:CN:S:3",23,"2018-05-30",4,9,6
"E4","E4:CN","E4:CN:S","E4:CN:S:3",27,"2018-05-30",3,0,3
"E4","E4:EG","E4:EG:M","E4:EG:M:1",3,"2018-05-30",1,3,3
"E4","E4:EG","E4:EG:M","E4:EG:M:1",7,"2018-05-30",1,0,1
"E4","E4:EG","E4:EG:M","E4:EG:M:1",13,"2018-05-30",0,0,0
"E4","E4:EG","E4:EG:M","E4:EG:M:1",17,"2018-05-30",1,0,1
"E4","E4:EG","E4:EG:M","E4:EG:M:1",23,"2018-05-30",1,0,1
"E4","E4:EG","E4:EG:M","E4:EG:M:1",27,"2018-05-30",0,0,0
"E4","E4:EG","E4:EG:M","E4:EG:M:2",3,"2018-05-30",1,2,23
"E4","E4:EG","E4:EG:M","E4:EG:M:2",7,"2018-05-30",1,0,1
"E4","E4:EG","E4:EG:M","E4:EG:M:2",13,"2018-05-30",0,0,0
"E4","E4:EG","E4:EG:M","E4:EG:M:2",17,"2018-05-30",2,0,6
"E4","E4:EG","E4:EG:M","E4:EG:M:2",23,"2018-05-30",3,1,4
"E4","E4:EG","E4:EG:M","E4:EG:M:2",27,"2018-05-30",1,1,0
"E4","E4:EG","E4:EG:M","E4:EG:M:3",3,"2018-05-30",2,3,2
"E4","E4:EG","E4:EG:M","E4:EG:M:3",7,"2018-05-30",1,4,1
"E4","E4:EG","E4:EG:M","E4:EG:M:3",13,"2018-05-30",1,2,9
"E4","E4:EG","E4:EG:M","E4:EG:M:3",17,"2018-05-30",1,0,0
"E4","E4:EG","E4:EG:M","E4:EG:M:3",23,"2018-05-30",0,0,0
"E4","E4:EG","E4:EG:M","E4:EG:M:3",27,"2018-05-30",2,1,2
"E4","E4:EG","E4:EG:N","E4:EG:N:1",3,"2018-05-30",1,4,24
"E4","E4:EG","E4:EG:N","E4:EG:N:1",7,"2018-05-30",0,3,0
"E4","E4:EG","E4:EG:N","E4:EG:N:1",13,"2018-05-30",1,4,1
"E4","E4:EG","E4:EG:N","E4:EG:N:1",17,"2018-05-30",1,3,1
"E4","E4:EG","E4:EG:N","E4:EG:N:1",23,"2018-05-30",1,3,1
"E4","E4:EG","E4:EG:N","E4:EG:N:1",27,"2018-05-30",1,1,1
"E4","E4:EG","E4:EG:N","E4:EG:N:2",3,"2018-05-30",2,3,3
"E4","E4:EG","E4:EG:N","E4:EG:N:2",7,"2018-05-30",1,2,1
"E4","E4:EG","E4:EG:N","E4:EG:N:2",13,"2018-05-30",1,2,10
"E4","E4:EG","E4:EG:N","E4:EG:N:2",17,"2018-05-30",3,5,15
"E4","E4:EG","E4:EG:N","E4:EG:N:2",23,"2018-05-30",3,0,3
"E4","E4:EG","E4:EG:N","E4:EG:N:2",27,"2018-05-30",2,1,2
"E4","E4:EG","E4:EG:N","E4:EG:N:3",3,"2018-05-30",1,1,1
"E4","E4:EG","E4:EG:N","E4:EG:N:3",7,"2018-05-30",1,2,6
"E4","E4:EG","E4:EG:N","E4:EG:N:3",13,"2018-05-30",5,6,60
"E4","E4:EG","E4:EG:N","E4:EG:N:3",17,"2018-05-30",1,2,2
"E4","E4:EG","E4:EG:N","E4:EG:N:3",23,"2018-05-30",1,0,1
"E4","E4:EG","E4:EG:N","E4:EG:N:3",27,"2018-05-30",1,0,1
"E4","E4:EG","E4:EG:S","E4:EG:S:1",3,"2018-05-30",1,2,1
"E4","E4:EG","E4:EG:S","E4:EG:S:1",7,"2018-05-30",0,0,12
"E4","E4:EG","E4:EG:S","E4:EG:S:1",13,"2018-05-30",3,2,2
"E4","E4:EG","E4:EG:S","E4:EG:S:1",17,"2018-05-30",1,1,7
"E4","E4:EG","E4:EG:S","E4:EG:S:1",23,"2018-05-30",1,2,1
"E4","E4:EG","E4:EG:S","E4:EG:S:1",27,"2018-05-30",2,3,5
"E4","E4:EG","E4:EG:S","E4:EG:S:2",3,"2018-05-30",2,4,16
"E4","E4:EG","E4:EG:S","E4:EG:S:2",7,"2018-05-30",4,1,40
"E4","E4:EG","E4:EG:S","E4:EG:S:2",13,"2018-05-30",3,7,3
"E4","E4:EG","E4:EG:S","E4:EG:S:2",17,"2018-05-30",1,6,35
"E4","E4:EG","E4:EG:S","E4:EG:S:2",23,"2018-05-30",1,1,10
"E4","E4:EG","E4:EG:S","E4:EG:S:2",27,"2018-05-30",0,0,5
"E4","E4:EG","E4:EG:S","E4:EG:S:3",3,"2018-05-30",0,0,0
"E4","E4:EG","E4:EG:S","E4:EG:S:3",7,"2018-05-30",1,2,1
"E4","E4:EG","E4:EG:S","E4:EG:S:3",13,"2018-05-30",3,5,3
"E4","E4:EG","E4:EG:S","E4:EG:S:3",17,"2018-05-30",1,2,2
"E4","E4:EG","E4:EG:S","E4:EG:S:3",23,"2018-05-30",5,2,5
"E4","E4:EG","E4:EG:S","E4:EG:S:3",27,"2018-05-30",0,0,0
"E4","E4:EH","E4:EH:M","E4:EH:M:1",3,"2018-05-31",0,0,195
"E4","E4:EH","E4:EH:M","E4:EH:M:1",7,"2018-05-31",1,0,17
"E4","E4:EH","E4:EH:M","E4:EH:M:1",13,"2018-05-31",2,1,29
"E4","E4:EH","E4:EH:M","E4:EH:M:1",17,"2018-05-31",2,2,12
"E4","E4:EH","E4:EH:M","E4:EH:M:1",23,"2018-05-31",1,3,3
"E4","E4:EH","E4:EH:M","E4:EH:M:1",27,"2018-05-31",1,1,1
"E4","E4:EH","E4:EH:M","E4:EH:M:2",3,"2018-05-31",1,0,1
"E4","E4:EH","E4:EH:M","E4:EH:M:2",7,"2018-05-31",0,0,0
"E4","E4:EH","E4:EH:M","E4:EH:M:2",13,"2018-05-31",3,2,5
"E4","E4:EH","E4:EH:M","E4:EH:M:2",17,"2018-05-31",1,2,1
"E4","E4:EH","E4:EH:M","E4:EH:M:2",23,"2018-05-31",0,0,0
"E4","E4:EH","E4:EH:M","E4:EH:M:2",27,"2018-05-31",0,0,0
"E4","E4:EH","E4:EH:M","E4:EH:M:3",3,"2018-05-31",1,0,4
"E4","E4:EH","E4:EH:M","E4:EH:M:3",7,"2018-05-31",3,1,3
"E4","E4:EH","E4:EH:M","E4:EH:M:3",13,"2018-05-31",1,0,4
"E4","E4:EH","E4:EH:M","E4:EH:M:3",17,"2018-05-31",7,6,8
"E4","E4:EH","E4:EH:M","E4:EH:M:3",23,"2018-05-31",3,4,4
"E4","E4:EH","E4:EH:M","E4:EH:M:3",27,"2018-05-31",1,2,25
"E4","E4:EH","E4:EH:N","E4:EH:N:1",3,"2018-08-30",2,3,3
"E4","E4:EH","E4:EH:N","E4:EH:N:1",7,"2018-08-30",3,5,3
"E4","E4:EH","E4:EH:N","E4:EH:N:1",13,"2018-08-30",2,1,2
"E4","E4:EH","E4:EH:N","E4:EH:N:1",17,"2018-08-30",1,1,1
"E4","E4:EH","E4:EH:N","E4:EH:N:1",23,"2018-08-30",3,3,3
"E4","E4:EH","E4:EH:N","E4:EH:N:1",27,"2018-08-30",1,2,2
"E4","E4:EH","E4:EH:N","E4:EH:N:2",3,"2018-08-30",3,2,25
"E4","E4:EH","E4:EH:N","E4:EH:N:2",7,"2018-08-30",2,0,2
"E4","E4:EH","E4:EH:N","E4:EH:N:2",13,"2018-08-30",0,0,0
"E4","E4:EH","E4:EH:N","E4:EH:N:2",17,"2018-08-30",1,3,15
"E4","E4:EH","E4:EH:N","E4:EH:N:2",23,"2018-08-30",0,0,0
"E4","E4:EH","E4:EH:N","E4:EH:N:2",27,"2018-08-30",4,3,60
"E4","E4:EH","E4:EH:N","E4:EH:N:3",3,"2018-08-30",1,2,1
"E4","E4:EH","E4:EH:N","E4:EH:N:3",7,"2018-08-30",4,2,4
"E4","E4:EH","E4:EH:N","E4:EH:N:3",13,"2018-08-30",2,3,2
"E4","E4:EH","E4:EH:N","E4:EH:N:3",17,"2018-08-30",2,2,12
"E4","E4:EH","E4:EH:N","E4:EH:N:3",23,"2018-08-30",5,4,20
"E4","E4:EH","E4:EH:N","E4:EH:N:3",27,"2018-08-30",2,4,14
"E4","E4:EH","E4:EH:S","E4:EH:S:1",3,"2018-08-30",1,3,15
"E4","E4:EH","E4:EH:S","E4:EH:S:1",7,"2018-08-30",0,2,27
"E4","E4:EH","E4:EH:S","E4:EH:S:1",13,"2018-08-30",2,4,2
"E4","E4:EH","E4:EH:S","E4:EH:S:1",17,"2018-08-30",2,1,2
"E4","E4:EH","E4:EH:S","E4:EH:S:1",23,"2018-08-30",1,0,1
"E4","E4:EH","E4:EH:S","E4:EH:S:1",27,"2018-08-30",1,0,55
"E4","E4:EH","E4:EH:S","E4:EH:S:2",3,"2018-08-30",1,0,1
"E4","E4:EH","E4:EH:S","E4:EH:S:2",7,"2018-08-30",1,0,1
"E4","E4:EH","E4:EH:S","E4:EH:S:2",13,"2018-08-30",2,1,3
"E4","E4:EH","E4:EH:S","E4:EH:S:2",17,"2018-08-30",2,1,3
"E4","E4:EH","E4:EH:S","E4:EH:S:2",23,"2018-08-30",1,1,1
"E4","E4:EH","E4:EH:S","E4:EH:S:2",27,"2018-08-30",1,1,18
"E4","E4:EH","E4:EH:S","E4:EH:S:3",3,"2018-08-30",1,2,1
"E4","E4:EH","E4:EH:S","E4:EH:S:3",7,"2018-08-30",1,1,4
"E4","E4:EH","E4:EH:S","E4:EH:S:3",13,"2018-08-30",4,7,6
"E4","E4:EH","E4:EH:S","E4:EH:S:3",17,"2018-08-30",1,1,1
"E4","E4:EH","E4:EH:S","E4:EH:S:3",23,"2018-08-30",1,0,9
"E4","E4:EH","E4:EH:S","E4:EH:S:3",27,"2018-08-30",2,4,9
"E4","E4:EN","E4:EN:M","E4:EN:M:1",3,"2018-05-31",1,3,7
"E4","E4:EN","E4:EN:M","E4:EN:M:1",7,"2018-05-31",1,1,17
"E4","E4:EN","E4:EN:M","E4:EN:M:1",13,"2018-05-31",3,3,12
"E4","E4:EN","E4:EN:M","E4:EN:M:1",17,"2018-05-31",2,0,4
"E4","E4:EN","E4:EN:M","E4:EN:M:1",23,"2018-05-31",0,0,3
"E4","E4:EN","E4:EN:M","E4:EN:M:1",27,"2018-05-31",1,2,9
"E4","E4:EN","E4:EN:M","E4:EN:M:2",3,"2018-05-31",2,3,2
"E4","E4:EN","E4:EN:M","E4:EN:M:2",7,"2018-05-31",3,3,4
"E4","E4:EN","E4:EN:M","E4:EN:M:2",13,"2018-05-31",4,3,14
"E4","E4:EN","E4:EN:M","E4:EN:M:2",17,"2018-05-31",0,0,1
"E4","E4:EN","E4:EN:M","E4:EN:M:2",23,"2018-05-31",2,0,3
"E4","E4:EN","E4:EN:M","E4:EN:M:2",27,"2018-05-31",7,4,20
"E4","E4:EN","E4:EN:M","E4:EN:M:3",3,"2018-05-31",0,0,31
"E4","E4:EN","E4:EN:M","E4:EN:M:3",7,"2018-05-31",2,3,6
"E4","E4:EN","E4:EN:M","E4:EN:M:3",13,"2018-05-31",3,0,3
"E4","E4:EN","E4:EN:M","E4:EN:M:3",17,"2018-05-31",1,1,5
"E4","E4:EN","E4:EN:M","E4:EN:M:3",23,"2018-05-31",4,1,7
"E4","E4:EN","E4:EN:M","E4:EN:M:3",27,"2018-05-31",3,0,3
"E4","E4:EN","E4:EN:N","E4:EN:N:1",3,"2018-05-31",1,1,1
"E4","E4:EN","E4:EN:N","E4:EN:N:1",7,"2018-05-31",1,1,1
"E4","E4:EN","E4:EN:N","E4:EN:N:1",13,"2018-05-31",2,1,38
"E4","E4:EN","E4:EN:N","E4:EN:N:1",17,"2018-05-31",3,2,3
"E4","E4:EN","E4:EN:N","E4:EN:N:1",23,"2018-05-31",2,0,2
"E4","E4:EN","E4:EN:N","E4:EN:N:1",27,"2018-05-31",5,2,55
"E4","E4:EN","E4:EN:N","E4:EN:N:2",3,"2018-05-31",2,2,30
"E4","E4:EN","E4:EN:N","E4:EN:N:2",7,"2018-05-31",2,1,8
"E4","E4:EN","E4:EN:N","E4:EN:N:2",13,"2018-05-31",3,3,7
"E4","E4:EN","E4:EN:N","E4:EN:N:2",17,"2018-05-31",1,2,9
"E4","E4:EN","E4:EN:N","E4:EN:N:2",23,"2018-05-31",2,1,10
"E4","E4:EN","E4:EN:N","E4:EN:N:2",27,"2018-05-31",1,2,7
"E4","E4:EN","E4:EN:N","E4:EN:N:3",3,"2018-05-31",3,0,3
"E4","E4:EN","E4:EN:N","E4:EN:N:3",7,"2018-05-31",0,0,22
"E4","E4:EN","E4:EN:N","E4:EN:N:3",13,"2018-05-31",0,0,0
"E4","E4:EN","E4:EN:N","E4:EN:N:3",17,"2018-05-31",1,0,1
"E4","E4:EN","E4:EN:N","E4:EN:N:3",23,"2018-05-31",0,0,0
"E4","E4:EN","E4:EN:N","E4:EN:N:3",27,"2018-05-31",0,2,1
"E4","E4:EN","E4:EN:S","E4:EN:S:1",3,"2018-05-31",1,0,3
"E4","E4:EN","E4:EN:S","E4:EN:S:1",7,"2018-05-31",2,1,2
"E4","E4:EN","E4:EN:S","E4:EN:S:1",13,"2018-05-31",2,2,2
"E4","E4:EN","E4:EN:S","E4:EN:S:1",17,"2018-05-31",1,1,1
"E4","E4:EN","E4:EN:S","E4:EN:S:1",23,"2018-05-31",1,2,9
"E4","E4:EN","E4:EN:S","E4:EN:S:1",27,"2018-05-31",1,0,1
"E4","E4:EN","E4:EN:S","E4:EN:S:2",3,"2018-05-31",1,2,1
"E4","E4:EN","E4:EN:S","E4:EN:S:2",7,"2018-05-31",1,2,1
"E4","E4:EN","E4:EN:S","E4:EN:S:2",13,"2018-05-31",1,3,1
"E4","E4:EN","E4:EN:S","E4:EN:S:2",17,"2018-05-31",2,5,2
"E4","E4:EN","E4:EN:S","E4:EN:S:2",23,"2018-05-31",1,0,1
"E4","E4:EN","E4:EN:S","E4:EN:S:2",27,"2018-05-31",5,8,7
"E4","E4:EN","E4:EN:S","E4:EN:S:3",3,"2018-05-31",1,1,1
"E4","E4:EN","E4:EN:S","E4:EN:S:3",7,"2018-05-31",1,0,1
"E4","E4:EN","E4:EN:S","E4:EN:S:3",13,"2018-05-31",2,3,7
"E4","E4:EN","E4:EN:S","E4:EN:S:3",17,"2018-05-31",1,1,1
"E4","E4:EN","E4:EN:S","E4:EN:S:3",23,"2018-05-31",1,0,1
"E4","E4:EN","E4:EN:S","E4:EN:S:3",27,"2018-05-31",1,0,1
"E5","E5:CG","E5:CG:M","E5:CG:M:1",3,"2018-05-25",2,1,2
"E5","E5:CG","E5:CG:M","E5:CG:M:1",7,"2018-05-25",2,1,15
"E5","E5:CG","E5:CG:M","E5:CG:M:1",13,"2018-05-25",4,2,24
"E5","E5:CG","E5:CG:M","E5:CG:M:1",17,"2018-05-25",1,1,2
"E5","E5:CG","E5:CG:M","E5:CG:M:1",23,"2018-05-25",2,1,3
"E5","E5:CG","E5:CG:M","E5:CG:M:1",27,"2018-05-25",4,2,8
"E5","E5:CG","E5:CG:M","E5:CG:M:2",3,"2018-05-25",3,3,3
"E5","E5:CG","E5:CG:M","E5:CG:M:2",7,"2018-05-25",2,3,2
"E5","E5:CG","E5:CG:M","E5:CG:M:2",13,"2018-05-25",2,5,2
"E5","E5:CG","E5:CG:M","E5:CG:M:2",17,"2018-05-25",2,4,2
"E5","E5:CG","E5:CG:M","E5:CG:M:2",23,"2018-05-25",2,2,35
"E5","E5:CG","E5:CG:M","E5:CG:M:2",27,"2018-05-25",3,3,40
"E5","E5:CG","E5:CG:M","E5:CG:M:3",3,"2018-05-25",3,3,6
"E5","E5:CG","E5:CG:M","E5:CG:M:3",7,"2018-05-25",1,0,3
"E5","E5:CG","E5:CG:M","E5:CG:M:3",13,"2018-05-25",1,0,3
"E5","E5:CG","E5:CG:M","E5:CG:M:3",17,"2018-05-25",0,0,3
"E5","E5:CG","E5:CG:M","E5:CG:M:3",23,"2018-05-25",0,0,0
"E5","E5:CG","E5:CG:M","E5:CG:M:3",27,"2018-05-25",0,0,9
"E5","E5:CG","E5:CG:N","E5:CG:N:1",3,"2018-05-25",2,2,2
"E5","E5:CG","E5:CG:N","E5:CG:N:1",7,"2018-05-25",1,1,2
"E5","E5:CG","E5:CG:N","E5:CG:N:1",13,"2018-05-25",1,0,1
"E5","E5:CG","E5:CG:N","E5:CG:N:1",17,"2018-05-25",1,2,2
"E5","E5:CG","E5:CG:N","E5:CG:N:1",23,"2018-05-25",0,1,0
"E5","E5:CG","E5:CG:N","E5:CG:N:1",27,"2018-05-25",1,0,2
"E5","E5:CG","E5:CG:N","E5:CG:N:2",3,"2018-05-25",0,0,0
"E5","E5:CG","E5:CG:N","E5:CG:N:2",7,"2018-05-25",2,2,3
"E5","E5:CG","E5:CG:N","E5:CG:N:2",13,"2018-05-25",3,2,3
"E5","E5:CG","E5:CG:N","E5:CG:N:2",17,"2018-05-25",4,2,5
"E5","E5:CG","E5:CG:N","E5:CG:N:2",23,"2018-05-25",2,1,2
"E5","E5:CG","E5:CG:N","E5:CG:N:2",27,"2018-05-25",1,0,1
"E5","E5:CG","E5:CG:N","E5:CG:N:3",3,"2018-05-25",2,1,2
"E5","E5:CG","E5:CG:N","E5:CG:N:3",7,"2018-05-25",4,3,5
"E5","E5:CG","E5:CG:N","E5:CG:N:3",13,"2018-05-25",1,0,17
"E5","E5:CG","E5:CG:N","E5:CG:N:3",17,"2018-05-25",2,1,14
"E5","E5:CG","E5:CG:N","E5:CG:N:3",23,"2018-05-25",1,6,2
"E5","E5:CG","E5:CG:N","E5:CG:N:3",27,"2018-05-25",0,0,0
"E5","E5:CG","E5:CG:S","E5:CG:S:1",3,"2018-05-25",6,5,6
"E5","E5:CG","E5:CG:S","E5:CG:S:1",7,"2018-05-25",5,5,5
"E5","E5:CG","E5:CG:S","E5:CG:S:1",13,"2018-05-25",0,0,0
"E5","E5:CG","E5:CG:S","E5:CG:S:1",17,"2018-05-25",3,3,3
"E5","E5:CG","E5:CG:S","E5:CG:S:1",23,"2018-05-25",2,0,10
"E5","E5:CG","E5:CG:S","E5:CG:S:1",27,"2018-05-25",2,3,5
"E5","E5:CG","E5:CG:S","E5:CG:S:2",3,"2018-05-25",1,2,1
"E5","E5:CG","E5:CG:S","E5:CG:S:2",7,"2018-05-25",2,3,2
"E5","E5:CG","E5:CG:S","E5:CG:S:2",13,"2018-05-25",4,5,4
"E5","E5:CG","E5:CG:S","E5:CG:S:2",17,"2018-05-25",2,2,2
"E5","E5:CG","E5:CG:S","E5:CG:S:2",23,"2018-05-25",3,8,3
"E5","E5:CG","E5:CG:S","E5:CG:S:2",27,"2018-05-25",2,3,2
"E5","E5:CG","E5:CG:S","E5:CG:S:3",3,"2018-05-25",3,5,3
"E5","E5:CG","E5:CG:S","E5:CG:S:3",7,"2018-05-25",2,2,2
"E5","E5:CG","E5:CG:S","E5:CG:S:3",13,"2018-05-25",1,2,4
"E5","E5:CG","E5:CG:S","E5:CG:S:3",17,"2018-05-25",2,2,2
"E5","E5:CG","E5:CG:S","E5:CG:S:3",23,"2018-05-25",0,3,1
"E5","E5:CG","E5:CG:S","E5:CG:S:3",27,"2018-05-25",3,2,5
"E5","E5:CH","E5:CH:M","E5:CH:M:1",3,"2017-06-24",2,2,48
"E5","E5:CH","E5:CH:M","E5:CH:M:1",7,"2017-06-24",0,1,23
"E5","E5:CH","E5:CH:M","E5:CH:M:1",13,"2017-06-24",1,2,42
"E5","E5:CH","E5:CH:M","E5:CH:M:1",17,"2017-06-24",2,1,2
"E5","E5:CH","E5:CH:M","E5:CH:M:1",23,"2017-06-24",0,0,3
"E5","E5:CH","E5:CH:M","E5:CH:M:1",27,"2017-06-24",1,1,4
"E5","E5:CH","E5:CH:M","E5:CH:M:2",3,"2017-06-24",1,1,3
"E5","E5:CH","E5:CH:M","E5:CH:M:2",7,"2017-06-24",2,4,7
"E5","E5:CH","E5:CH:M","E5:CH:M:2",13,"2017-06-24",1,1,55
"E5","E5:CH","E5:CH:M","E5:CH:M:2",17,"2017-06-24",2,4,10
"E5","E5:CH","E5:CH:M","E5:CH:M:2",23,"2017-06-24",2,1,2
"E5","E5:CH","E5:CH:M","E5:CH:M:2",27,"2017-06-24",2,4,43
"E5","E5:CH","E5:CH:M","E5:CH:M:3",3,"2017-06-24",1,2,7
"E5","E5:CH","E5:CH:M","E5:CH:M:3",7,"2017-06-24",2,4,2
"E5","E5:CH","E5:CH:M","E5:CH:M:3",13,"2017-06-24",3,1,3
"E5","E5:CH","E5:CH:M","E5:CH:M:3",17,"2017-06-24",2,2,6
"E5","E5:CH","E5:CH:M","E5:CH:M:3",23,"2017-06-24",2,3,2
"E5","E5:CH","E5:CH:M","E5:CH:M:3",27,"2017-06-24",0,0,0
"E5","E5:CH","E5:CH:N","E5:CH:N:1",3,"2018-05-26",2,2,2
"E5","E5:CH","E5:CH:N","E5:CH:N:1",7,"2018-05-26",5,2,5
"E5","E5:CH","E5:CH:N","E5:CH:N:1",13,"2018-05-26",5,4,5
"E5","E5:CH","E5:CH:N","E5:CH:N:1",17,"2018-05-26",2,3,2
"E5","E5:CH","E5:CH:N","E5:CH:N:1",23,"2018-05-26",5,2,5
"E5","E5:CH","E5:CH:N","E5:CH:N:1",27,"2018-05-26",1,2,1
"E5","E5:CH","E5:CH:N","E5:CH:N:2",3,"2018-05-26",3,5,3
"E5","E5:CH","E5:CH:N","E5:CH:N:2",7,"2018-05-26",3,4,92
"E5","E5:CH","E5:CH:N","E5:CH:N:2",13,"2018-05-26",1,2,25
"E5","E5:CH","E5:CH:N","E5:CH:N:2",17,"2018-05-26",2,2,60
"E5","E5:CH","E5:CH:N","E5:CH:N:2",23,"2018-05-26",1,3,15
"E5","E5:CH","E5:CH:N","E5:CH:N:2",27,"2018-05-26",1,1,17
"E5","E5:CH","E5:CH:N","E5:CH:N:3",3,"2018-05-26",1,1,25
"E5","E5:CH","E5:CH:N","E5:CH:N:3",7,"2018-05-26",2,4,2
"E5","E5:CH","E5:CH:N","E5:CH:N:3",13,"2018-05-26",1,5,1
"E5","E5:CH","E5:CH:N","E5:CH:N:3",17,"2018-05-26",2,1,9
"E5","E5:CH","E5:CH:N","E5:CH:N:3",23,"2018-05-26",1,1,10
"E5","E5:CH","E5:CH:N","E5:CH:N:3",27,"2018-05-26",2,2,5
"E5","E5:CH","E5:CH:S","E5:CH:S:1",3,"2018-05-24",2,1,16
"E5","E5:CH","E5:CH:S","E5:CH:S:1",7,"2018-05-24",1,2,1
"E5","E5:CH","E5:CH:S","E5:CH:S:1",13,"2018-05-24",1,1,2
"E5","E5:CH","E5:CH:S","E5:CH:S:1",17,"2018-05-24",1,1,3
"E5","E5:CH","E5:CH:S","E5:CH:S:1",23,"2018-05-24",0,1,0
"E5","E5:CH","E5:CH:S","E5:CH:S:1",27,"2018-05-24",0,1,1
"E5","E5:CH","E5:CH:S","E5:CH:S:2",3,"2018-05-24",1,0,8
"E5","E5:CH","E5:CH:S","E5:CH:S:2",7,"2018-05-24",2,4,6
"E5","E5:CH","E5:CH:S","E5:CH:S:2",13,"2018-05-24",2,2,8
"E5","E5:CH","E5:CH:S","E5:CH:S:2",17,"2018-05-24",2,1,3
"E5","E5:CH","E5:CH:S","E5:CH:S:2",23,"2018-05-24",3,5,3
"E5","E5:CH","E5:CH:S","E5:CH:S:2",27,"2018-05-24",2,4,2
"E5","E5:CH","E5:CH:S","E5:CH:S:3",3,"2018-05-24",2,1,4
"E5","E5:CH","E5:CH:S","E5:CH:S:3",7,"2018-05-24",2,2,6
"E5","E5:CH","E5:CH:S","E5:CH:S:3",13,"2018-05-24",3,2,3
"E5","E5:CH","E5:CH:S","E5:CH:S:3",17,"2018-05-24",1,2,2
"E5","E5:CH","E5:CH:S","E5:CH:S:3",23,"2018-05-24",0,1,5
"E5","E5:CH","E5:CH:S","E5:CH:S:3",27,"2018-05-24",1,1,2
"E5","E5:CN","E5:CN:M","E5:CN:M:1",3,"2018-05-29",1,3,1
"E5","E5:CN","E5:CN:M","E5:CN:M:1",7,"2018-05-29",3,4,23
"E5","E5:CN","E5:CN:M","E5:CN:M:1",13,"2018-05-29",3,3,5
"E5","E5:CN","E5:CN:M","E5:CN:M:1",17,"2018-05-29",2,4,2
"E5","E5:CN","E5:CN:M","E5:CN:M:1",23,"2018-05-29",2,1,2
"E5","E5:CN","E5:CN:M","E5:CN:M:1",27,"2018-05-29",2,3,2
"E5","E5:CN","E5:CN:M","E5:CN:M:2",3,"2018-05-29",2,3,3
"E5","E5:CN","E5:CN:M","E5:CN:M:2",7,"2018-05-29",4,3,24
"E5","E5:CN","E5:CN:M","E5:CN:M:2",13,"2018-05-29",4,3,13
"E5","E5:CN","E5:CN:M","E5:CN:M:2",17,"2018-05-29",3,3,47
"E5","E5:CN","E5:CN:M","E5:CN:M:2",23,"2018-05-29",1,3,7
"E5","E5:CN","E5:CN:M","E5:CN:M:2",27,"2018-05-29",1,2,22
"E5","E5:CN","E5:CN:M","E5:CN:M:3",3,"2018-05-29",2,2,71
"E5","E5:CN","E5:CN:M","E5:CN:M:3",7,"2018-05-29",2,4,2
"E5","E5:CN","E5:CN:M","E5:CN:M:3",13,"2018-05-29",3,1,70
"E5","E5:CN","E5:CN:M","E5:CN:M:3",17,"2018-05-29",0,0,55
"E5","E5:CN","E5:CN:M","E5:CN:M:3",23,"2018-05-29",7,2,22
"E5","E5:CN","E5:CN:M","E5:CN:M:3",27,"2018-05-29",2,2,2
"E5","E5:CN","E5:CN:N","E5:CN:N:1",3,"2018-05-29",1,9,3
"E5","E5:CN","E5:CN:N","E5:CN:N:1",7,"2018-05-29",1,3,1
"E5","E5:CN","E5:CN:N","E5:CN:N:1",13,"2018-05-29",1,4,3
"E5","E5:CN","E5:CN:N","E5:CN:N:1",17,"2018-05-29",2,4,3
"E5","E5:CN","E5:CN:N","E5:CN:N:1",23,"2018-05-29",2,9,4
"E5","E5:CN","E5:CN:N","E5:CN:N:1",27,"2018-05-29",2,10,3
"E5","E5:CN","E5:CN:N","E5:CN:N:2",3,"2018-05-29",1,2,85
"E5","E5:CN","E5:CN:N","E5:CN:N:2",7,"2018-05-29",2,6,3
"E5","E5:CN","E5:CN:N","E5:CN:N:2",13,"2018-05-29",5,5,5
"E5","E5:CN","E5:CN:N","E5:CN:N:2",17,"2018-05-29",0,1,0
"E5","E5:CN","E5:CN:N","E5:CN:N:2",23,"2018-05-29",2,8,63
"E5","E5:CN","E5:CN:N","E5:CN:N:2",27,"2018-05-29",3,6,3
"E5","E5:CN","E5:CN:N","E5:CN:N:3",3,"2018-05-29",3,4,3
"E5","E5:CN","E5:CN:N","E5:CN:N:3",7,"2018-05-29",5,5,5
"E5","E5:CN","E5:CN:N","E5:CN:N:3",13,"2018-05-29",3,4,22
"E5","E5:CN","E5:CN:N","E5:CN:N:3",17,"2018-05-29",3,4,7
"E5","E5:CN","E5:CN:N","E5:CN:N:3",23,"2018-05-29",2,6,2
"E5","E5:CN","E5:CN:N","E5:CN:N:3",27,"2018-05-29",5,5,5
"E5","E5:CN","E5:CN:S","E5:CN:S:1",3,"2018-05-29",2,7,3
"E5","E5:CN","E5:CN:S","E5:CN:S:1",7,"2018-05-29",2,2,6
"E5","E5:CN","E5:CN:S","E5:CN:S:1",13,"2018-05-29",2,8,4
"E5","E5:CN","E5:CN:S","E5:CN:S:1",17,"2018-05-29",1,3,4
"E5","E5:CN","E5:CN:S","E5:CN:S:1",23,"2018-05-29",1,0,4
"E5","E5:CN","E5:CN:S","E5:CN:S:1",27,"2018-05-29",1,1,6
"E5","E5:CN","E5:CN:S","E5:CN:S:2",3,"2018-05-29",0,0,0
"E5","E5:CN","E5:CN:S","E5:CN:S:2",7,"2018-05-29",2,1,33
"E5","E5:CN","E5:CN:S","E5:CN:S:2",13,"2018-05-29",1,2,3
"E5","E5:CN","E5:CN:S","E5:CN:S:2",17,"2018-05-29",3,1,43
"E5","E5:CN","E5:CN:S","E5:CN:S:2",23,"2018-05-29",0,0,0
"E5","E5:CN","E5:CN:S","E5:CN:S:2",27,"2018-05-29",1,0,24
"E5","E5:CN","E5:CN:S","E5:CN:S:3",3,"2018-05-29",2,3,52
"E5","E5:CN","E5:CN:S","E5:CN:S:3",7,"2018-05-29",0,0,0
"E5","E5:CN","E5:CN:S","E5:CN:S:3",13,"2018-05-29",1,1,20
"E5","E5:CN","E5:CN:S","E5:CN:S:3",17,"2018-05-29",2,7,3
"E5","E5:CN","E5:CN:S","E5:CN:S:3",23,"2018-05-29",0,0,0
"E5","E5:CN","E5:CN:S","E5:CN:S:3",27,"2018-05-29",0,0,0
"E5","E5:EG","E5:EG:M","E5:EG:M:1",3,"2018-05-28",4,2,8
"E5","E5:EG","E5:EG:M","E5:EG:M:1",7,"2018-05-28",3,5,21
"E5","E5:EG","E5:EG:M","E5:EG:M:1",13,"2018-05-28",1,0,3
"E5","E5:EG","E5:EG:M","E5:EG:M:1",17,"2018-05-28",1,1,7
"E5","E5:EG","E5:EG:M","E5:EG:M:1",23,"2018-05-28",1,2,30
"E5","E5:EG","E5:EG:M","E5:EG:M:1",27,"2018-05-28",1,3,58
"E5","E5:EG","E5:EG:M","E5:EG:M:2",3,"2018-05-28",3,4,3
"E5","E5:EG","E5:EG:M","E5:EG:M:2",7,"2018-05-28",3,5,6
"E5","E5:EG","E5:EG:M","E5:EG:M:2",13,"2018-05-28",5,7,22
"E5","E5:EG","E5:EG:M","E5:EG:M:2",17,"2018-05-28",1,8,1
"E5","E5:EG","E5:EG:M","E5:EG:M:2",23,"2018-05-28",3,7,3
"E5","E5:EG","E5:EG:M","E5:EG:M:2",27,"2018-05-28",2,5,2
"E5","E5:EG","E5:EG:M","E5:EG:M:3",3,"2018-05-28",2,3,14
"E5","E5:EG","E5:EG:M","E5:EG:M:3",7,"2018-05-28",2,3,3
"E5","E5:EG","E5:EG:M","E5:EG:M:3",13,"2018-05-28",2,2,3
"E5","E5:EG","E5:EG:M","E5:EG:M:3",17,"2018-05-28",4,4,4
"E5","E5:EG","E5:EG:M","E5:EG:M:3",23,"2018-05-28",4,3,4
"E5","E5:EG","E5:EG:M","E5:EG:M:3",27,"2018-05-28",2,2,2
"E5","E5:EG","E5:EG:N","E5:EG:N:1",3,"2018-05-28",3,2,3
"E5","E5:EG","E5:EG:N","E5:EG:N:1",7,"2018-05-28",3,2,72
"E5","E5:EG","E5:EG:N","E5:EG:N:1",13,"2018-05-28",2,1,28
"E5","E5:EG","E5:EG:N","E5:EG:N:1",17,"2018-05-28",2,3,2
"E5","E5:EG","E5:EG:N","E5:EG:N:1",23,"2018-05-28",2,3,2
"E5","E5:EG","E5:EG:N","E5:EG:N:1",27,"2018-05-28",2,2,2
"E5","E5:EG","E5:EG:N","E5:EG:N:2",3,"2018-05-28",1,3,6
"E5","E5:EG","E5:EG:N","E5:EG:N:2",7,"2018-05-28",3,3,55
"E5","E5:EG","E5:EG:N","E5:EG:N:2",13,"2018-05-28",4,2,12
"E5","E5:EG","E5:EG:N","E5:EG:N:2",17,"2018-05-28",3,2,63
"E5","E5:EG","E5:EG:N","E5:EG:N:2",23,"2018-05-28",1,2,1
"E5","E5:EG","E5:EG:N","E5:EG:N:2",27,"2018-05-28",2,3,15
"E5","E5:EG","E5:EG:N","E5:EG:N:3",3,"2018-05-28",4,2,4
"E5","E5:EG","E5:EG:N","E5:EG:N:3",7,"2018-05-28",2,4,6
"E5","E5:EG","E5:EG:N","E5:EG:N:3",13,"2018-05-28",4,2,19
"E5","E5:EG","E5:EG:N","E5:EG:N:3",17,"2018-05-28",4,3,4
"E5","E5:EG","E5:EG:N","E5:EG:N:3",23,"2018-05-28",4,6,70
"E5","E5:EG","E5:EG:N","E5:EG:N:3",27,"2018-05-28",2,3,2
"E5","E5:EG","E5:EG:S","E5:EG:S:1",3,"2018-05-28",2,3,3
"E5","E5:EG","E5:EG:S","E5:EG:S:1",7,"2018-05-28",1,2,1
"E5","E5:EG","E5:EG:S","E5:EG:S:1",13,"2018-05-28",3,2,3
"E5","E5:EG","E5:EG:S","E5:EG:S:1",17,"2018-05-28",4,2,15
"E5","E5:EG","E5:EG:S","E5:EG:S:1",23,"2018-05-28",1,2,3
"E5","E5:EG","E5:EG:S","E5:EG:S:1",27,"2018-05-28",4,5,7
"E5","E5:EG","E5:EG:S","E5:EG:S:2",3,"2018-05-28",2,7,3
"E5","E5:EG","E5:EG:S","E5:EG:S:2",7,"2018-05-28",2,6,3
"E5","E5:EG","E5:EG:S","E5:EG:S:2",13,"2018-05-28",1,8,1
"E5","E5:EG","E5:EG:S","E5:EG:S:2",17,"2018-05-28",4,4,8
"E5","E5:EG","E5:EG:S","E5:EG:S:2",23,"2018-05-28",3,3,21
"E5","E5:EG","E5:EG:S","E5:EG:S:2",27,"2018-05-28",1,6,1
"E5","E5:EG","E5:EG:S","E5:EG:S:3",3,"2018-05-28",2,3,2
"E5","E5:EG","E5:EG:S","E5:EG:S:3",7,"2018-05-28",2,1,3
"E5","E5:EG","E5:EG:S","E5:EG:S:3",13,"2018-05-28",4,9,4
"E5","E5:EG","E5:EG:S","E5:EG:S:3",17,"2018-05-28",1,0,1
"E5","E5:EG","E5:EG:S","E5:EG:S:3",23,"2018-05-28",1,3,1
"E5","E5:EG","E5:EG:S","E5:EG:S:3",27,"2018-05-28",0,0,4
"E5","E5:EH","E5:EH:M","E5:EH:M:1",3,"2018-05-24",1,1,3
"E5","E5:EH","E5:EH:M","E5:EH:M:1",7,"2018-05-24",2,1,8
"E5","E5:EH","E5:EH:M","E5:EH:M:1",13,"2018-05-24",0,0,0
"E5","E5:EH","E5:EH:M","E5:EH:M:1",17,"2018-05-24",4,1,4
"E5","E5:EH","E5:EH:M","E5:EH:M:1",23,"2018-05-24",2,2,20
"E5","E5:EH","E5:EH:M","E5:EH:M:1",27,"2018-05-24",2,4,2
"E5","E5:EH","E5:EH:M","E5:EH:M:2",3,"2018-05-24",1,4,9
"E5","E5:EH","E5:EH:M","E5:EH:M:2",7,"2018-05-24",1,2,1
"E5","E5:EH","E5:EH:M","E5:EH:M:2",13,"2018-05-24",2,6,5
"E5","E5:EH","E5:EH:M","E5:EH:M:2",17,"2018-05-24",3,5,23
"E5","E5:EH","E5:EH:M","E5:EH:M:2",23,"2018-05-24",4,5,135
"E5","E5:EH","E5:EH:M","E5:EH:M:2",27,"2018-05-24",2,4,20
"E5","E5:EH","E5:EH:M","E5:EH:M:3",3,"2018-05-24",3,4,17
"E5","E5:EH","E5:EH:M","E5:EH:M:3",7,"2018-05-24",3,2,3
"E5","E5:EH","E5:EH:M","E5:EH:M:3",13,"2018-05-24",5,5,7
"E5","E5:EH","E5:EH:M","E5:EH:M:3",17,"2018-05-24",7,7,7
"E5","E5:EH","E5:EH:M","E5:EH:M:3",23,"2018-05-24",3,3,80
"E5","E5:EH","E5:EH:M","E5:EH:M:3",27,"2018-05-24",2,3,4
"E5","E5:EH","E5:EH:N","E5:EH:N:1",3,"2018-05-24",0,0,1
"E5","E5:EH","E5:EH:N","E5:EH:N:1",7,"2018-05-24",2,1,10
"E5","E5:EH","E5:EH:N","E5:EH:N:1",13,"2018-05-24",2,2,4
"E5","E5:EH","E5:EH:N","E5:EH:N:1",17,"2018-05-24",1,2,1
"E5","E5:EH","E5:EH:N","E5:EH:N:1",23,"2018-05-24",3,2,3
"E5","E5:EH","E5:EH:N","E5:EH:N:1",27,"2018-05-24",2,13,15
"E5","E5:EH","E5:EH:N","E5:EH:N:2",3,"2018-05-24",3,1,50
"E5","E5:EH","E5:EH:N","E5:EH:N:2",7,"2018-05-24",1,2,28
"E5","E5:EH","E5:EH:N","E5:EH:N:2",13,"2018-05-24",2,2,40
"E5","E5:EH","E5:EH:N","E5:EH:N:2",17,"2018-05-24",5,2,5
"E5","E5:EH","E5:EH:N","E5:EH:N:2",23,"2018-05-24",2,1,2
"E5","E5:EH","E5:EH:N","E5:EH:N:2",27,"2018-05-24",2,2,2
"E5","E5:EH","E5:EH:N","E5:EH:N:3",3,"2018-05-24",2,3,3
"E5","E5:EH","E5:EH:N","E5:EH:N:3",7,"2018-05-24",2,2,2
"E5","E5:EH","E5:EH:N","E5:EH:N:3",13,"2018-05-24",3,2,18
"E5","E5:EH","E5:EH:N","E5:EH:N:3",17,"2018-05-24",2,2,2
"E5","E5:EH","E5:EH:N","E5:EH:N:3",23,"2018-05-24",6,2,12
"E5","E5:EH","E5:EH:N","E5:EH:N:3",27,"2018-05-24",1,0,12
"E5","E5:EH","E5:EH:S","E5:EH:S:1",3,"2018-05-26",1,0,5
"E5","E5:EH","E5:EH:S","E5:EH:S:1",7,"2018-05-26",1,0,1
"E5","E5:EH","E5:EH:S","E5:EH:S:1",13,"2018-05-26",0,0,2
"E5","E5:EH","E5:EH:S","E5:EH:S:1",17,"2018-05-26",1,1,6
"E5","E5:EH","E5:EH:S","E5:EH:S:1",23,"2018-05-26",3,1,4
"E5","E5:EH","E5:EH:S","E5:EH:S:1",27,"2018-05-26",2,1,4
"E5","E5:EH","E5:EH:S","E5:EH:S:2",3,"2018-05-26",0,1,1
"E5","E5:EH","E5:EH:S","E5:EH:S:2",7,"2018-05-26",1,0,30
"E5","E5:EH","E5:EH:S","E5:EH:S:2",13,"2018-05-26",2,1,6
"E5","E5:EH","E5:EH:S","E5:EH:S:2",17,"2018-05-26",2,1,3
"E5","E5:EH","E5:EH:S","E5:EH:S:2",23,"2018-05-26",2,2,4
"E5","E5:EH","E5:EH:S","E5:EH:S:2",27,"2018-05-26",1,1,5
"E5","E5:EH","E5:EH:S","E5:EH:S:3",3,"2018-05-26",2,1,4
"E5","E5:EH","E5:EH:S","E5:EH:S:3",7,"2018-05-26",1,1,7
"E5","E5:EH","E5:EH:S","E5:EH:S:3",13,"2018-05-26",3,1,96
"E5","E5:EH","E5:EH:S","E5:EH:S:3",17,"2018-05-26",3,1,5
"E5","E5:EH","E5:EH:S","E5:EH:S:3",23,"2018-05-26",0,0,6
"E5","E5:EH","E5:EH:S","E5:EH:S:3",27,"2018-05-26",1,0,2
"E5","E5:EN","E5:EN:M","E5:EN:M:1",3,"2018-05-28",3,3,3
"E5","E5:EN","E5:EN:M","E5:EN:M:1",7,"2018-05-28",2,3,49
"E5","E5:EN","E5:EN:M","E5:EN:M:1",13,"2018-05-28",3,5,3
"E5","E5:EN","E5:EN:M","E5:EN:M:1",17,"2018-05-28",4,2,53
"E5","E5:EN","E5:EN:M","E5:EN:M:1",23,"2018-05-28",4,2,20
"E5","E5:EN","E5:EN:M","E5:EN:M:1",27,"2018-05-28",5,5,38
"E5","E5:EN","E5:EN:M","E5:EN:M:2",3,"2018-05-28",2,5,4
"E5","E5:EN","E5:EN:M","E5:EN:M:2",7,"2018-05-28",2,3,3
"E5","E5:EN","E5:EN:M","E5:EN:M:2",13,"2018-05-28",4,8,7
"E5","E5:EN","E5:EN:M","E5:EN:M:2",17,"2018-05-28",2,1,3
"E5","E5:EN","E5:EN:M","E5:EN:M:2",23,"2018-05-28",1,3,1
"E5","E5:EN","E5:EN:M","E5:EN:M:2",27,"2018-05-28",4,0,8
"E5","E5:EN","E5:EN:M","E5:EN:M:3",3,"2018-05-28",1,1,2
"E5","E5:EN","E5:EN:M","E5:EN:M:3",7,"2018-05-28",3,3,6
"E5","E5:EN","E5:EN:M","E5:EN:M:3",13,"2018-05-28",1,1,7
"E5","E5:EN","E5:EN:M","E5:EN:M:3",17,"2018-05-28",5,3,4
"E5","E5:EN","E5:EN:M","E5:EN:M:3",23,"2018-05-28",1,0,8
"E5","E5:EN","E5:EN:M","E5:EN:M:3",27,"2018-05-28",2,2,17
"E5","E5:EN","E5:EN:N","E5:EN:N:1",3,"2018-05-28",2,1,2
"E5","E5:EN","E5:EN:N","E5:EN:N:1",7,"2018-05-28",1,8,1
"E5","E5:EN","E5:EN:N","E5:EN:N:1",13,"2018-05-28",7,3,9
"E5","E5:EN","E5:EN:N","E5:EN:N:1",17,"2018-05-28",5,7,40
"E5","E5:EN","E5:EN:N","E5:EN:N:1",23,"2018-05-28",4,8,13
"E5","E5:EN","E5:EN:N","E5:EN:N:1",27,"2018-05-28",3,7,3
"E5","E5:EN","E5:EN:N","E5:EN:N:2",3,"2018-05-28",3,3,4
"E5","E5:EN","E5:EN:N","E5:EN:N:2",7,"2018-05-28",1,0,13
"E5","E5:EN","E5:EN:N","E5:EN:N:2",13,"2018-05-28",1,1,12
"E5","E5:EN","E5:EN:N","E5:EN:N:2",17,"2018-05-28",4,3,7
"E5","E5:EN","E5:EN:N","E5:EN:N:2",23,"2018-05-28",2,5,2
"E5","E5:EN","E5:EN:N","E5:EN:N:2",27,"2018-05-28",3,4,3
"E5","E5:EN","E5:EN:N","E5:EN:N:3",3,"2018-05-28",3,3,68
"E5","E5:EN","E5:EN:N","E5:EN:N:3",7,"2018-05-28",2,5,3
"E5","E5:EN","E5:EN:N","E5:EN:N:3",13,"2018-05-28",2,8,75
"E5","E5:EN","E5:EN:N","E5:EN:N:3",17,"2018-05-28",1,12,3
"E5","E5:EN","E5:EN:N","E5:EN:N:3",23,"2018-05-28",1,7,2
"E5","E5:EN","E5:EN:N","E5:EN:N:3",27,"2018-05-28",2,10,2
"E5","E5:EN","E5:EN:S","E5:EN:S:1",3,"2018-05-28",1,2,77
"E5","E5:EN","E5:EN:S","E5:EN:S:1",7,"2018-05-28",1,2,52
"E5","E5:EN","E5:EN:S","E5:EN:S:1",13,"2018-05-28",1,2,4
"E5","E5:EN","E5:EN:S","E5:EN:S:1",17,"2018-05-28",0,3,0
"E5","E5:EN","E5:EN:S","E5:EN:S:1",23,"2018-05-28",1,2,1
"E5","E5:EN","E5:EN:S","E5:EN:S:1",27,"2018-05-28",1,2,16
"E5","E5:EN","E5:EN:S","E5:EN:S:2",3,"2018-05-28",3,2,26
"E5","E5:EN","E5:EN:S","E5:EN:S:2",7,"2018-05-28",2,4,2
"E5","E5:EN","E5:EN:S","E5:EN:S:2",13,"2018-05-28",2,1,8
"E5","E5:EN","E5:EN:S","E5:EN:S:2",17,"2018-05-28",3,4,16
"E5","E5:EN","E5:EN:S","E5:EN:S:2",23,"2018-05-28",2,2,14
"E5","E5:EN","E5:EN:S","E5:EN:S:2",27,"2018-05-28",5,4,5
"E5","E5:EN","E5:EN:S","E5:EN:S:3",3,"2018-05-28",1,1,18
"E5","E5:EN","E5:EN:S","E5:EN:S:3",7,"2018-05-28",1,1,3
"E5","E5:EN","E5:EN:S","E5:EN:S:3",13,"2018-05-28",1,2,13
"E5","E5:EN","E5:EN:S","E5:EN:S:3",17,"2018-05-28",0,1,8
"E5","E5:EN","E5:EN:S","E5:EN:S:3",23,"2018-05-28",1,2,25
"E5","E5:EN","E5:EN:S","E5:EN:S:3",27,"2018-05-28",1,1,36
