block,plot,transect,subtransect,date,slope,diameter_cm,decay_class,,
E1,E1:CG,E1:CG:M,E1:CG:M:1,2019-07-30,23,26,S,,
E1,E1:CG,E1:CG:M,E1:CG:M:1,2019-07-30,23,12,S,,
E1,E1:CG,E1:CG:M,E1:CG:M:1,2019-07-30,23,8,R,,
E1,E1:CG,E1:CG:M,E1:CG:M:2,2019-07-30,24,9,S,,
E1,E1:CG,E1:CG:M,E1:CG:M:2,2019-07-30,24,11,S,,
E1,E1:CG,E1:CG:M,E1:CG:M:2,2019-07-30,24,11,S,,
E1,E1:CG,E1:CG:M,E1:CG:M:3,2019-07-30,NA,14,R,,
E1,E1:CG,E1:CG:M,E1:CG:M:3,2019-07-30,NA,14,R,,
E1,E1:CG,E1:CG:M,E1:CG:M:3,2019-07-30,NA,14,S,,
E1,E1:CG,E1:CG:M,E1:CG:M:3,2019-07-30,NA,9,R,,
E1,E1:CG,E1:CG:N,E1:CG:N:1,2019-07-30,24,15,S,,
E1,E1:CG,E1:CG:N,E1:CG:N:2,2019-07-30,30,15,S,,
E1,E1:CG,E1:CG:N,E1:CG:N:2,2019-07-30,30,13,S,,
E1,E1:CG,E1:CG:N,E1:CG:N:3,2019-07-30,24,33,S,,
E1,E1:CG,E1:CG:N,E1:CG:N:3,2019-07-30,24,11,S,,
E1,E1:CG,E1:CG:S,E1:CG:S:1,2019-07-30,28,NONE,NA,,
E1,E1:CG,E1:CG:S,E1:CG:S:2,2019-07-30,15,16,S,,
E1,E1:CG,E1:CG:S,E1:CG:S:2,2019-07-30,15,10,S,,
E1,E1:CG,E1:CG:S,E1:CG:S:2,2019-07-30,15,10,R,,
E1,E1:CG,E1:CG:S,E1:CG:S:3,2019-07-30,16,9,S,,
E1,E1:CG,E1:CG:S,E1:CG:S:3,2019-07-30,16,18,S,,
E1,E1:CH,E1:CH:M,E1:CH:M:1,2019-07-29,18,20,S,,
E1,E1:CH,E1:CH:M,E1:CH:M:1,2019-07-29,18,16,S,,
E1,E1:CH,E1:CH:M,E1:CH:M:1,2019-07-29,18,11,S,,
E1,E1:CH,E1:CH:M,E1:CH:M:2,2019-07-29,16,10,S,,
E1,E1:CH,E1:CH:M,E1:CH:M:3,2019-07-29,29,16.4,S,,
E1,E1:CH,E1:CH:M,E1:CH:M:3,2019-07-29,29,25,R,,
E1,E1:CH,E1:CH:N,E1:CH:N:1,2019-07-29,29,NONE,NA,,
E1,E1:CH,E1:CH:N,E1:CH:N:2,2019-07-29,23,25,S,,
E1,E1:CH,E1:CH:N,E1:CH:N:3,2019-07-29,30,12,S,,
E1,E1:CH,E1:CH:N,E1:CH:N:3,2019-07-29,30,15,S,,
E1,E1:CH,E1:CH:N,E1:CH:N:3,2019-07-29,30,9,S,,
E1,E1:CH,E1:CH:N,E1:CH:N:3,2019-07-29,30,9,R,,
E1,E1:CH,E1:CH:N,E1:CH:N:3,2019-07-29,30,21,R,,
E1,E1:CH,E1:CH:S,E1:CH:S:1,2019-07-30,20,55,S,,
E1,E1:CH,E1:CH:S,E1:CH:S:1,2019-07-30,20,18,S,,
E1,E1:CH,E1:CH:S,E1:CH:S:1,2019-07-30,20,22,S,,
E1,E1:CH,E1:CH:S,E1:CH:S:2,2019-07-30,13,8,S,,
E1,E1:CH,E1:CH:S,E1:CH:S:2,2019-07-30,13,8,S,,
E1,E1:CH,E1:CH:S,E1:CH:S:2,2019-07-30,13,9,S,,
E1,E1:CH,E1:CH:S,E1:CH:S:2,2019-07-30,13,12,S,,
E1,E1:CH,E1:CH:S,E1:CH:S:2,2019-07-30,13,9,S,,
E1,E1:CH,E1:CH:S,E1:CH:S:2,2019-07-30,13,21,S,,
E1,E1:CH,E1:CH:S,E1:CH:S:2,2019-07-30,13,17,S,,
E1,E1:CH,E1:CH:S,E1:CH:S:3,2019-07-30,25,11,S,,
E1,E1:CH,E1:CH:S,E1:CH:S:3,2019-07-30,25,11,S,,
E1,E1:CH,E1:CH:S,E1:CH:S:3,2019-07-30,25,12,S,,
E1,E1:CH,E1:CH:S,E1:CH:S:3,2019-07-30,25,30,S,,
E1,E1:CH,E1:CH:S,E1:CH:S:3,2019-07-30,25,32,S,,
E1,E1:CN,E1:CN:M,E1:CN:M:1,2019-07-30,0,40,S,,
E1,E1:CN,E1:CN:M,E1:CN:M:1,2019-07-30,0,11,S,,
E1,E1:CN,E1:CN:M,E1:CN:M:1,2019-07-30,0,15,S,,
E1,E1:CN,E1:CN:M,E1:CN:M:2,2019-07-30,10,34,S,,
E1,E1:CN,E1:CN:M,E1:CN:M:3,2019-07-30,10,26,S,,
E1,E1:CN,E1:CN:M,E1:CN:M:3,2019-07-30,10,8,S,,
E1,E1:CN,E1:CN:N,E1:CN:N:1,2019-07-30,1,9,S,,
E1,E1:CN,E1:CN:N,E1:CN:N:1,2019-07-30,1,17,S,,
E1,E1:CN,E1:CN:N,E1:CN:N:1,2019-07-30,1,10,S,,
E1,E1:CN,E1:CN:N,E1:CN:N:1,2019-07-30,1,10,S,,
E1,E1:CN,E1:CN:N,E1:CN:N:2,2019-07-30,6,9,S,,
E1,E1:CN,E1:CN:N,E1:CN:N:2,2019-07-30,6,10,S,,
E1,E1:CN,E1:CN:N,E1:CN:N:3,2019-07-30,2,16,S,,
E1,E1:CN,E1:CN:N,E1:CN:N:3,2019-07-30,2,17,S,,
E1,E1:CN,E1:CN:N,E1:CN:N:3,2019-07-30,2,11,S,,
E1,E1:CN,E1:CN:S,E1:CN:S:1,2019-07-30,6,18,S,,
E1,E1:CN,E1:CN:S,E1:CN:S:1,2019-07-30,6,9,S,,
E1,E1:CN,E1:CN:S,E1:CN:S:2,2019-07-30,14,21,S,,
E1,E1:CN,E1:CN:S,E1:CN:S:2,2019-07-30,14,9,S,,
E1,E1:CN,E1:CN:S,E1:CN:S:2,2019-07-30,14,9,S,,
E1,E1:CN,E1:CN:S,E1:CN:S:2,2019-07-30,14,12,S,,
E1,E1:CN,E1:CN:S,E1:CN:S:2,2019-07-30,14,8,S,,
E1,E1:CN,E1:CN:S,E1:CN:S:2,2019-07-30,14,9,S,,
E1,E1:CN,E1:CN:S,E1:CN:S:3,2019-07-30,11,8,S,,
E1,E1:CN,E1:CN:S,E1:CN:S:3,2019-07-30,11,8,S,,
E1,E1:EG,E1:EG:M,E1:EG:M:1,2019-07-30,16,28,S,,
E1,E1:EG,E1:EG:M,E1:EG:M:1,2019-07-30,16,16,S,,
E1,E1:EG,E1:EG:M,E1:EG:M:1,2019-07-30,16,9,S,,
E1,E1:EG,E1:EG:M,E1:EG:M:2,2019-07-30,20,9,S,,
E1,E1:EG,E1:EG:M,E1:EG:M:2,2019-07-30,20,9,S,,
E1,E1:EG,E1:EG:M,E1:EG:M:2,2019-07-30,20,16,S,,
E1,E1:EG,E1:EG:M,E1:EG:M:2,2019-07-30,20,30,S,,
E1,E1:EG,E1:EG:M,E1:EG:M:2,2019-07-30,20,22,S,,
E1,E1:EG,E1:EG:M,E1:EG:M:3,2019-07-30,40,11,S,,
E1,E1:EG,E1:EG:N,E1:EG:N:1,2019-07-30,20,20,R,,
E1,E1:EG,E1:EG:N,E1:EG:N:2,2019-07-30,30,16,S,,
E1,E1:EG,E1:EG:N,E1:EG:N:3,2019-07-30,46,8,R,,
E1,E1:EG,E1:EG:S,E1:EG:S:1,2019-07-30,19,12,R,,
E1,E1:EG,E1:EG:S,E1:EG:S:1,2019-07-30,19,13,S,,
E1,E1:EG,E1:EG:S,E1:EG:S:1,2019-07-30,19,15,S,,
E1,E1:EG,E1:EG:S,E1:EG:S:1,2019-07-30,19,8,S,,
E1,E1:EG,E1:EG:S,E1:EG:S:1,2019-07-30,19,19,S,,
E1,E1:EG,E1:EG:S,E1:EG:S:1,2019-07-30,19,20,S,,
E1,E1:EG,E1:EG:S,E1:EG:S:2,2019-07-30,16,8,S,,
E1,E1:EG,E1:EG:S,E1:EG:S:2,2019-07-30,16,32,S,,
E1,E1:EG,E1:EG:S,E1:EG:S:2,2019-07-30,16,12,S,,
E1,E1:EG,E1:EG:S,E1:EG:S:2,2019-07-30,16,8,S,,
E1,E1:EG,E1:EG:S,E1:EG:S:2,2019-07-30,16,9,S,,
E1,E1:EG,E1:EG:S,E1:EG:S:2,2019-07-30,16,15,R,,
E1,E1:EG,E1:EG:S,E1:EG:S:2,2019-07-30,16,20,S,,
E1,E1:EG,E1:EG:S,E1:EG:S:3,2019-07-30,30,20,R,,
E1,E1:EG,E1:EG:S,E1:EG:S:3,2019-07-30,30,18,S,,
E1,E1:EG,E1:EG:S,E1:EG:S:3,2019-07-30,30,11,R,,
E1,E1:EG,E1:EG:S,E1:EG:S:3,2019-07-30,30,8,R,,
E1,E1:EG,E1:EG:S,E1:EG:S:3,2019-07-30,30,22,S,,
E1,E1:EG,E1:EG:S,E1:EG:S:3,2019-07-30,30,14,S,,
E1,E1:EG,E1:EG:S,E1:EG:S:3,2019-07-30,30,14,R,,
E1,E1:EH,E1:EH:M,E1:EH:M:1,2019-07-30,4,10,S,,
E1,E1:EH,E1:EH:M,E1:EH:M:1,2019-07-30,4,13,S,,
E1,E1:EH,E1:EH:M,E1:EH:M:2,2019-07-30,3,9,S,,
E1,E1:EH,E1:EH:M,E1:EH:M:3,2019-07-30,15,20,S,,
E1,E1:EH,E1:EH:M,E1:EH:M:3,2019-07-30,15,11,S,,
E1,E1:EH,E1:EH:M,E1:EH:M:3,2019-07-30,15,11,S,,
E1,E1:EH,E1:EH:M,E1:EH:M:3,2019-07-30,15,12,R,,
E1,E1:EH,E1:EH:M,E1:EH:M:3,2019-07-30,15,10,S,,
E1,E1:EH,E1:EH:M,E1:EH:M:3,2019-07-30,15,24,S,,
E1,E1:EH,E1:EH:N,E1:EH:N:1,2019-07-30,10,35,R,,
E1,E1:EH,E1:EH:N,E1:EH:N:1,2019-07-30,10,48,R,,
E1,E1:EH,E1:EH:N,E1:EH:N:2,2019-07-30,7,17,S,,
E1,E1:EH,E1:EH:N,E1:EH:N:2,2019-07-30,7,22,S,,
E1,E1:EH,E1:EH:N,E1:EH:N:2,2019-07-30,7,25,S,,
E1,E1:EH,E1:EH:N,E1:EH:N:2,2019-07-30,7,25,S,,
E1,E1:EH,E1:EH:N,E1:EH:N:3,2019-07-30,6,14,S,,
E1,E1:EH,E1:EH:N,E1:EH:N:3,2019-07-30,6,11,S,,
E1,E1:EH,E1:EH:S,E1:EH:S:1,2019-07-30,9,14,S,,
E1,E1:EH,E1:EH:S,E1:EH:S:2,2019-07-30,10,8,S,,
E1,E1:EH,E1:EH:S,E1:EH:S:2,2019-07-30,10,28,S,,
E1,E1:EH,E1:EH:S,E1:EH:S:2,2019-07-30,10,8,S,,
E1,E1:EH,E1:EH:S,E1:EH:S:2,2019-07-30,10,10,S,,
E1,E1:EH,E1:EH:S,E1:EH:S:3,2019-07-30,21,NONE,NA,,
E1,E1:EN,E1:EN:M,E1:EN:M:1,2019-07-30,5,9,S,,
E1,E1:EN,E1:EN:M,E1:EN:M:1,2019-07-30,5,8,S,,
E1,E1:EN,E1:EN:M,E1:EN:M:1,2019-07-30,5,8,S,,
E1,E1:EN,E1:EN:M,E1:EN:M:1,2019-07-30,5,17,S,,
E1,E1:EN,E1:EN:M,E1:EN:M:1,2019-07-30,5,10,S,,
E1,E1:EN,E1:EN:M,E1:EN:M:2,2019-07-30,14,12,R,,
E1,E1:EN,E1:EN:M,E1:EN:M:2,2019-07-30,14,11,S,,
E1,E1:EN,E1:EN:M,E1:EN:M:2,2019-07-30,14,9,S,,
E1,E1:EN,E1:EN:M,E1:EN:M:2,2019-07-30,14,13,S,,
E1,E1:EN,E1:EN:M,E1:EN:M:2,2019-07-30,14,11,S,,
E1,E1:EN,E1:EN:M,E1:EN:M:2,2019-07-30,14,22,R,,
E1,E1:EN,E1:EN:M,E1:EN:M:2,2019-07-30,14,9,S,,
E1,E1:EN,E1:EN:M,E1:EN:M:3,2019-07-30,21,NONE,NA,,
E1,E1:EN,E1:EN:N,E1:EN:N:1,2019-07-30,4,11,S,,
E1,E1:EN,E1:EN:N,E1:EN:N:2,2019-07-30,13,27,S,,
E1,E1:EN,E1:EN:N,E1:EN:N:3,2019-07-30,25,10,S,,
E1,E1:EN,E1:EN:N,E1:EN:N:3,2019-07-30,25,9,S,,
E1,E1:EN,E1:EN:S,E1:EN:S:1,2019-07-30,8,11,R,,
E1,E1:EN,E1:EN:S,E1:EN:S:1,2019-07-30,8,10,S,,
E1,E1:EN,E1:EN:S,E1:EN:S:2,2019-07-30,15,12,S,,
E1,E1:EN,E1:EN:S,E1:EN:S:3,2019-07-30,17,14,S,,
E1,E1:EN,E1:EN:S,E1:EN:S:3,2019-07-30,17,12,S,,
E2,E2:CG,E2:CG:M,E2:CG:M:1,2019-07-31,9,15,S,,
E2,E2:CG,E2:CG:M,E2:CG:M:1,2019-07-31,9,16,S,,
E2,E2:CG,E2:CG:M,E2:CG:M:1,2019-07-31,9,12,S,,
E2,E2:CG,E2:CG:M,E2:CG:M:2,2019-07-31,NA,17,S,,
E2,E2:CG,E2:CG:M,E2:CG:M:2,2019-07-31,NA,25,S,,
E2,E2:CG,E2:CG:M,E2:CG:M:2,2019-07-31,NA,10,S,,
E2,E2:CG,E2:CG:M,E2:CG:M:2,2019-07-31,NA,26,S,,
E2,E2:CG,E2:CG:M,E2:CG:M:3,2019-07-31,19,10,S,,
E2,E2:CG,E2:CG:N,E2:CG:N:1,2019-07-31,2,33,S,,
E2,E2:CG,E2:CG:N,E2:CG:N:2,2019-07-31,1,34,S,,
E2,E2:CG,E2:CG:N,E2:CG:N:2,2019-07-31,1,20,S,,
E2,E2:CG,E2:CG:N,E2:CG:N:2,2019-07-31,1,10,S,,
E2,E2:CG,E2:CG:N,E2:CG:N:2,2019-07-31,1,57,S,,
E2,E2:CG,E2:CG:N,E2:CG:N:2,2019-07-31,1,23,S,,
E2,E2:CG,E2:CG:N,E2:CG:N:2,2019-07-31,1,17,S,,
E2,E2:CG,E2:CG:N,E2:CG:N:2,2019-07-31,1,11,S,,
E2,E2:CG,E2:CG:N,E2:CG:N:2,2019-07-31,1,10,S,,
E2,E2:CG,E2:CG:N,E2:CG:N:3,2019-07-31,18,29,S,,
E2,E2:CG,E2:CG:N,E2:CG:N:3,2019-07-31,18,12,S,,
E2,E2:CG,E2:CG:N,E2:CG:N:3,2019-07-31,18,29,S,,
E2,E2:CG,E2:CG:S,E2:CG:S:1,2019-07-31,12,NONE,NA,,
E2,E2:CG,E2:CG:S,E2:CG:S:2,2019-07-31,15,14,R,,
E2,E2:CG,E2:CG:S,E2:CG:S:2,2019-07-31,15,16,R,,
E2,E2:CG,E2:CG:S,E2:CG:S:2,2019-07-31,15,53,R,,
E2,E2:CG,E2:CG:S,E2:CG:S:3,2019-07-31,17,26,S,,
E2,E2:CH,E2:CH:M,E2:CH:M:1,2019-07-31,2,14,S,,
E2,E2:CH,E2:CH:M,E2:CH:M:2,2019-07-31,6,10,S,,
E2,E2:CH,E2:CH:M,E2:CH:M:3,2019-07-31,12,16,R,,
E2,E2:CH,E2:CH:M,E2:CH:M:3,2019-07-31,12,13,R,,
E2,E2:CH,E2:CH:M,E2:CH:M:3,2019-07-31,12,8,R,,
E2,E2:CH,E2:CH:N,E2:CH:N:1,2019-07-31,7,13,S,,
E2,E2:CH,E2:CH:N,E2:CH:N:2,2019-07-31,9,23,S,,
E2,E2:CH,E2:CH:N,E2:CH:N:2,2019-07-31,9,17,S,,
E2,E2:CH,E2:CH:N,E2:CH:N:3,2019-07-31,10,19,S,,
E2,E2:CH,E2:CH:N,E2:CH:N:3,2019-07-31,10,9,S,,
E2,E2:CH,E2:CH:S,E2:CH:S:1,2019-07-31,3,14,S,,
E2,E2:CH,E2:CH:S,E2:CH:S:1,2019-07-31,3,11,R,,
E2,E2:CH,E2:CH:S,E2:CH:S:1,2019-07-31,3,22,S,,
E2,E2:CH,E2:CH:S,E2:CH:S:1,2019-07-31,3,18,S,,
E2,E2:CH,E2:CH:S,E2:CH:S:1,2019-07-31,3,13,R,,
E2,E2:CH,E2:CH:S,E2:CH:S:2,2019-07-31,11,9,S,,
E2,E2:CH,E2:CH:S,E2:CH:S:2,2019-07-31,11,11,R,,
E2,E2:CH,E2:CH:S,E2:CH:S:2,2019-07-31,11,11,S,,
E2,E2:CH,E2:CH:S,E2:CH:S:2,2019-07-31,11,43,S,,
E2,E2:CH,E2:CH:S,E2:CH:S:2,2019-07-31,11,18,S,,
E2,E2:CH,E2:CH:S,E2:CH:S:2,2019-07-31,11,9,S,,
E2,E2:CH,E2:CH:S,E2:CH:S:3,2019-07-31,8,12,S,,
E2,E2:CH,E2:CH:S,E2:CH:S:3,2019-07-31,8,12,S,,
E2,E2:CH,E2:CH:S,E2:CH:S:3,2019-07-31,8,9,R,,
E2,E2:CH,E2:CH:S,E2:CH:S:3,2019-07-31,8,10,R,,
E2,E2:CH,E2:CH:S,E2:CH:S:3,2019-07-31,8,18,R,,
E2,E2:CN,E2:CN:M,E2:CN:M:1,2019-07-31,5,21,S,,
E2,E2:CN,E2:CN:M,E2:CN:M:2,2019-07-31,14,23,S,,
E2,E2:CN,E2:CN:M,E2:CN:M:2,2019-07-31,14,13,R,,
E2,E2:CN,E2:CN:M,E2:CN:M:3,2019-07-31,36,NONE,NA,,
E2,E2:CN,E2:CN:N,E2:CN:N:1,2019-07-31,14,9,S,,
E2,E2:CN,E2:CN:N,E2:CN:N:1,2019-07-31,14,8,S,,
E2,E2:CN,E2:CN:N,E2:CN:N:1,2019-07-31,14,12,S,,
E2,E2:CN,E2:CN:N,E2:CN:N:2,2019-07-31,25,25,R,,
E2,E2:CN,E2:CN:N,E2:CN:N:2,2019-07-31,25,22,R,,
E2,E2:CN,E2:CN:N,E2:CN:N:2,2019-07-31,25,12,S,,
E2,E2:CN,E2:CN:N,E2:CN:N:3,2019-07-31,40,NONE,NA,,
E2,E2:CN,E2:CN:S,E2:CN:S:1,2019-07-31,3,12,S,,
E2,E2:CN,E2:CN:S,E2:CN:S:1,2019-07-31,3,28,S,,
E2,E2:CN,E2:CN:S,E2:CN:S:1,2019-07-31,3,24,R,,
E2,E2:CN,E2:CN:S,E2:CN:S:1,2019-07-31,3,12,R,,
E2,E2:CN,E2:CN:S,E2:CN:S:1,2019-07-31,3,13,R,,
E2,E2:CN,E2:CN:S,E2:CN:S:1,2019-07-31,3,8,S,,
E2,E2:CN,E2:CN:S,E2:CN:S:1,2019-07-31,3,26,S,,
E2,E2:CN,E2:CN:S,E2:CN:S:1,2019-07-31,3,8,S,,
E2,E2:CN,E2:CN:S,E2:CN:S:1,2019-07-31,3,18,S,,
E2,E2:CN,E2:CN:S,E2:CN:S:1,2019-07-31,3,17,S,,
E2,E2:CN,E2:CN:S,E2:CN:S:2,2019-07-31,13,16,R,,
E2,E2:CN,E2:CN:S,E2:CN:S:2,2019-07-31,13,9,S,,
E2,E2:CN,E2:CN:S,E2:CN:S:2,2019-07-31,13,9,S,,
E2,E2:CN,E2:CN:S,E2:CN:S:2,2019-07-31,13,21,S,,
E2,E2:CN,E2:CN:S,E2:CN:S:2,2019-07-31,13,8,S,,
E2,E2:CN,E2:CN:S,E2:CN:S:2,2019-07-31,13,9,S,,
E2,E2:CN,E2:CN:S,E2:CN:S:3,2019-07-31,36,NONE,NA,,
E2,E2:EG,E2:EG:M,E2:EG:M:1,2019-07-31,1,25,R,,
E2,E2:EG,E2:EG:M,E2:EG:M:1,2019-07-31,1,14,R,,
E2,E2:EG,E2:EG:M,E2:EG:M:2,2019-07-31,1,NONE,NA,,
E2,E2:EG,E2:EG:M,E2:EG:M:3,2019-07-31,16,27,S,,
E2,E2:EG,E2:EG:M,E2:EG:M:3,2019-07-31,16,32,S,,
E2,E2:EG,E2:EG:M,E2:EG:M:3,2019-07-31,16,9,S,,
E2,E2:EG,E2:EG:N,E2:EG:N:1,2019-07-31,0,27,S,,
E2,E2:EG,E2:EG:N,E2:EG:N:2,2019-07-31,4,9,R,,
E2,E2:EG,E2:EG:N,E2:EG:N:2,2019-07-31,4,12,R,,
E2,E2:EG,E2:EG:N,E2:EG:N:3,2019-07-31,8,22,S,,
E2,E2:EG,E2:EG:S,E2:EG:S:1,2019-07-31,0,21,S,,
E2,E2:EG,E2:EG:S,E2:EG:S:2,2019-07-31,0,10,S,,
E2,E2:EG,E2:EG:S,E2:EG:S:2,2019-07-31,0,26,S,,
E2,E2:EG,E2:EG:S,E2:EG:S:3,2019-07-31,10,70,S,,
E2,E2:EH,E2:EH:M,E2:EH:M:1,2019-07-31,10,18,S,,
E2,E2:EH,E2:EH:M,E2:EH:M:1,2019-07-31,10,15,S,,
E2,E2:EH,E2:EH:M,E2:EH:M:2,2019-07-31,13,31,S,,
E2,E2:EH,E2:EH:M,E2:EH:M:2,2019-07-31,13,15,R,,
E2,E2:EH,E2:EH:M,E2:EH:M:2,2019-07-31,13,9,S,,
E2,E2:EH,E2:EH:M,E2:EH:M:3,2019-07-31,29,13,S,,
E2,E2:EH,E2:EH:M,E2:EH:M:3,2019-07-31,29,8,S,,
E2,E2:EH,E2:EH:M,E2:EH:M:3,2019-07-31,29,28,S,,
E2,E2:EH,E2:EH:N,E2:EH:N:1,2019-07-31,12,27,S,,
E2,E2:EH,E2:EH:N,E2:EH:N:2,2019-07-31,17,15,S,,
E2,E2:EH,E2:EH:N,E2:EH:N:2,2019-07-31,17,13,S,,
E2,E2:EH,E2:EH:N,E2:EH:N:2,2019-07-31,17,25,S,,
E2,E2:EH,E2:EH:N,E2:EH:N:3,2019-07-31,26,NONE,NA,,
E2,E2:EH,E2:EH:S,E2:EH:S:1,2019-07-31,15,10,S,,
E2,E2:EH,E2:EH:S,E2:EH:S:1,2019-07-31,15,11,S,,
E2,E2:EH,E2:EH:S,E2:EH:S:1,2019-07-31,15,10,R,,
E2,E2:EH,E2:EH:S,E2:EH:S:2,2019-07-31,4,NONE,NA,,
E2,E2:EH,E2:EH:S,E2:EH:S:3,2019-07-31,24,9,R,,
E2,E2:EH,E2:EH:S,E2:EH:S:3,2019-07-31,24,25,R,,
E2,E2:EH,E2:EH:S,E2:EH:S:3,2019-07-31,24,8,R,,
E2,E2:EH,E2:EH:S,E2:EH:S:3,2019-07-31,24,16,R,,
E2,E2:EH,E2:EH:S,E2:EH:S:3,2019-07-31,24,55,S,,
E2,E2:EH,E2:EH:S,E2:EH:S:3,2019-07-31,24,9,S,,
E2,E2:EH,E2:EH:S,E2:EH:S:3,2019-07-31,24,23,S,,
E2,E2:EH,E2:EH:S,E2:EH:S:3,2019-07-31,24,8,S,,
E2,E2:EH,E2:EH:S,E2:EH:S:3,2019-07-31,24,30,S,,
E2,E2:EN,E2:EN:M,E2:EN:M:1,2019-07-31,20,13,S,,
E2,E2:EN,E2:EN:M,E2:EN:M:2,2019-07-31,0,NONE,NA,,
E2,E2:EN,E2:EN:M,E2:EN:M:3,2019-07-31,NA,NONE,NA,,
E2,E2:EN,E2:EN:N,E2:EN:N:1,2019-07-31,18,NONE,NA,,
E2,E2:EN,E2:EN:N,E2:EN:N:2,2019-07-31,1,NONE,NA,,
E2,E2:EN,E2:EN:N,E2:EN:N:3,2019-07-31,23,19,R,,
E2,E2:EN,E2:EN:S,E2:EN:S:1,2019-07-31,16,14,R,,
E2,E2:EN,E2:EN:S,E2:EN:S:1,2019-07-31,16,9,R,,
E2,E2:EN,E2:EN:S,E2:EN:S:1,2019-07-31,16,17,R,,
E2,E2:EN,E2:EN:S,E2:EN:S:2,2019-07-31,16,9,S,,
E2,E2:EN,E2:EN:S,E2:EN:S:3,2019-07-31,12,NONE,NA,,
E3,E3:CG,E3:CG:M,E3:CG:M:1,2019-08-01,10,9,S,,
E3,E3:CG,E3:CG:M,E3:CG:M:1,2019-08-01,10,35,S,,
E3,E3:CG,E3:CG:M,E3:CG:M:1,2019-08-01,10,13,S,,
E3,E3:CG,E3:CG:M,E3:CG:M:1,2019-08-01,10,14,S,,
E3,E3:CG,E3:CG:M,E3:CG:M:1,2019-08-01,10,14,S,,
E3,E3:CG,E3:CG:M,E3:CG:M:1,2019-08-01,10,40,S,,
E3,E3:CG,E3:CG:M,E3:CG:M:1,2019-08-01,10,20,S,,
E3,E3:CG,E3:CG:M,E3:CG:M:2,2019-08-01,10,18,S,,
E3,E3:CG,E3:CG:M,E3:CG:M:2,2019-08-01,10,10,S,,
E3,E3:CG,E3:CG:M,E3:CG:M:3,2019-08-01,9,33,R,,
E3,E3:CG,E3:CG:M,E3:CG:M:3,2019-08-01,9,21,R,,
E3,E3:CG,E3:CG:M,E3:CG:M:3,2019-08-01,9,28,R,,
E3,E3:CG,E3:CG:M,E3:CG:M:3,2019-08-01,9,19,R,,
E3,E3:CG,E3:CG:M,E3:CG:M:3,2019-08-01,9,11,R,,
E3,E3:CG,E3:CG:M,E3:CG:M:3,2019-08-01,9,11,S,,
E3,E3:CG,E3:CG:N,E3:CG:N:1,2019-08-01,12,NONE,NA,,
E3,E3:CG,E3:CG:N,E3:CG:N:2,2019-08-01,9,35,R,,
E3,E3:CG,E3:CG:N,E3:CG:N:3,2019-08-01,14,17,S,,
E3,E3:CG,E3:CG:S,E3:CG:S:1,2019-08-01,7,13,R,,
E3,E3:CG,E3:CG:S,E3:CG:S:1,2019-08-01,7,10,R,,
E3,E3:CG,E3:CG:S,E3:CG:S:1,2019-08-01,7,28,S,,
E3,E3:CG,E3:CG:S,E3:CG:S:1,2019-08-01,7,15,S,,
E3,E3:CG,E3:CG:S,E3:CG:S:1,2019-08-01,7,9,S,,
E3,E3:CG,E3:CG:S,E3:CG:S:1,2019-08-01,7,26,R,,
E3,E3:CG,E3:CG:S,E3:CG:S:1,2019-08-01,7,24,R,,
E3,E3:CG,E3:CG:S,E3:CG:S:1,2019-08-01,7,33,S,,
E3,E3:CG,E3:CG:S,E3:CG:S:2,2019-08-01,8,33,S,,
E3,E3:CG,E3:CG:S,E3:CG:S:2,2019-08-01,8,18,S,,
E3,E3:CG,E3:CG:S,E3:CG:S:2,2019-08-01,8,11,S,,
E3,E3:CG,E3:CG:S,E3:CG:S:2,2019-08-01,8,17,S,,
E3,E3:CG,E3:CG:S,E3:CG:S:3,2019-08-01,11,10,S,,
E3,E3:CG,E3:CG:S,E3:CG:S:3,2019-08-01,11,11,R,,
E3,E3:CG,E3:CG:S,E3:CG:S:3,2019-08-01,11,10,S,,
E3,E3:CG,E3:CG:S,E3:CG:S:3,2019-08-01,11,15,S,,
E3,E3:CH,E3:CH:M,E3:CH:M:1,2019-08-01,5,24,S,,
E3,E3:CH,E3:CH:M,E3:CH:M:2,2019-08-01,8,9,S,,
E3,E3:CH,E3:CH:M,E3:CH:M:3,2019-08-01,13,30,R,,
E3,E3:CH,E3:CH:M,E3:CH:M:3,2019-08-01,13,39,R,,
E3,E3:CH,E3:CH:M,E3:CH:M:3,2019-08-01,13,50,R,,
E3,E3:CH,E3:CH:M,E3:CH:M:3,2019-08-01,13,39,S,,
E3,E3:CH,E3:CH:N,E3:CH:N:1,2019-08-01,9,8,R,,
E3,E3:CH,E3:CH:N,E3:CH:N:1,2019-08-01,9,14,R,,
E3,E3:CH,E3:CH:N,E3:CH:N:1,2019-08-01,9,35,R,,
E3,E3:CH,E3:CH:N,E3:CH:N:1,2019-08-01,9,37,S,,
E3,E3:CH,E3:CH:N,E3:CH:N:2,2019-08-01,10,42,S,,
E3,E3:CH,E3:CH:N,E3:CH:N:2,2019-08-01,10,20,R,,
E3,E3:CH,E3:CH:N,E3:CH:N:2,2019-08-01,10,13,R,,
E3,E3:CH,E3:CH:N,E3:CH:N:3,2019-08-01,19,10,S,,
E3,E3:CH,E3:CH:N,E3:CH:N:3,2019-08-01,19,40,S,,
E3,E3:CH,E3:CH:N,E3:CH:N:3,2019-08-01,19,11,S,,
E3,E3:CH,E3:CH:N,E3:CH:N:3,2019-08-01,19,10,S,,
E3,E3:CH,E3:CH:N,E3:CH:N:3,2019-08-01,19,13,R,,
E3,E3:CH,E3:CH:N,E3:CH:N:3,2019-08-01,19,9,R,,
E3,E3:CH,E3:CH:N,E3:CH:N:3,2019-08-01,19,8,R,,
E3,E3:CH,E3:CH:N,E3:CH:N:3,2019-08-01,19,30,R,,
E3,E3:CH,E3:CH:N,E3:CH:N:3,2019-08-01,19,10,R,,
E3,E3:CH,E3:CH:N,E3:CH:N:3,2019-08-01,19,19,S,,
E3,E3:CH,E3:CH:S,E3:CH:S:1,2019-08-01,11,13,R,,
E3,E3:CH,E3:CH:S,E3:CH:S:2,2019-08-01,13,13,S,,
E3,E3:CH,E3:CH:S,E3:CH:S:2,2019-08-01,13,25,S,,
E3,E3:CH,E3:CH:S,E3:CH:S:2,2019-08-01,13,22,S,,
E3,E3:CH,E3:CH:S,E3:CH:S:2,2019-08-01,13,12,S,,
E3,E3:CH,E3:CH:S,E3:CH:S:3,2019-08-01,10,20,S,,
E3,E3:CH,E3:CH:S,E3:CH:S:3,2019-08-01,10,32,S,,
E3,E3:CH,E3:CH:S,E3:CH:S:3,2019-08-01,10,17,S,,
E3,E3:CH,E3:CH:S,E3:CH:S:3,2019-08-01,10,51,S,,
E3,E3:CN,E3:CN:M,E3:CN:M:1,2019-08-01,13,13,S,,
E3,E3:CN,E3:CN:M,E3:CN:M:2,2019-08-01,13,10,S,,
E3,E3:CN,E3:CN:M,E3:CN:M:2,2019-08-01,13,8.5,S,,
E3,E3:CN,E3:CN:M,E3:CN:M:2,2019-08-01,13,9,R,,
E3,E3:CN,E3:CN:M,E3:CN:M:2,2019-08-01,13,10,S,,
E3,E3:CN,E3:CN:M,E3:CN:M:3,2019-08-01,11,27,R,,
E3,E3:CN,E3:CN:M,E3:CN:M:3,2019-08-01,11,33,S,,
E3,E3:CN,E3:CN:M,E3:CN:M:3,2019-08-01,11,27,R,,
E3,E3:CN,E3:CN:M,E3:CN:M:3,2019-08-01,11,10,S,,
E3,E3:CN,E3:CN:M,E3:CN:M:3,2019-08-01,11,13,S,,
E3,E3:CN,E3:CN:M,E3:CN:M:3,2019-08-01,11,16,R,,
E3,E3:CN,E3:CN:M,E3:CN:M:3,2019-08-01,11,8,S,,
E3,E3:CN,E3:CN:M,E3:CN:M:3,2019-08-01,11,9,R,,
E3,E3:CN,E3:CN:N,E3:CN:N:1,2019-08-01,12,NONE,NA,,
E3,E3:CN,E3:CN:N,E3:CN:N:2,2019-08-01,13,NONE,NA,,
E3,E3:CN,E3:CN:N,E3:CN:N:3,2019-08-01,12,20,R,,
E3,E3:CN,E3:CN:N,E3:CN:N:3,2019-08-01,12,17,R,,
E3,E3:CN,E3:CN:N,E3:CN:N:3,2019-08-01,12,43,S,,
E3,E3:CN,E3:CN:N,E3:CN:N:3,2019-08-01,12,33,S,,
E3,E3:CN,E3:CN:S,E3:CN:S:1,2019-08-01,12,10,S,,
E3,E3:CN,E3:CN:S,E3:CN:S:1,2019-08-01,12,11,S,,
E3,E3:CN,E3:CN:S,E3:CN:S:2,2019-08-01,11,25,S,,
E3,E3:CN,E3:CN:S,E3:CN:S:2,2019-08-01,11,35,S,,
E3,E3:CN,E3:CN:S,E3:CN:S:2,2019-08-01,11,10,S,,
E3,E3:CN,E3:CN:S,E3:CN:S:2,2019-08-01,11,32,S,,
E3,E3:CN,E3:CN:S,E3:CN:S:2,2019-08-01,11,21,S,,
E3,E3:CN,E3:CN:S,E3:CN:S:2,2019-08-01,11,18,S,,
E3,E3:CN,E3:CN:S,E3:CN:S:2,2019-08-01,11,28,S,,
E3,E3:CN,E3:CN:S,E3:CN:S:2,2019-08-01,11,23,S,,
E3,E3:CN,E3:CN:S,E3:CN:S:2,2019-08-01,11,20,S,,
E3,E3:CN,E3:CN:S,E3:CN:S:2,2019-08-01,11,20,R,,
E3,E3:CN,E3:CN:S,E3:CN:S:2,2019-08-01,11,20,R,,
E3,E3:CN,E3:CN:S,E3:CN:S:2,2019-08-01,11,17,S,,
E3,E3:CN,E3:CN:S,E3:CN:S:2,2019-08-01,11,16,S,,
E3,E3:CN,E3:CN:S,E3:CN:S:2,2019-08-01,11,13,R,,
E3,E3:CN,E3:CN:S,E3:CN:S:3,2019-08-01,15,13,R,,
E3,E3:CN,E3:CN:S,E3:CN:S:3,2019-08-01,15,63,S,,
E3,E3:CN,E3:CN:S,E3:CN:S:3,2019-08-01,15,NONE,NA,,
E3,E3:EG,E3:EG:M,E3:EG:M:1,2019-08-01,12,19,S,,
E3,E3:EG,E3:EG:M,E3:EG:M:2,2019-08-01,11,22,S,,
E3,E3:EG,E3:EG:M,E3:EG:M:2,2019-08-01,11,9,S,,
E3,E3:EG,E3:EG:M,E3:EG:M:3,2019-08-01,12,8,S,,
E3,E3:EG,E3:EG:M,E3:EG:M:3,2019-08-01,12,27,R,,
E3,E3:EG,E3:EG:N,E3:EG:N:1,2019-08-01,15,11,R,,
E3,E3:EG,E3:EG:N,E3:EG:N:1,2019-08-01,15,10,R,,
E3,E3:EG,E3:EG:N,E3:EG:N:1,2019-08-01,15,10,R,,
E3,E3:EG,E3:EG:N,E3:EG:N:1,2019-08-01,15,10,R,,
E3,E3:EG,E3:EG:N,E3:EG:N:1,2019-08-01,15,13,S,,
E3,E3:EG,E3:EG:N,E3:EG:N:1,2019-08-01,15,36,S,,
E3,E3:EG,E3:EG:N,E3:EG:N:2,2019-08-01,11,15,R,,
E3,E3:EG,E3:EG:N,E3:EG:N:2,2019-08-01,11,13,R,,
E3,E3:EG,E3:EG:N,E3:EG:N:2,2019-08-01,11,15,R,,
E3,E3:EG,E3:EG:N,E3:EG:N:2,2019-08-01,11,20,R,,
E3,E3:EG,E3:EG:N,E3:EG:N:2,2019-08-01,11,16,R,,
E3,E3:EG,E3:EG:N,E3:EG:N:2,2019-08-01,11,12,S,,
E3,E3:EG,E3:EG:N,E3:EG:N:2,2019-08-01,11,10,S,,
E3,E3:EG,E3:EG:N,E3:EG:N:3,2019-08-01,14,24,S,,
E3,E3:EG,E3:EG:N,E3:EG:N:3,2019-08-01,14,15,S,,
E3,E3:EG,E3:EG:S,E3:EG:S:1,2019-08-01,10,32,S,,
E3,E3:EG,E3:EG:S,E3:EG:S:1,2019-08-01,10,39,S,,
E3,E3:EG,E3:EG:S,E3:EG:S:2,2019-08-01,15,13,R,,
E3,E3:EG,E3:EG:S,E3:EG:S:2,2019-08-01,15,8,S,,
E3,E3:EG,E3:EG:S,E3:EG:S:2,2019-08-01,15,27,R,,
E3,E3:EG,E3:EG:S,E3:EG:S:2,2019-08-01,15,56,R,,
E3,E3:EG,E3:EG:S,E3:EG:S:2,2019-08-01,15,25,S,,
E3,E3:EG,E3:EG:S,E3:EG:S:2,2019-08-01,15,15,S,,
E3,E3:EG,E3:EG:S,E3:EG:S:2,2019-08-01,15,10,R,,
E3,E3:EG,E3:EG:S,E3:EG:S:2,2019-08-01,15,37,R,,
E3,E3:EG,E3:EG:S,E3:EG:S:3,2019-08-01,11,40,S,,
E3,E3:EH,E3:EH:M,E3:EH:M:1,2019-08-01,15,13,R,,
E3,E3:EH,E3:EH:M,E3:EH:M:1,2019-08-01,15,8,S,,
E3,E3:EH,E3:EH:M,E3:EH:M:2,2019-08-01,16,8,S,,
E3,E3:EH,E3:EH:M,E3:EH:M:3,2019-08-01,17,10,R,,
E3,E3:EH,E3:EH:N,E3:EH:N:1,2019-08-01,14,8,S,,
E3,E3:EH,E3:EH:N,E3:EH:N:1,2019-08-01,14,8,S,,
E3,E3:EH,E3:EH:N,E3:EH:N:1,2019-08-01,14,21,S,,
E3,E3:EH,E3:EH:N,E3:EH:N:1,2019-08-01,14,27,S,,
E3,E3:EH,E3:EH:N,E3:EH:N:1,2019-08-01,14,14,S,,
E3,E3:EH,E3:EH:N,E3:EH:N:1,2019-08-01,14,15,S,,
E3,E3:EH,E3:EH:N,E3:EH:N:2,2019-08-01,16,NONE,NA,,
E3,E3:EH,E3:EH:N,E3:EH:N:3,2019-08-01,13,9,S,,
E3,E3:EH,E3:EH:S,E3:EH:S:1,2019-08-01,9,16,S,,
E3,E3:EH,E3:EH:S,E3:EH:S:2,2019-08-01,19,NONE,NA,,
E3,E3:EH,E3:EH:S,E3:EH:S:3,2019-08-01,16,9,S,,
E3,E3:EH,E3:EH:S,E3:EH:S:3,2019-08-01,16,11,R,,
E3,E3:EN,E3:EN:M,E3:EN:M:1,2019-08-01,4,45,S,,
E3,E3:EN,E3:EN:M,E3:EN:M:1,2019-08-01,4,18,S,,
E3,E3:EN,E3:EN:M,E3:EN:M:2,2019-08-01,10,37,R,,
E3,E3:EN,E3:EN:M,E3:EN:M:2,2019-08-01,10,9,S,,
E3,E3:EN,E3:EN:M,E3:EN:M:2,2019-08-01,10,11.5,S,,
E3,E3:EN,E3:EN:M,E3:EN:M:2,2019-08-01,10,16,S,,
E3,E3:EN,E3:EN:M,E3:EN:M:3,2019-08-01,12,12,R,,
E3,E3:EN,E3:EN:M,E3:EN:M:3,2019-08-01,12,10,S,,
E3,E3:EN,E3:EN:N,E3:EN:N:1,2019-08-01,9,9,S,,
E3,E3:EN,E3:EN:N,E3:EN:N:2,2019-08-01,10,25,S,,
E3,E3:EN,E3:EN:N,E3:EN:N:2,2019-08-01,10,34,S,,
E3,E3:EN,E3:EN:N,E3:EN:N:3,2019-08-01,14,23,S,,
E3,E3:EN,E3:EN:N,E3:EN:N:3,2019-08-01,14,47,S,,
E3,E3:EN,E3:EN:S,E3:EN:S:1,2019-08-01,2,8,R,,
E3,E3:EN,E3:EN:S,E3:EN:S:1,2019-08-01,2,8,R,,
E3,E3:EN,E3:EN:S,E3:EN:S:1,2019-08-01,2,22,S,,
E3,E3:EN,E3:EN:S,E3:EN:S:1,2019-08-01,2,12,R,,
E3,E3:EN,E3:EN:S,E3:EN:S:1,2019-08-01,2,15,R,,
E3,E3:EN,E3:EN:S,E3:EN:S:2,2019-08-01,8,30,S,,
E3,E3:EN,E3:EN:S,E3:EN:S:2,2019-08-01,8,8,S,,
E3,E3:EN,E3:EN:S,E3:EN:S:2,2019-08-01,8,9,R,,
E3,E3:EN,E3:EN:S,E3:EN:S:3,2019-08-01,12,25,S,,
E3,E3:EN,E3:EN:S,E3:EN:S:3,2019-08-01,12,25,S,,
E4,E4:CG,E4:CG:M,E4:CG:M:1,2019-08-03,3,14,S,,
E4,E4:CG,E4:CG:M,E4:CG:M:1,2019-08-03,3,8,S,,
E4,E4:CG,E4:CG:M,E4:CG:M:1,2019-08-03,3,9,R,,
E4,E4:CG,E4:CG:M,E4:CG:M:1,2019-08-03,3,10,S,,
E4,E4:CG,E4:CG:M,E4:CG:M:2,2019-08-03,5,8,S,,
E4,E4:CG,E4:CG:M,E4:CG:M:2,2019-08-03,5,10,S,,
E4,E4:CG,E4:CG:M,E4:CG:M:2,2019-08-03,5,24,S,,
E4,E4:CG,E4:CG:M,E4:CG:M:3,2019-08-03,10,65,S,,
E4,E4:CG,E4:CG:M,E4:CG:M:3,2019-08-03,10,15,S,,
E4,E4:CG,E4:CG:M,E4:CG:M:3,2019-08-03,10,9,S,,
E4,E4:CG,E4:CG:M,E4:CG:M:3,2019-08-03,10,14,S,,
E4,E4:CG,E4:CG:M,E4:CG:M:3,2019-08-03,10,9,S,,
E4,E4:CG,E4:CG:M,E4:CG:M:3,2019-08-03,10,8,S,,
E4,E4:CG,E4:CG:M,E4:CG:M:3,2019-08-03,10,9,S,,
E4,E4:CG,E4:CG:M,E4:CG:M:3,2019-08-03,10,12,S,,
E4,E4:CG,E4:CG:N,E4:CG:N:1,2019-08-03,5,13,R,,
E4,E4:CG,E4:CG:N,E4:CG:N:1,2019-08-03,5,15,R,,
E4,E4:CG,E4:CG:N,E4:CG:N:1,2019-08-03,5,11,R,,
E4,E4:CG,E4:CG:N,E4:CG:N:1,2019-08-03,5,10,R,,
E4,E4:CG,E4:CG:N,E4:CG:N:1,2019-08-03,5,13,R,,
E4,E4:CG,E4:CG:N,E4:CG:N:1,2019-08-03,5,8,R,,
E4,E4:CG,E4:CG:N,E4:CG:N:1,2019-08-03,5,11,R,,
E4,E4:CG,E4:CG:N,E4:CG:N:1,2019-08-03,5,23,R,,
E4,E4:CG,E4:CG:N,E4:CG:N:2,2019-08-03,10,11,R,,
E4,E4:CG,E4:CG:N,E4:CG:N:2,2019-08-03,10,15,S,,
E4,E4:CG,E4:CG:N,E4:CG:N:3,2019-08-03,3,34,S,,
E4,E4:CG,E4:CG:N,E4:CG:N:3,2019-08-03,3,29,R,,
E4,E4:CG,E4:CG:N,E4:CG:N:3,2019-08-03,3,24,S,,
E4,E4:CG,E4:CG:N,E4:CG:N:3,2019-08-03,3,27,S,,
E4,E4:CG,E4:CG:N,E4:CG:N:3,2019-08-03,3,44,S,,
E4,E4:CG,E4:CG:N,E4:CG:N:3,2019-08-03,3,11,S,,
E4,E4:CG,E4:CG:N,E4:CG:N:3,2019-08-03,3,16,R,,
E4,E4:CG,E4:CG:N,E4:CG:N:3,2019-08-03,3,45,R,,
E4,E4:CG,E4:CG:N,E4:CG:N:3,2019-08-03,3,57,R,,
E4,E4:CG,E4:CG:N,E4:CG:N:3,2019-08-03,3,11,R,,
E4,E4:CG,E4:CG:S,E4:CG:S:1,2019-08-03,3,8,S,,
E4,E4:CG,E4:CG:S,E4:CG:S:1,2019-08-03,3,9,S,,
E4,E4:CG,E4:CG:S,E4:CG:S:1,2019-08-03,3,51,R,,
E4,E4:CG,E4:CG:S,E4:CG:S:1,2019-08-03,3,52,R,,
E4,E4:CG,E4:CG:S,E4:CG:S:2,2019-08-03,4,15,R,,
E4,E4:CG,E4:CG:S,E4:CG:S:2,2019-08-03,4,18,R,,
E4,E4:CG,E4:CG:S,E4:CG:S:2,2019-08-03,4,13,R,,
E4,E4:CG,E4:CG:S,E4:CG:S:2,2019-08-03,4,56,R,,
E4,E4:CG,E4:CG:S,E4:CG:S:3,2019-08-03,11,32,R,,
E4,E4:CG,E4:CG:S,E4:CG:S:3,2019-08-03,11,10,S,,
E4,E4:CG,E4:CG:S,E4:CG:S:3,2019-08-03,11,29,R,,
E4,E4:CG,E4:CG:S,E4:CG:S:3,2019-08-03,11,33,R,,
E4,E4:CH,E4:CH:M,E4:CH:M:1,2019-08-03,NA,13,R,,
E4,E4:CH,E4:CH:M,E4:CH:M:1,2019-08-03,NA,20,R,,
E4,E4:CH,E4:CH:M,E4:CH:M:1,2019-08-03,NA,20,R,,
E4,E4:CH,E4:CH:M,E4:CH:M:1,2019-08-03,NA,23,R,,
E4,E4:CH,E4:CH:M,E4:CH:M:1,2019-08-03,NA,10,R,,
E4,E4:CH,E4:CH:M,E4:CH:M:1,2019-08-03,NA,18,R,,
E4,E4:CH,E4:CH:M,E4:CH:M:1,2019-08-03,NA,38,R,,
E4,E4:CH,E4:CH:M,E4:CH:M:1,2019-08-03,NA,27,R,,
E4,E4:CH,E4:CH:M,E4:CH:M:1,2019-08-03,NA,19,R,,
E4,E4:CH,E4:CH:M,E4:CH:M:1,2019-08-03,NA,20,R,,
E4,E4:CH,E4:CH:M,E4:CH:M:2,2019-08-03,12,22,R,,
E4,E4:CH,E4:CH:M,E4:CH:M:2,2019-08-03,12,13,R,,
E4,E4:CH,E4:CH:M,E4:CH:M:2,2019-08-03,12,11,R,,
E4,E4:CH,E4:CH:M,E4:CH:M:2,2019-08-03,12,10,R,,
E4,E4:CH,E4:CH:M,E4:CH:M:2,2019-08-03,12,16,R,,
E4,E4:CH,E4:CH:M,E4:CH:M:2,2019-08-03,12,13,R,,
E4,E4:CH,E4:CH:M,E4:CH:M:2,2019-08-03,12,17,S,,
E4,E4:CH,E4:CH:M,E4:CH:M:2,2019-08-03,12,26,R,,
E4,E4:CH,E4:CH:M,E4:CH:M:3,2019-08-03,6,11,S,,
E4,E4:CH,E4:CH:M,E4:CH:M:3,2019-08-03,6,38,R,,
E4,E4:CH,E4:CH:M,E4:CH:M:3,2019-08-03,6,15,S,,
E4,E4:CH,E4:CH:M,E4:CH:M:3,2019-08-03,6,15,R,,
E4,E4:CH,E4:CH:M,E4:CH:M:3,2019-08-03,6,11,R,,
E4,E4:CH,E4:CH:N,E4:CH:N:1,2019-08-03,3,23,S,,
E4,E4:CH,E4:CH:N,E4:CH:N:1,2019-08-03,3,25,S,,
E4,E4:CH,E4:CH:N,E4:CH:N:1,2019-08-03,3,33,S,,
E4,E4:CH,E4:CH:N,E4:CH:N:1,2019-08-03,3,20,R,,
E4,E4:CH,E4:CH:N,E4:CH:N:1,2019-08-03,3,27,R,,
E4,E4:CH,E4:CH:N,E4:CH:N:1,2019-08-03,3,26,R,,
E4,E4:CH,E4:CH:N,E4:CH:N:1,2019-08-03,3,17,S,,
E4,E4:CH,E4:CH:N,E4:CH:N:1,2019-08-03,3,17,S,,
E4,E4:CH,E4:CH:N,E4:CH:N:1,2019-08-03,3,12,S,,
E4,E4:CH,E4:CH:N,E4:CH:N:1,2019-08-03,3,11,S,,
E4,E4:CH,E4:CH:N,E4:CH:N:1,2019-08-03,3,12,S,,
E4,E4:CH,E4:CH:N,E4:CH:N:1,2019-08-03,3,11,S,,
E4,E4:CH,E4:CH:N,E4:CH:N:1,2019-08-03,3,13,S,,
E4,E4:CH,E4:CH:N,E4:CH:N:1,2019-08-03,3,37,S,,
E4,E4:CH,E4:CH:N,E4:CH:N:1,2019-08-03,3,28,S,,
E4,E4:CH,E4:CH:N,E4:CH:N:2,2019-08-03,8,12,R,,
E4,E4:CH,E4:CH:N,E4:CH:N:2,2019-08-03,8,9,S,,
E4,E4:CH,E4:CH:N,E4:CH:N:2,2019-08-03,8,13,S,,
E4,E4:CH,E4:CH:N,E4:CH:N:2,2019-08-03,8,17,S,,
E4,E4:CH,E4:CH:N,E4:CH:N:2,2019-08-03,8,16,S,,
E4,E4:CH,E4:CH:N,E4:CH:N:2,2019-08-03,8,22,S,,
E4,E4:CH,E4:CH:N,E4:CH:N:2,2019-08-03,8,23,S,,
E4,E4:CH,E4:CH:N,E4:CH:N:2,2019-08-03,8,13,S,,
E4,E4:CH,E4:CH:N,E4:CH:N:2,2019-08-03,8,14,R,,
E4,E4:CH,E4:CH:N,E4:CH:N:2,2019-08-03,8,25,R,,
E4,E4:CH,E4:CH:N,E4:CH:N:2,2019-08-03,8,25,R,,
E4,E4:CH,E4:CH:N,E4:CH:N:2,2019-08-03,8,35,S,,
E4,E4:CH,E4:CH:N,E4:CH:N:2,2019-08-03,8,22,S,,
E4,E4:CH,E4:CH:N,E4:CH:N:2,2019-08-03,8,8,R,,
E4,E4:CH,E4:CH:N,E4:CH:N:2,2019-08-03,8,8,S,,
E4,E4:CH,E4:CH:N,E4:CH:N:2,2019-08-03,8,11,S,,
E4,E4:CH,E4:CH:N,E4:CH:N:3,2019-08-03,10,12,R,,
E4,E4:CH,E4:CH:N,E4:CH:N:3,2019-08-03,10,23,S,,
E4,E4:CH,E4:CH:N,E4:CH:N:3,2019-08-03,10,8,S,,
E4,E4:CH,E4:CH:N,E4:CH:N:3,2019-08-03,10,14,R,,
E4,E4:CH,E4:CH:N,E4:CH:N:3,2019-08-03,10,63,S,,
E4,E4:CH,E4:CH:N,E4:CH:N:3,2019-08-03,10,10,R,,
E4,E4:CH,E4:CH:N,E4:CH:N:3,2019-08-03,10,9,S,,
E4,E4:CH,E4:CH:N,E4:CH:N:3,2019-08-03,10,10,R,,
E4,E4:CH,E4:CH:S,E4:CH:S:1,2019-08-03,6,37,S,,
E4,E4:CH,E4:CH:S,E4:CH:S:1,2019-08-03,6,28,R,,
E4,E4:CH,E4:CH:S,E4:CH:S:1,2019-08-03,6,30,S,,
E4,E4:CH,E4:CH:S,E4:CH:S:1,2019-08-03,6,12,S,,
E4,E4:CH,E4:CH:S,E4:CH:S:1,2019-08-03,6,14,S,,
E4,E4:CH,E4:CH:S,E4:CH:S:1,2019-08-03,6,9,R,,
E4,E4:CH,E4:CH:S,E4:CH:S:1,2019-08-03,6,12,S,,
E4,E4:CH,E4:CH:S,E4:CH:S:1,2019-08-03,6,11,S,,
E4,E4:CH,E4:CH:S,E4:CH:S:1,2019-08-03,6,8,S,,
E4,E4:CH,E4:CH:S,E4:CH:S:1,2019-08-03,6,21,S,,
E4,E4:CH,E4:CH:S,E4:CH:S:1,2019-08-03,6,10,S,,
E4,E4:CH,E4:CH:S,E4:CH:S:1,2019-08-03,6,8,S,,
E4,E4:CH,E4:CH:S,E4:CH:S:2,2019-08-03,7,10,R,,
E4,E4:CH,E4:CH:S,E4:CH:S:2,2019-08-03,7,12,R,,
E4,E4:CH,E4:CH:S,E4:CH:S:2,2019-08-03,7,11,R,,
E4,E4:CH,E4:CH:S,E4:CH:S:2,2019-08-03,7,16,R,,
E4,E4:CH,E4:CH:S,E4:CH:S:3,2019-08-03,6,13,R,,
E4,E4:CH,E4:CH:S,E4:CH:S:3,2019-08-03,6,10,S,,
E4,E4:CH,E4:CH:S,E4:CH:S:3,2019-08-03,6,12,S,,
E4,E4:CH,E4:CH:S,E4:CH:S:3,2019-08-03,6,20,S,,
E4,E4:CH,E4:CH:S,E4:CH:S:3,2019-08-03,6,23,S,,
E4,E4:CH,E4:CH:S,E4:CH:S:3,2019-08-03,6,16,S,,
E4,E4:CH,E4:CH:S,E4:CH:S:3,2019-08-03,6,10,S,,
E4,E4:CH,E4:CH:S,E4:CH:S:3,2019-08-03,6,26,S,,
E4,E4:CH,E4:CH:S,E4:CH:S:3,2019-08-03,6,24,R,,
E4,E4:CH,E4:CH:S,E4:CH:S:3,2019-08-03,6,11,S,,
E4,E4:CH,E4:CH:S,E4:CH:S:3,2019-08-03,6,21,R,,
E4,E4:CN,E4:CN:M,E4:CN:M:1,2019-08-03,NA,NONE,NA,,
E4,E4:CN,E4:CN:M,E4:CN:M:2,2019-08-03,2,8,R,,
E4,E4:CN,E4:CN:M,E4:CN:M:2,2019-08-03,2,27,R,,
E4,E4:CN,E4:CN:M,E4:CN:M:2,2019-08-03,2,13,S,,
E4,E4:CN,E4:CN:M,E4:CN:M:3,2019-08-03,14,58,R,,
E4,E4:CN,E4:CN:M,E4:CN:M:3,2019-08-03,14,36,R,,
E4,E4:CN,E4:CN:M,E4:CN:M:3,2019-08-03,14,11,R,,
E4,E4:CN,E4:CN:M,E4:CN:M:3,2019-08-03,14,15,R,,
E4,E4:CN,E4:CN:M,E4:CN:M:3,2019-08-03,14,19,R,,
E4,E4:CN,E4:CN:M,E4:CN:M:3,2019-08-03,14,47,R,,
E4,E4:CN,E4:CN:N,E4:CN:N:1,2019-08-03,3,14,S,,
E4,E4:CN,E4:CN:N,E4:CN:N:1,2019-08-03,3,10,S,,
E4,E4:CN,E4:CN:N,E4:CN:N:1,2019-08-03,3,11,S,,
E4,E4:CN,E4:CN:N,E4:CN:N:1,2019-08-03,3,17,S,,
E4,E4:CN,E4:CN:N,E4:CN:N:1,2019-08-03,3,13,R,,
E4,E4:CN,E4:CN:N,E4:CN:N:1,2019-08-03,3,18,S,,
E4,E4:CN,E4:CN:N,E4:CN:N:1,2019-08-03,3,17,S,,
E4,E4:CN,E4:CN:N,E4:CN:N:1,2019-08-03,3,15,S,,
E4,E4:CN,E4:CN:N,E4:CN:N:1,2019-08-03,3,8,S,,
E4,E4:CN,E4:CN:N,E4:CN:N:1,2019-08-03,3,23,S,,
E4,E4:CN,E4:CN:N,E4:CN:N:1,2019-08-03,3,9,S,,
E4,E4:CN,E4:CN:N,E4:CN:N:2,2019-08-03,6,23,S,,
E4,E4:CN,E4:CN:N,E4:CN:N:2,2019-08-03,6,9,S,,
E4,E4:CN,E4:CN:N,E4:CN:N:2,2019-08-03,6,18,S,,
E4,E4:CN,E4:CN:N,E4:CN:N:3,2019-08-03,12,10,S,,
E4,E4:CN,E4:CN:N,E4:CN:N:3,2019-08-03,12,8,R,,
E4,E4:CN,E4:CN:S,E4:CN:S:1,2019-08-03,4,27,S,,
E4,E4:CN,E4:CN:S,E4:CN:S:1,2019-08-03,4,15,S,,
E4,E4:CN,E4:CN:S,E4:CN:S:1,2019-08-03,4,8,R,,
E4,E4:CN,E4:CN:S,E4:CN:S:1,2019-08-03,4,20,S,,
E4,E4:CN,E4:CN:S,E4:CN:S:1,2019-08-03,4,25,S,,
E4,E4:CN,E4:CN:S,E4:CN:S:1,2019-08-03,4,8,S,,
E4,E4:CN,E4:CN:S,E4:CN:S:1,2019-08-03,4,22,S,,
E4,E4:CN,E4:CN:S,E4:CN:S:2,2019-08-03,14,8,R,,
E4,E4:CN,E4:CN:S,E4:CN:S:2,2019-08-03,14,13,S,,
E4,E4:CN,E4:CN:S,E4:CN:S:2,2019-08-03,14,16,S,,
E4,E4:CN,E4:CN:S,E4:CN:S:2,2019-08-03,14,12,S,,
E4,E4:CN,E4:CN:S,E4:CN:S:2,2019-08-03,14,52,S,,
E4,E4:CN,E4:CN:S,E4:CN:S:2,2019-08-03,14,20,S,,
E4,E4:CN,E4:CN:S,E4:CN:S:2,2019-08-03,14,37,S,,
E4,E4:CN,E4:CN:S,E4:CN:S:3,2019-08-03,NA,8,S,,
E4,E4:CN,E4:CN:S,E4:CN:S:3,2019-08-03,NA,10,S,,
E4,E4:CN,E4:CN:S,E4:CN:S:3,2019-08-03,NA,35,S,,
E4,E4:CN,E4:CN:S,E4:CN:S:3,2019-08-03,NA,15,S,,
E4,E4:CN,E4:CN:S,E4:CN:S:3,2019-08-03,NA,20,R,,
E4,E4:CN,E4:CN:S,E4:CN:S:3,2019-08-03,NA,8,S,,
E4,E4:CN,E4:CN:S,E4:CN:S:3,2019-08-03,NA,14,R,,
E4,E4:CN,E4:CN:S,E4:CN:S:3,2019-08-03,NA,10,S,,
E4,E4:CN,E4:CN:S,E4:CN:S:3,2019-08-03,NA,13,R,,
E4,E4:CN,E4:CN:S,E4:CN:S:3,2019-08-03,NA,8,S,,
E4,E4:CN,E4:CN:S,E4:CN:S:3,2019-08-03,NA,25,S,,
E4,E4:CN,E4:CN:S,E4:CN:S:3,2019-08-03,NA,12,S,,
E4,E4:CN,E4:CN:S,E4:CN:S:3,2019-08-03,NA,8,S,,
E4,E4:CN,E4:CN:S,E4:CN:S:3,2019-08-03,NA,8,R,,
E4,E4:EG,E4:EG:M,E4:EG:M:1,2019-08-03,4,10,R,,
E4,E4:EG,E4:EG:M,E4:EG:M:1,2019-08-03,4,22,R,,
E4,E4:EG,E4:EG:M,E4:EG:M:1,2019-08-03,4,10,R,,
E4,E4:EG,E4:EG:M,E4:EG:M:1,2019-08-03,4,14,R,,
E4,E4:EG,E4:EG:M,E4:EG:M:2,2019-08-03,4,9,S,,
E4,E4:EG,E4:EG:M,E4:EG:M:2,2019-08-03,4,16,R,,
E4,E4:EG,E4:EG:M,E4:EG:M:2,2019-08-03,4,15,S,,
E4,E4:EG,E4:EG:M,E4:EG:M:2,2019-08-03,4,22,R,,
E4,E4:EG,E4:EG:M,E4:EG:M:2,2019-08-03,4,8,R,,
E4,E4:EG,E4:EG:M,E4:EG:M:2,2019-08-03,4,19,S,,
E4,E4:EG,E4:EG:M,E4:EG:M:2,2019-08-03,4,15,S,,
E4,E4:EG,E4:EG:M,E4:EG:M:3,2019-08-03,5,33,R,,
E4,E4:EG,E4:EG:M,E4:EG:M:3,2019-08-03,5,14,R,,
E4,E4:EG,E4:EG:M,E4:EG:M:3,2019-08-03,5,35,R,,
E4,E4:EG,E4:EG:M,E4:EG:M:3,2019-08-03,5,12,S,,
E4,E4:EG,E4:EG:N,E4:EG:N:1,2019-08-03,2,11,R,,
E4,E4:EG,E4:EG:N,E4:EG:N:2,2019-08-03,6,19,R,,
E4,E4:EG,E4:EG:N,E4:EG:N:2,2019-08-03,6,12,R,,
E4,E4:EG,E4:EG:N,E4:EG:N:3,2019-08-03,2,40,R,,
E4,E4:EG,E4:EG:N,E4:EG:N:3,2019-08-03,2,16,R,,
E4,E4:EG,E4:EG:N,E4:EG:N:3,2019-08-03,2,50,R,,
E4,E4:EG,E4:EG:N,E4:EG:N:3,2019-08-03,2,36,R,,
E4,E4:EG,E4:EG:N,E4:EG:N:3,2019-08-03,2,11,S,,
E4,E4:EG,E4:EG:S,E4:EG:S:1,2019-08-03,10,20,R,,
E4,E4:EG,E4:EG:S,E4:EG:S:2,2019-08-03,6,15,R,,
E4,E4:EG,E4:EG:S,E4:EG:S:2,2019-08-03,6,19,R,,
E4,E4:EG,E4:EG:S,E4:EG:S:2,2019-08-03,6,18,R,,
E4,E4:EG,E4:EG:S,E4:EG:S:3,2019-08-03,12,37,R,,
E4,E4:EG,E4:EG:S,E4:EG:S:3,2019-08-03,12,17,R,,
E4,E4:EG,E4:EG:S,E4:EG:S:3,2019-08-03,12,35,R,,
E4,E4:EH,E4:EH:M,E4:EH:M:1,2019-08-02,7,36,R,,
E4,E4:EH,E4:EH:M,E4:EH:M:1,2019-08-02,7,14,S,,
E4,E4:EH,E4:EH:M,E4:EH:M:1,2019-08-02,7,48,R,,
E4,E4:EH,E4:EH:M,E4:EH:M:1,2019-08-02,7,11,R,,
E4,E4:EH,E4:EH:M,E4:EH:M:1,2019-08-02,7,28,R,,
E4,E4:EH,E4:EH:M,E4:EH:M:1,2019-08-02,7,20,R,,
E4,E4:EH,E4:EH:M,E4:EH:M:1,2019-08-02,7,14,R,,
E4,E4:EH,E4:EH:M,E4:EH:M:1,2019-08-02,7,8,S,,
E4,E4:EH,E4:EH:M,E4:EH:M:2,2019-08-02,NA,NONE,NA,,
E4,E4:EH,E4:EH:M,E4:EH:M:3,2019-08-02,15,12,R,,
E4,E4:EH,E4:EH:M,E4:EH:M:3,2019-08-02,15,12,S,,
E4,E4:EH,E4:EH:N,E4:EH:N:1,2019-08-02,9,12,S,,
E4,E4:EH,E4:EH:N,E4:EH:N:1,2019-08-02,9,20,S,, 
E4,E4:EH,E4:EH:N,E4:EH:N:2,2019-08-02,4,12,R,,
E4,E4:EH,E4:EH:N,E4:EH:N:2,2019-08-02,4,13,S,,
E4,E4:EH,E4:EH:N,E4:EH:N:2,2019-08-02,4,9,S,,
E4,E4:EH,E4:EH:N,E4:EH:N:3,2019-08-02,3,11,S,,
E4,E4:EH,E4:EH:S,E4:EH:S:1,2019-08-02,12,9,S,,
E4,E4:EH,E4:EH:S,E4:EH:S:1,2019-08-02,12,12,S,,
E4,E4:EH,E4:EH:S,E4:EH:S:1,2019-08-02,12,9,R,,
E4,E4:EH,E4:EH:S,E4:EH:S:1,2019-08-02,12,58,R,,
E4,E4:EH,E4:EH:S,E4:EH:S:1,2019-08-02,12,20,R,,
E4,E4:EH,E4:EH:S,E4:EH:S:2,2019-08-02,11,15,S,,
E4,E4:EH,E4:EH:S,E4:EH:S:2,2019-08-02,11,9,S,,
E4,E4:EH,E4:EH:S,E4:EH:S:2,2019-08-02,11,17,S,,
E4,E4:EH,E4:EH:S,E4:EH:S:2,2019-08-02,11,22,S,,
E4,E4:EH,E4:EH:S,E4:EH:S:2,2019-08-02,11,13,S,,
E4,E4:EH,E4:EH:S,E4:EH:S:2,2019-08-02,11,40,S,,
E4,E4:EH,E4:EH:S,E4:EH:S:2,2019-08-02,11,17,S,,
E4,E4:EH,E4:EH:S,E4:EH:S:2,2019-08-02,11,16,S,,
E4,E4:EH,E4:EH:S,E4:EH:S:3,2019-08-02,10,NONE,NA,,
E4,E4:EN,E4:EN:M,E4:EN:M:1,2019-08-02,13,23,R,,
E4,E4:EN,E4:EN:M,E4:EN:M:1,2019-08-02,13,13,R,,
E4,E4:EN,E4:EN:M,E4:EN:M:1,2019-08-02,13,19,S,,
E4,E4:EN,E4:EN:M,E4:EN:M:1,2019-08-02,13,26,R,,
E4,E4:EN,E4:EN:M,E4:EN:M:2,2019-08-02,23,12,S,,
E4,E4:EN,E4:EN:M,E4:EN:M:2,2019-08-02,23,12,S,,
E4,E4:EN,E4:EN:M,E4:EN:M:2,2019-08-02,23,22,S,,
E4,E4:EN,E4:EN:M,E4:EN:M:2,2019-08-02,23,15,S,,
E4,E4:EN,E4:EN:M,E4:EN:M:2,2019-08-02,23,11,S,,
E4,E4:EN,E4:EN:M,E4:EN:M:3,2019-08-02,17,32,S,,
E4,E4:EN,E4:EN:N,E4:EN:N:1,2019-08-02,11,NONE,NA,,
E4,E4:EN,E4:EN:N,E4:EN:N:2,2019-08-02,8,22,S,,
E4,E4:EN,E4:EN:N,E4:EN:N:2,2019-08-02,8,18,R,,
E4,E4:EN,E4:EN:N,E4:EN:N:3,2019-08-02,8,42,R,,
E4,E4:EN,E4:EN:S,E4:EN:S:1,2019-08-02,7,NONE,NA,,
E4,E4:EN,E4:EN:S,E4:EN:S:2,2019-08-02,15,15,R,,
E4,E4:EN,E4:EN:S,E4:EN:S:2,2019-08-02,15,16,S,,
E4,E4:EN,E4:EN:S,E4:EN:S:2,2019-08-02,15,27,R,,
E4,E4:EN,E4:EN:S,E4:EN:S:2,2019-08-02,15,14,R,,
E4,E4:EN,E4:EN:S,E4:EN:S:3,2019-08-02,12,11,R,,
E4,E4:EN,E4:EN:S,E4:EN:S:3,2019-08-02,12,35,R,,
E4,E4:EN,E4:EN:S,E4:EN:S:3,2019-08-02,12,22,R,,
E4,E4:EN,E4:EN:S,E4:EN:S:3,2019-08-02,12,32,R,,
E4,E4:EN,E4:EN:S,E4:EN:S:3,2019-08-02,12,9,R,,
E4,E4:EN,E4:EN:S,E4:EN:S:3,2019-08-02,12,16,R,,
E4,E4:EN,E4:EN:S,E4:EN:S:3,2019-08-02,12,10,S,,
E5,E5:CG,E5:CG:M,E5:CG:M:1,2019-08-04,6,14,R,,
E5,E5:CG,E5:CG:M,E5:CG:M:1,2019-08-04,6,33,S,,
E5,E5:CG,E5:CG:M,E5:CG:M:2,2019-08-04,16,43,R,,
E5,E5:CG,E5:CG:M,E5:CG:M:2,2019-08-04,16,8,S,,
E5,E5:CG,E5:CG:M,E5:CG:M:2,2019-08-04,16,12,S,,
E5,E5:CG,E5:CG:M,E5:CG:M:2,2019-08-04,16,22,R,,
E5,E5:CG,E5:CG:M,E5:CG:M:2,2019-08-04,16,30,R,,
E5,E5:CG,E5:CG:M,E5:CG:M:2,2019-08-04,16,9,R,,
E5,E5:CG,E5:CG:M,E5:CG:M:3,2019-08-04,10,28,R,,
E5,E5:CG,E5:CG:M,E5:CG:M:3,2019-08-04,10,15,R,,
E5,E5:CG,E5:CG:M,E5:CG:M:3,2019-08-04,10,13,R,,
E5,E5:CG,E5:CG:M,E5:CG:M:3,2019-08-04,10,11,R,,
E5,E5:CG,E5:CG:M,E5:CG:M:3,2019-08-04,10,8,R,,
E5,E5:CG,E5:CG:M,E5:CG:M:3,2019-08-04,10,20,R,,
E5,E5:CG,E5:CG:M,E5:CG:M:3,2019-08-04,10,38,R,,
E5,E5:CG,E5:CG:M,E5:CG:M:3,2019-08-04,10,28,R,,
E5,E5:CG,E5:CG:M,E5:CG:M:3,2019-08-04,10,22,R,,
E5,E5:CG,E5:CG:M,E5:CG:M:3,2019-08-04,10,24,S,,
E5,E5:CG,E5:CG:M,E5:CG:M:3,2019-08-04,10,8,S,,
E5,E5:CG,E5:CG:M,E5:CG:M:3,2019-08-04,10,25,R,,
E5,E5:CG,E5:CG:N,E5:CG:N:1,2019-08-04,2,9,R,,
E5,E5:CG,E5:CG:N,E5:CG:N:2,2019-08-04,12,9,R,,
E5,E5:CG,E5:CG:N,E5:CG:N:2,2019-08-04,12,25,S,,
E5,E5:CG,E5:CG:N,E5:CG:N:2,2019-08-04,12,9,S,,
E5,E5:CG,E5:CG:N,E5:CG:N:2,2019-08-04,12,10,R,,
E5,E5:CG,E5:CG:N,E5:CG:N:3,2019-08-04,14,12,R,,
E5,E5:CG,E5:CG:N,E5:CG:N:3,2019-08-04,14,10,S,,
E5,E5:CG,E5:CG:N,E5:CG:N:3,2019-08-04,14,22,S,,
E5,E5:CG,E5:CG:N,E5:CG:N:3,2019-08-04,14,32,S,,
E5,E5:CG,E5:CG:N,E5:CG:N:3,2019-08-04,14,10,S,,
E5,E5:CG,E5:CG:N,E5:CG:N:3,2019-08-04,14,8,R,,
E5,E5:CG,E5:CG:N,E5:CG:N:3,2019-08-04,14,10,R,,
E5,E5:CG,E5:CG:N,E5:CG:N:3,2019-08-04,14,12,S,,
E5,E5:CG,E5:CG:N,E5:CG:N:3,2019-08-04,14,13,R,,
E5,E5:CG,E5:CG:N,E5:CG:N:3,2019-08-04,14,10,S,,
E5,E5:CG,E5:CG:N,E5:CG:N:3,2019-08-04,14,9,S,,
E5,E5:CG,E5:CG:N,E5:CG:N:3,2019-08-04,14,11,S,,
E5,E5:CG,E5:CG:N,E5:CG:N:3,2019-08-04,14,15,S,,
E5,E5:CG,E5:CG:N,E5:CG:N:3,2019-08-04,14,17,S,,
E5,E5:CG,E5:CG:N,E5:CG:N:3,2019-08-04,14,11,S,,
E5,E5:CG,E5:CG:N,E5:CG:N:3,2019-08-04,14,28,S,,
E5,E5:CG,E5:CG:S,E5:CG:S:1,2019-08-04,12,22,R,,
E5,E5:CG,E5:CG:S,E5:CG:S:1,2019-08-04,12,35,R,,
E5,E5:CG,E5:CG:S,E5:CG:S:2,2019-08-04,8,32,R,,
E5,E5:CG,E5:CG:S,E5:CG:S:3,2019-08-04,NA,60,R,,
E5,E5:CH,E5:CH:M,E5:CH:M:1,2019-08-04,8,29,R,,
E5,E5:CH,E5:CH:M,E5:CH:M:1,2019-08-04,8,15,R,,
E5,E5:CH,E5:CH:M,E5:CH:M:1,2019-08-04,8,14,R,,
E5,E5:CH,E5:CH:M,E5:CH:M:1,2019-08-04,8,16,R,,
E5,E5:CH,E5:CH:M,E5:CH:M:1,2019-08-04,8,13,R,,
E5,E5:CH,E5:CH:M,E5:CH:M:1,2019-08-04,8,52,R,,
E5,E5:CH,E5:CH:M,E5:CH:M:2,2019-08-04,19,22,R,,
E5,E5:CH,E5:CH:M,E5:CH:M:2,2019-08-04,19,9,S,,
E5,E5:CH,E5:CH:M,E5:CH:M:2,2019-08-04,19,12,S,,
E5,E5:CH,E5:CH:M,E5:CH:M:2,2019-08-04,19,10,R,,
E5,E5:CH,E5:CH:M,E5:CH:M:2,2019-08-04,19,36,S,,
E5,E5:CH,E5:CH:M,E5:CH:M:2,2019-08-04,19,42,R,,
E5,E5:CH,E5:CH:M,E5:CH:M:3,2019-08-04,12,17,R,,
E5,E5:CH,E5:CH:M,E5:CH:M:3,2019-08-04,12,15,R,,
E5,E5:CH,E5:CH:M,E5:CH:M:3,2019-08-04,12,8,R,,
E5,E5:CH,E5:CH:M,E5:CH:M:3,2019-08-04,12,20,R,,
E5,E5:CH,E5:CH:M,E5:CH:M:3,2019-08-04,12,22,R,,
E5,E5:CH,E5:CH:M,E5:CH:M:3,2019-08-04,12,10,R,,
E5,E5:CH,E5:CH:M,E5:CH:M:3,2019-08-04,12,25,R,,
E5,E5:CH,E5:CH:M,E5:CH:M:3,2019-08-04,12,25,R,,
E5,E5:CH,E5:CH:M,E5:CH:M:3,2019-08-04,12,14,R,,
E5,E5:CH,E5:CH:M,E5:CH:M:3,2019-08-04,12,18,R,,
E5,E5:CH,E5:CH:N,E5:CH:N:1,2019-08-04,17,11,S,,
E5,E5:CH,E5:CH:N,E5:CH:N:1,2019-08-04,17,18,S,,
E5,E5:CH,E5:CH:N,E5:CH:N:1,2019-08-04,17,8,R,,
E5,E5:CH,E5:CH:N,E5:CH:N:1,2019-08-04,17,21,S,,
E5,E5:CH,E5:CH:N,E5:CH:N:1,2019-08-04,17,17,S,,
E5,E5:CH,E5:CH:N,E5:CH:N:1,2019-08-04,17,21,S,,
E5,E5:CH,E5:CH:N,E5:CH:N:1,2019-08-04,17,15,R,,
E5,E5:CH,E5:CH:N,E5:CH:N:1,2019-08-04,17,25,S,,
E5,E5:CH,E5:CH:N,E5:CH:N:1,2019-08-04,17,8,S,,
E5,E5:CH,E5:CH:N,E5:CH:N:2,2019-08-04,12,13,S,,
E5,E5:CH,E5:CH:N,E5:CH:N:2,2019-08-04,12,8,S,,
E5,E5:CH,E5:CH:N,E5:CH:N:2,2019-08-04,12,15,S,,
E5,E5:CH,E5:CH:N,E5:CH:N:2,2019-08-04,12,10,S,,
E5,E5:CH,E5:CH:N,E5:CH:N:2,2019-08-04,12,9,R,,
E5,E5:CH,E5:CH:N,E5:CH:N:2,2019-08-04,12,20,R,,
E5,E5:CH,E5:CH:N,E5:CH:N:2,2019-08-04,12,13,S,,
E5,E5:CH,E5:CH:N,E5:CH:N:3,2019-08-04,18,22,S,,
E5,E5:CH,E5:CH:N,E5:CH:N:3,2019-08-04,18,10,R,,
E5,E5:CH,E5:CH:N,E5:CH:N:3,2019-08-04,18,11,R,,
E5,E5:CH,E5:CH:N,E5:CH:N:3,2019-08-04,18,16,R,,
E5,E5:CH,E5:CH:N,E5:CH:N:3,2019-08-04,18,16,R,,
E5,E5:CH,E5:CH:N,E5:CH:N:3,2019-08-04,18,9,R,,
E5,E5:CH,E5:CH:N,E5:CH:N:3,2019-08-04,18,8,R,,
E5,E5:CH,E5:CH:N,E5:CH:N:3,2019-08-04,18,11,R,,
E5,E5:CH,E5:CH:S,E5:CH:S:1,2019-08-04,7,20,S,,
E5,E5:CH,E5:CH:S,E5:CH:S:1,2019-08-04,7,17,S,,
E5,E5:CH,E5:CH:S,E5:CH:S:1,2019-08-04,7,19,R,,
E5,E5:CH,E5:CH:S,E5:CH:S:1,2019-08-04,7,13,S,,
E5,E5:CH,E5:CH:S,E5:CH:S:1,2019-08-04,7,12,R,,
E5,E5:CH,E5:CH:S,E5:CH:S:2,2019-08-04,20,18,S,,
E5,E5:CH,E5:CH:S,E5:CH:S:2,2019-08-04,20,8,S,,
E5,E5:CH,E5:CH:S,E5:CH:S:3,2019-08-04,5,12,R,,
E5,E5:CH,E5:CH:S,E5:CH:S:3,2019-08-04,5,27,S,,
E5,E5:CH,E5:CH:S,E5:CH:S:3,2019-08-04,5,22,R,,
E5,E5:CH,E5:CH:S,E5:CH:S:3,2019-08-04,5,15,R,,
E5,E5:CH,E5:CH:S,E5:CH:S:3,2019-08-04,5,15,S,,
E5,E5:CH,E5:CH:S,E5:CH:S:3,2019-08-04,5,10,S,,
E5,E5:CH,E5:CH:S,E5:CH:S:3,2019-08-04,5,10,S,,
E5,E5:CH,E5:CH:S,E5:CH:S:3,2019-08-04,5,15,S,,
E5,E5:CH,E5:CH:S,E5:CH:S:3,2019-08-04,5,25,R,,
E5,E5:CH,E5:CH:S,E5:CH:S:3,2019-08-04,5,14,R,,
E5,E5:CH,E5:CH:S,E5:CH:S:3,2019-08-04,5,10,S,,
E5,E5:CH,E5:CH:S,E5:CH:S:3,2019-08-04,5,10,S,,
E5,E5:CH,E5:CH:S,E5:CH:S:3,2019-08-04,5,14,S,,
E5,E5:CH,E5:CH:S,E5:CH:S:3,2019-08-04,5,30,S,,
E5,E5:CH,E5:CH:S,E5:CH:S:3,2019-08-04,5,28,S,,
E5,E5:CH,E5:CH:S,E5:CH:S:3,2019-08-04,5,10,R,,
E5,E5:CN,E5:CN:M,E5:CN:M:1,2019-08-04,3,57,S,,
E5,E5:CN,E5:CN:M,E5:CN:M:1,2019-08-04,3,25,S,,
E5,E5:CN,E5:CN:M,E5:CN:M:1,2019-08-04,3,19,S,,
E5,E5:CN,E5:CN:M,E5:CN:M:1,2019-08-04,3,12,R,,
E5,E5:CN,E5:CN:M,E5:CN:M:1,2019-08-04,3,8,R,,
E5,E5:CN,E5:CN:M,E5:CN:M:1,2019-08-04,3,22,S,,
E5,E5:CN,E5:CN:M,E5:CN:M:1,2019-08-04,3,18,S,,
E5,E5:CN,E5:CN:M,E5:CN:M:1,2019-08-04,3,16,S,,
E5,E5:CN,E5:CN:M,E5:CN:M:1,2019-08-04,3,8,R,,
E5,E5:CN,E5:CN:M,E5:CN:M:1,2019-08-04,3,9,R,,
E5,E5:CN,E5:CN:M,E5:CN:M:2,2019-08-04,12,8,S,,
E5,E5:CN,E5:CN:M,E5:CN:M:2,2019-08-04,12,9,R,,
E5,E5:CN,E5:CN:M,E5:CN:M:3,2019-08-04,3,10,R,,
E5,E5:CN,E5:CN:M,E5:CN:M:3,2019-08-04,3,57,S,,
E5,E5:CN,E5:CN:M,E5:CN:M:3,2019-08-04,3,24,R,,
E5,E5:CN,E5:CN:M,E5:CN:M:3,2019-08-04,3,10,S,,
E5,E5:CN,E5:CN:M,E5:CN:M:3,2019-08-04,3,10,S,,
E5,E5:CN,E5:CN:M,E5:CN:M:3,2019-08-04,3,22,S,,
E5,E5:CN,E5:CN:N,E5:CN:N:1,2019-08-04,2,20,R,,
E5,E5:CN,E5:CN:N,E5:CN:N:1,2019-08-04,2,23,R,,
E5,E5:CN,E5:CN:N,E5:CN:N:1,2019-08-04,2,17,R,,
E5,E5:CN,E5:CN:N,E5:CN:N:1,2019-08-04,2,40,R,,
E5,E5:CN,E5:CN:N,E5:CN:N:1,2019-08-04,2,11,R,,
E5,E5:CN,E5:CN:N,E5:CN:N:1,2019-08-04,2,10,R,,
E5,E5:CN,E5:CN:N,E5:CN:N:1,2019-08-04,2,14,R,,
E5,E5:CN,E5:CN:N,E5:CN:N:1,2019-08-04,2,18,R,,
E5,E5:CN,E5:CN:N,E5:CN:N:1,2019-08-04,2,48,S,,
E5,E5:CN,E5:CN:N,E5:CN:N:2,2019-08-04,4,65,S,,
E5,E5:CN,E5:CN:N,E5:CN:N:2,2019-08-04,4,10,R,,
E5,E5:CN,E5:CN:N,E5:CN:N:2,2019-08-04,4,15,S,,
E5,E5:CN,E5:CN:N,E5:CN:N:3,2019-08-04,4,19,S,,
E5,E5:CN,E5:CN:N,E5:CN:N:3,2019-08-04,4,22,R,,
E5,E5:CN,E5:CN:N,E5:CN:N:3,2019-08-04,4,15,R,,
E5,E5:CN,E5:CN:N,E5:CN:N:3,2019-08-04,4,17,R,,
E5,E5:CN,E5:CN:N,E5:CN:N:3,2019-08-04,4,19,R,,
E5,E5:CN,E5:CN:N,E5:CN:N:3,2019-08-04,4,34,R,,
E5,E5:CN,E5:CN:S,E5:CN:S:1,2019-08-04,4,18,R,,
E5,E5:CN,E5:CN:S,E5:CN:S:1,2019-08-04,4,27,R,,
E5,E5:CN,E5:CN:S,E5:CN:S:1,2019-08-04,4,17,R,,
E5,E5:CN,E5:CN:S,E5:CN:S:1,2019-08-04,4,15,R,,
E5,E5:CN,E5:CN:S,E5:CN:S:1,2019-08-04,4,44,S,,
E5,E5:CN,E5:CN:S,E5:CN:S:1,2019-08-04,4,8,R,,
E5,E5:CN,E5:CN:S,E5:CN:S:1,2019-08-04,4,56,R,,
E5,E5:CN,E5:CN:S,E5:CN:S:2,2019-08-04,8,20,R,,
E5,E5:CN,E5:CN:S,E5:CN:S:2,2019-08-04,8,16,R,,
E5,E5:CN,E5:CN:S,E5:CN:S:2,2019-08-04,8,12,R,,
E5,E5:CN,E5:CN:S,E5:CN:S:2,2019-08-04,8,16,R,,
E5,E5:CN,E5:CN:S,E5:CN:S:2,2019-08-04,8,14,R,,
E5,E5:CN,E5:CN:S,E5:CN:S:2,2019-08-04,8,18,R,,
E5,E5:CN,E5:CN:S,E5:CN:S:2,2019-08-04,8,24,R,,
E5,E5:CN,E5:CN:S,E5:CN:S:2,2019-08-04,8,15,R,,
E5,E5:CN,E5:CN:S,E5:CN:S:2,2019-08-04,8,19,R,,
E5,E5:CN,E5:CN:S,E5:CN:S:2,2019-08-04,8,16,R,,
E5,E5:CN,E5:CN:S,E5:CN:S:2,2019-08-04,8,10,R,,
E5,E5:CN,E5:CN:S,E5:CN:S:3,2019-08-04,6,11,S,,
E5,E5:CN,E5:CN:S,E5:CN:S:3,2019-08-04,6,8,S,,
E5,E5:CN,E5:CN:S,E5:CN:S:3,2019-08-04,6,9,R,,
E5,E5:CN,E5:CN:S,E5:CN:S:3,2019-08-04,6,22,S,,
E5,E5:CN,E5:CN:S,E5:CN:S:3,2019-08-04,6,14,R,,
E5,E5:CN,E5:CN:S,E5:CN:S:3,2019-08-04,6,9,S,,
E5,E5:CN,E5:CN:S,E5:CN:S:3,2019-08-04,6,10,S,,
E5,E5:EG,E5:EG:M,E5:EG:M:1,2019-08-04,9,16,R,,
E5,E5:EG,E5:EG:M,E5:EG:M:1,2019-08-04,9,19,R,,
E5,E5:EG,E5:EG:M,E5:EG:M:1,2019-08-04,9,8,R,,
E5,E5:EG,E5:EG:M,E5:EG:M:1,2019-08-04,9,9,R,,
E5,E5:EG,E5:EG:M,E5:EG:M:1,2019-08-04,9,13,R,,
E5,E5:EG,E5:EG:M,E5:EG:M:2,2019-08-04,10,30,R,,
E5,E5:EG,E5:EG:M,E5:EG:M:2,2019-08-04,10,26,S,,
E5,E5:EG,E5:EG:M,E5:EG:M:2,2019-08-04,10,47,R,,
E5,E5:EG,E5:EG:M,E5:EG:M:2,2019-08-04,10,21,R,,
E5,E5:EG,E5:EG:M,E5:EG:M:2,2019-08-04,10,16,R,,
E5,E5:EG,E5:EG:M,E5:EG:M:2,2019-08-04,10,21,R,,
E5,E5:EG,E5:EG:M,E5:EG:M:3,2019-08-04,13,NONE,NA,,
E5,E5:EG,E5:EG:N,E5:EG:N:1,2019-08-04,13,9,S,,
E5,E5:EG,E5:EG:N,E5:EG:N:1,2019-08-04,13,8,S,,
E5,E5:EG,E5:EG:N,E5:EG:N:1,2019-08-04,13,15,R,,
E5,E5:EG,E5:EG:N,E5:EG:N:1,2019-08-04,13,11,R,,
E5,E5:EG,E5:EG:N,E5:EG:N:1,2019-08-04,13,8,R,,
E5,E5:EG,E5:EG:N,E5:EG:N:1,2019-08-04,13,8,R,,
E5,E5:EG,E5:EG:N,E5:EG:N:1,2019-08-04,13,33,S,,
E5,E5:EG,E5:EG:N,E5:EG:N:1,2019-08-04,13,33,R,,
E5,E5:EG,E5:EG:N,E5:EG:N:1,2019-08-04,13,13,R,,
E5,E5:EG,E5:EG:N,E5:EG:N:1,2019-08-04,13,12,R,,
E5,E5:EG,E5:EG:N,E5:EG:N:1,2019-08-04,13,13,R,,
E5,E5:EG,E5:EG:N,E5:EG:N:1,2019-08-04,13,30,R,,
E5,E5:EG,E5:EG:N,E5:EG:N:1,2019-08-04,13,8,R,,
E5,E5:EG,E5:EG:N,E5:EG:N:1,2019-08-04,13,8,R,,
E5,E5:EG,E5:EG:N,E5:EG:N:1,2019-08-04,13,10,R,,
E5,E5:EG,E5:EG:N,E5:EG:N:1,2019-08-04,13,13,R,,
E5,E5:EG,E5:EG:N,E5:EG:N:2,2019-08-04,7,8,R,,
E5,E5:EG,E5:EG:N,E5:EG:N:2,2019-08-04,7,9,R,,
E5,E5:EG,E5:EG:N,E5:EG:N:2,2019-08-04,7,13,R,,
E5,E5:EG,E5:EG:N,E5:EG:N:2,2019-08-04,7,12,S,,
E5,E5:EG,E5:EG:N,E5:EG:N:2,2019-08-04,7,12,S,,
E5,E5:EG,E5:EG:N,E5:EG:N:3,2019-08-04,9,10,S,,
E5,E5:EG,E5:EG:N,E5:EG:N:3,2019-08-04,9,8,S,,
E5,E5:EG,E5:EG:N,E5:EG:N:3,2019-08-04,9,13,S,,
E5,E5:EG,E5:EG:N,E5:EG:N:3,2019-08-04,9,17,S,,
E5,E5:EG,E5:EG:N,E5:EG:N:3,2019-08-04,9,83,R,,
E5,E5:EG,E5:EG:N,E5:EG:N:3,2019-08-04,9,13,R,,
E5,E5:EG,E5:EG:N,E5:EG:N:3,2019-08-04,9,11,S,,
E5,E5:EG,E5:EG:N,E5:EG:N:3,2019-08-04,9,8,R,,
E5,E5:EG,E5:EG:N,E5:EG:N:3,2019-08-04,9,9,R,,
E5,E5:EG,E5:EG:N,E5:EG:N:3,2019-08-04,9,18,S,,
E5,E5:EG,E5:EG:N,E5:EG:N:3,2019-08-04,9,9,S,,
E5,E5:EG,E5:EG:N,E5:EG:N:3,2019-08-04,9,16,R,,
E5,E5:EG,E5:EG:N,E5:EG:N:3,2019-08-04,9,8,R,,
E5,E5:EG,E5:EG:N,E5:EG:N:3,2019-08-04,9,8,S,,
E5,E5:EG,E5:EG:N,E5:EG:N:3,2019-08-04,9,10,S,,
E5,E5:EG,E5:EG:S,E5:EG:S:1,2019-08-04,8,16,S,,
E5,E5:EG,E5:EG:S,E5:EG:S:1,2019-08-04,8,15,R,,
E5,E5:EG,E5:EG:S,E5:EG:S:2,2019-08-04,8,17,S,,
E5,E5:EG,E5:EG:S,E5:EG:S:2,2019-08-04,8,9,R,,
E5,E5:EG,E5:EG:S,E5:EG:S:2,2019-08-04,8,10,S,,
E5,E5:EG,E5:EG:S,E5:EG:S:2,2019-08-04,8,18,R,,
E5,E5:EG,E5:EG:S,E5:EG:S:2,2019-08-04,8,16,R,,
E5,E5:EG,E5:EG:S,E5:EG:S:2,2019-08-04,8,10,R,,
E5,E5:EG,E5:EG:S,E5:EG:S:2,2019-08-04,8,10,R,,
E5,E5:EG,E5:EG:S,E5:EG:S:2,2019-08-04,8,9,R,,
E5,E5:EG,E5:EG:S,E5:EG:S:2,2019-08-04,8,11,S,,
E5,E5:EG,E5:EG:S,E5:EG:S:2,2019-08-04,8,91,S,,
E5,E5:EG,E5:EG:S,E5:EG:S:3,2019-08-04,16,9,S,,
E5,E5:EG,E5:EG:S,E5:EG:S:3,2019-08-04,16,13,S,,
E5,E5:EG,E5:EG:S,E5:EG:S:3,2019-08-04,16,12,S,,
E5,E5:EG,E5:EG:S,E5:EG:S:3,2019-08-04,16,14,S,,
E5,E5:EG,E5:EG:S,E5:EG:S:3,2019-08-04,16,8,S,,
E5,E5:EG,E5:EG:S,E5:EG:S:3,2019-08-04,16,16,R,,
E5,E5:EG,E5:EG:S,E5:EG:S:3,2019-08-04,16,9,S,,
E5,E5:EG,E5:EG:S,E5:EG:S:3,2019-08-04,16,8,S,,
E5,E5:EH,E5:EH:M,E5:EH:M:1,2019-08-04,6,46,S,,
E5,E5:EH,E5:EH:M,E5:EH:M:1,2019-08-04,6,60,R,,
E5,E5:EH,E5:EH:M,E5:EH:M:2,2019-08-04,4,17,R,,
E5,E5:EH,E5:EH:M,E5:EH:M:2,2019-08-04,4,63,S,,
E5,E5:EH,E5:EH:M,E5:EH:M:2,2019-08-04,4,8,R,,
E5,E5:EH,E5:EH:M,E5:EH:M:2,2019-08-04,4,22,R,,
E5,E5:EH,E5:EH:M,E5:EH:M:2,2019-08-04,4,10,R,,
E5,E5:EH,E5:EH:M,E5:EH:M:2,2019-08-04,4,28,R,,
E5,E5:EH,E5:EH:M,E5:EH:M:2,2019-08-04,4,36,R,,
E5,E5:EH,E5:EH:M,E5:EH:M:2,2019-08-04,4,10,R,,
E5,E5:EH,E5:EH:M,E5:EH:M:2,2019-08-04,4,18,R,,
E5,E5:EH,E5:EH:M,E5:EH:M:2,2019-08-04,4,32,R,,
E5,E5:EH,E5:EH:M,E5:EH:M:3,2019-08-04,6,9,S,,
E5,E5:EH,E5:EH:M,E5:EH:M:3,2019-08-04,6,8,S,,
E5,E5:EH,E5:EH:M,E5:EH:M:3,2019-08-04,6,8,R,,
E5,E5:EH,E5:EH:N,E5:EH:N:1,2019-08-04,2,35,R,,
E5,E5:EH,E5:EH:N,E5:EH:N:1,2019-08-04,2,12,R,,
E5,E5:EH,E5:EH:N,E5:EH:N:1,2019-08-04,2,34,S,,
E5,E5:EH,E5:EH:N,E5:EH:N:2,2019-08-04,2,38,S,,
E5,E5:EH,E5:EH:N,E5:EH:N:2,2019-08-04,2,49,S,,
E5,E5:EH,E5:EH:N,E5:EH:N:2,2019-08-04,2,11,S,,
E5,E5:EH,E5:EH:N,E5:EH:N:2,2019-08-04,2,68,S,,
E5,E5:EH,E5:EH:N,E5:EH:N:3,2019-08-04,4,32,S,,
E5,E5:EH,E5:EH:N,E5:EH:N:3,2019-08-04,4,10,R,,
E5,E5:EH,E5:EH:N,E5:EH:N:3,2019-08-04,4,18,R,,
E5,E5:EH,E5:EH:N,E5:EH:N:3,2019-08-04,4,21,R,,
E5,E5:EH,E5:EH:N,E5:EH:N:3,2019-08-04,4,10,R,,
E5,E5:EH,E5:EH:N,E5:EH:N:3,2019-08-04,4,15,R,,
E5,E5:EH,E5:EH:N,E5:EH:N:3,2019-08-04,4,9,R,,
E5,E5:EH,E5:EH:N,E5:EH:N:3,2019-08-04,4,8,R,,
E5,E5:EH,E5:EH:N,E5:EH:N:3,2019-08-04,4,21,S,,
E5,E5:EH,E5:EH:N,E5:EH:N:3,2019-08-04,4,27,S,,
E5,E5:EH,E5:EH:N,E5:EH:N:3,2019-08-04,4,37,S,,
E5,E5:EH,E5:EH:N,E5:EH:N:3,2019-08-04,4,11,R,,
E5,E5:EH,E5:EH:N,E5:EH:N:3,2019-08-04,4,20,R,,
E5,E5:EH,E5:EH:N,E5:EH:N:3,2019-08-04,4,11,R,,
E5,E5:EH,E5:EH:N,E5:EH:N:3,2019-08-04,4,33,R,,
E5,E5:EH,E5:EH:N,E5:EH:N:3,2019-08-04,4,35,R,,
E5,E5:EH,E5:EH:N,E5:EH:N:3,2019-08-04,4,34,S,,
E5,E5:EH,E5:EH:N,E5:EH:N:3,2019-08-04,4,16,S,,
E5,E5:EH,E5:EH:N,E5:EH:N:3,2019-08-04,4,20,R,,
E5,E5:EH,E5:EH:S,E5:EH:S:1,2019-08-04,3,33,S,,
E5,E5:EH,E5:EH:S,E5:EH:S:1,2019-08-04,3,15,R,,
E5,E5:EH,E5:EH:S,E5:EH:S:1,2019-08-04,3,13,S,,
E5,E5:EH,E5:EH:S,E5:EH:S:1,2019-08-04,3,8,S,,
E5,E5:EH,E5:EH:S,E5:EH:S:1,2019-08-04,3,10,R,,
E5,E5:EH,E5:EH:S,E5:EH:S:1,2019-08-04,3,10,R,,
E5,E5:EH,E5:EH:S,E5:EH:S:1,2019-08-04,3,63,S,,
E5,E5:EH,E5:EH:S,E5:EH:S:1,2019-08-04,3,10,S,,
E5,E5:EH,E5:EH:S,E5:EH:S:1,2019-08-04,3,47,R,,
E5,E5:EH,E5:EH:S,E5:EH:S:2,2019-08-04,12,22,S,,
E5,E5:EH,E5:EH:S,E5:EH:S:2,2019-08-04,12,13,S,,
E5,E5:EH,E5:EH:S,E5:EH:S:2,2019-08-04,12,8,R,,
E5,E5:EH,E5:EH:S,E5:EH:S:2,2019-08-04,12,23,S,,
E5,E5:EH,E5:EH:S,E5:EH:S:2,2019-08-04,12,8,R,,
E5,E5:EH,E5:EH:S,E5:EH:S:2,2019-08-04,12,50,R,,
E5,E5:EH,E5:EH:S,E5:EH:S:2,2019-08-04,12,9,R,,
E5,E5:EH,E5:EH:S,E5:EH:S:3,2019-08-04,7,18,S,,
E5,E5:EH,E5:EH:S,E5:EH:S:3,2019-08-04,7,23,R,,
E5,E5:EH,E5:EH:S,E5:EH:S:3,2019-08-04,7,26,S,,
E5,E5:EN,E5:EN:M,E5:EN:M:1,2019-08-04,2,12,R,,
E5,E5:EN,E5:EN:M,E5:EN:M:1,2019-08-04,2,8,S,,
E5,E5:EN,E5:EN:M,E5:EN:M:1,2019-08-04,2,12,R,,
E5,E5:EN,E5:EN:M,E5:EN:M:1,2019-08-04,2,12,R,,
E5,E5:EN,E5:EN:M,E5:EN:M:1,2019-08-04,2,13,R,,
E5,E5:EN,E5:EN:M,E5:EN:M:1,2019-08-04,2,11,R,,
E5,E5:EN,E5:EN:M,E5:EN:M:1,2019-08-04,2,11,R,,
E5,E5:EN,E5:EN:M,E5:EN:M:1,2019-08-04,2,11,S,,
E5,E5:EN,E5:EN:M,E5:EN:M:1,2019-08-04,2,13,R,,
E5,E5:EN,E5:EN:M,E5:EN:M:1,2019-08-04,2,31,S,,
E5,E5:EN,E5:EN:M,E5:EN:M:2,2019-08-04,6,27,R,,
E5,E5:EN,E5:EN:M,E5:EN:M:2,2019-08-04,6,25,S,,
E5,E5:EN,E5:EN:M,E5:EN:M:2,2019-08-04,6,8,R,,
E5,E5:EN,E5:EN:M,E5:EN:M:2,2019-08-04,6,8,R,,
E5,E5:EN,E5:EN:M,E5:EN:M:2,2019-08-04,6,13,R,,
E5,E5:EN,E5:EN:M,E5:EN:M:3,2019-08-04,10,19,S,,
E5,E5:EN,E5:EN:M,E5:EN:M:3,2019-08-04,10,10,S,,
E5,E5:EN,E5:EN:M,E5:EN:M:3,2019-08-04,10,10,S,,
E5,E5:EN,E5:EN:M,E5:EN:M:3,2019-08-04,10,9,S,,
E5,E5:EN,E5:EN:N,E5:EN:N:1,2019-08-04,4,44,R,,
E5,E5:EN,E5:EN:N,E5:EN:N:1,2019-08-04,4,39,R,,
E5,E5:EN,E5:EN:N,E5:EN:N:1,2019-08-04,4,58,R,,
E5,E5:EN,E5:EN:N,E5:EN:N:2,2019-08-04,2,13,R,,
E5,E5:EN,E5:EN:N,E5:EN:N:2,2019-08-04,2,55,R,,
E5,E5:EN,E5:EN:N,E5:EN:N:2,2019-08-04,2,35,R,,
E5,E5:EN,E5:EN:N,E5:EN:N:2,2019-08-04,2,21,R,,
E5,E5:EN,E5:EN:N,E5:EN:N:3,2019-08-04,12,14,R,,
E5,E5:EN,E5:EN:N,E5:EN:N:3,2019-08-04,12,15,R,,
E5,E5:EN,E5:EN:N,E5:EN:N:3,2019-08-04,12,15,R,,
E5,E5:EN,E5:EN:N,E5:EN:N:3,2019-08-04,12,13,R,,
E5,E5:EN,E5:EN:N,E5:EN:N:3,2019-08-04,12,12,R,,
E5,E5:EN,E5:EN:S,E5:EN:S:1,2019-08-04,6,18,R,,
E5,E5:EN,E5:EN:S,E5:EN:S:1,2019-08-04,6,26,R,,
E5,E5:EN,E5:EN:S,E5:EN:S:1,2019-08-04,6,45,R,,
E5,E5:EN,E5:EN:S,E5:EN:S:1,2019-08-04,6,11,R,,
E5,E5:EN,E5:EN:S,E5:EN:S:1,2019-08-04,6,38,R,,
E5,E5:EN,E5:EN:S,E5:EN:S:1,2019-08-04,6,35,R,,
E5,E5:EN,E5:EN:S,E5:EN:S:1,2019-08-04,6,24,R,,
E5,E5:EN,E5:EN:S,E5:EN:S:1,2019-08-04,6,15,S,,
E5,E5:EN,E5:EN:S,E5:EN:S:1,2019-08-04,6,30,R,,
E5,E5:EN,E5:EN:S,E5:EN:S:2,2019-08-04,4,11,R,,
E5,E5:EN,E5:EN:S,E5:EN:S:2,2019-08-04,4,10,R,,
E5,E5:EN,E5:EN:S,E5:EN:S:2,2019-08-04,4,11,R,,
E5,E5:EN,E5:EN:S,E5:EN:S:2,2019-08-04,4,14,R,,
E5,E5:EN,E5:EN:S,E5:EN:S:2,2019-08-04,4,47,S,,
E5,E5:EN,E5:EN:S,E5:EN:S:3,2019-08-04,7,28,R,,
E5,E5:EN,E5:EN:S,E5:EN:S:3,2019-08-04,7,18,R,,
E5,E5:EN,E5:EN:S,E5:EN:S:3,2019-08-04,7,14,R,,
E5,E5:EN,E5:EN:S,E5:EN:S:3,2019-08-04,7,13,R,,
E5,E5:EN,E5:EN:S,E5:EN:S:3,2019-08-04,7,17,R,,
E5,E5:EN,E5:EN:S,E5:EN:S:3,2019-08-04,7,11,S,,