block,plot,transect,subtransect,date,slope,startpoint_m,x1_hour_count,x10_hour_count,x100_hour_count
E1,E1:CG,E1:CG:M,E1:CG:M:1,2019-07-30,23,3,11,10,2
E1,E1:CG,E1:CG:M,E1:CG:M:1,2019-07-30,23,13,31,12,4
E1,E1:CG,E1:CG:M,E1:CG:M:1,2019-07-30,23,23,1,3,4
E1,E1:CG,E1:CG:M,E1:CG:M:2,2019-07-30,24,3,2,3,1
E1,E1:CG,E1:CG:M,E1:CG:M:2,2019-07-30,24,13,0,2,0
E1,E1:CG,E1:CG:M,E1:CG:M:2,2019-07-30,24,23,6,7,0
E1,E1:CG,E1:CG:M,E1:CG:M:3,2019-07-30,NA,3,16,8,1
E1,E1:CG,E1:CG:M,E1:CG:M:3,2019-07-30,NA,13,43,11,1
E1,E1:CG,E1:CG:M,E1:CG:M:3,2019-07-30,NA,23,225,10,0
E1,E1:CG,E1:CG:N,E1:CG:N:1,2019-07-30,24,3,0,7,1
E1,E1:CG,E1:CG:N,E1:CG:N:1,2019-07-30,24,13,3,3,0
E1,E1:CG,E1:CG:N,E1:CG:N:1,2019-07-30,24,23,1,3,0
E1,E1:CG,E1:CG:N,E1:CG:N:2,2019-07-30,30,3,37,6,2
E1,E1:CG,E1:CG:N,E1:CG:N:2,2019-07-30,30,13,3,1,0
E1,E1:CG,E1:CG:N,E1:CG:N:2,2019-07-30,30,23,4,1,1
E1,E1:CG,E1:CG:N,E1:CG:N:3,2019-07-30,24,3,2,3,1
E1,E1:CG,E1:CG:N,E1:CG:N:3,2019-07-30,24,13,33,5,1
E1,E1:CG,E1:CG:N,E1:CG:N:3,2019-07-30,24,23,35,7,2
E1,E1:CG,E1:CG:S,E1:CG:S:1,2019-07-30,28,3,19,5,0
E1,E1:CG,E1:CG:S,E1:CG:S:1,2019-07-30,28,13,15,5,0
E1,E1:CG,E1:CG:S,E1:CG:S:1,2019-07-30,28,23,6,6,0
E1,E1:CG,E1:CG:S,E1:CG:S:2,2019-07-30,15,3,6,2,1
E1,E1:CG,E1:CG:S,E1:CG:S:2,2019-07-30,15,13,8,5,0
E1,E1:CG,E1:CG:S,E1:CG:S:2,2019-07-30,15,23,19,0,0
E1,E1:CG,E1:CG:S,E1:CG:S:3,2019-07-30,16,3,7,2,0
E1,E1:CG,E1:CG:S,E1:CG:S:3,2019-07-30,16,13,5,3,0
E1,E1:CG,E1:CG:S,E1:CG:S:3,2019-07-30,16,23,13,0,3
E1,E1:CH,E1:CH:M,E1:CH:M:1,2019-07-29,18,3,15,3,1
E1,E1:CH,E1:CH:M,E1:CH:M:1,2019-07-29,18,13,20,1,6
E1,E1:CH,E1:CH:M,E1:CH:M:1,2019-07-29,18,23,11,3,0
E1,E1:CH,E1:CH:M,E1:CH:M:2,2019-07-29,16,3,38,5,2
E1,E1:CH,E1:CH:M,E1:CH:M:2,2019-07-29,16,13,9,2,0
E1,E1:CH,E1:CH:M,E1:CH:M:2,2019-07-29,16,23,52,11,1
E1,E1:CH,E1:CH:M,E1:CH:M:3,2019-07-29,29,3,9,0,0
E1,E1:CH,E1:CH:M,E1:CH:M:3,2019-07-29,29,13,10,4,2
E1,E1:CH,E1:CH:M,E1:CH:M:3,2019-07-29,29,23,74,7,0
E1,E1:CH,E1:CH:N,E1:CH:N:1,2019-07-29,29,3,32,5,3
E1,E1:CH,E1:CH:N,E1:CH:N:1,2019-07-29,29,13,4,1,0
E1,E1:CH,E1:CH:N,E1:CH:N:1,2019-07-29,29,23,14,4,1
E1,E1:CH,E1:CH:N,E1:CH:N:2,2019-07-29,23,3,7,2,1
E1,E1:CH,E1:CH:N,E1:CH:N:2,2019-07-29,23,13,11,3,0
E1,E1:CH,E1:CH:N,E1:CH:N:2,2019-07-29,23,23,6,2,1
E1,E1:CH,E1:CH:N,E1:CH:N:3,2019-07-29,30,3,67,4,2
E1,E1:CH,E1:CH:N,E1:CH:N:3,2019-07-29,30,13,7,2,1
E1,E1:CH,E1:CH:N,E1:CH:N:3,2019-07-29,30,23,20,9,4
E1,E1:CH,E1:CH:S,E1:CH:S:1,2019-07-30,20,3,8,8,1
E1,E1:CH,E1:CH:S,E1:CH:S:1,2019-07-30,20,13,28,11,2
E1,E1:CH,E1:CH:S,E1:CH:S:1,2019-07-30,20,23,33,2,2
E1,E1:CH,E1:CH:S,E1:CH:S:2,2019-07-30,13,3,13,2,6
E1,E1:CH,E1:CH:S,E1:CH:S:2,2019-07-30,13,13,3,5,2
E1,E1:CH,E1:CH:S,E1:CH:S:2,2019-07-30,13,23,13,7,1
E1,E1:CH,E1:CH:S,E1:CH:S:3,2019-07-30,25,3,6,2,4
E1,E1:CH,E1:CH:S,E1:CH:S:3,2019-07-30,25,13,6,0,4
E1,E1:CH,E1:CH:S,E1:CH:S:3,2019-07-30,25,23,13,2,3
E1,E1:CN,E1:CN:M,E1:CN:M:1,2019-07-30,0,3,47,8,2
E1,E1:CN,E1:CN:M,E1:CN:M:1,2019-07-30,0,13,8,2,1
E1,E1:CN,E1:CN:M,E1:CN:M:1,2019-07-30,0,23,5,1,0
E1,E1:CN,E1:CN:M,E1:CN:M:2,2019-07-30,10,3,33,8,1
E1,E1:CN,E1:CN:M,E1:CN:M:2,2019-07-30,10,13,5,4,4
E1,E1:CN,E1:CN:M,E1:CN:M:2,2019-07-30,10,23,7,3,1
E1,E1:CN,E1:CN:M,E1:CN:M:3,2019-07-30,10,3,8,2,1
E1,E1:CN,E1:CN:M,E1:CN:M:3,2019-07-30,10,13,11,0,1
E1,E1:CN,E1:CN:M,E1:CN:M:3,2019-07-30,10,23,3,2,2
E1,E1:CN,E1:CN:N,E1:CN:N:1,2019-07-30,1,3,25,7,1
E1,E1:CN,E1:CN:N,E1:CN:N:1,2019-07-30,1,13,17,1,1
E1,E1:CN,E1:CN:N,E1:CN:N:1,2019-07-30,1,23,28,1,1
E1,E1:CN,E1:CN:N,E1:CN:N:2,2019-07-30,6,3,13,2,1
E1,E1:CN,E1:CN:N,E1:CN:N:2,2019-07-30,6,13,22,4,0
E1,E1:CN,E1:CN:N,E1:CN:N:2,2019-07-30,6,23,11,2,1
E1,E1:CN,E1:CN:N,E1:CN:N:3,2019-07-30,2,3,0,0,0
E1,E1:CN,E1:CN:N,E1:CN:N:3,2019-07-30,2,13,23,5,1
E1,E1:CN,E1:CN:N,E1:CN:N:3,2019-07-30,2,23,1,2,1
E1,E1:CN,E1:CN:S,E1:CN:S:1,2019-07-30,6,3,49,6,0
E1,E1:CN,E1:CN:S,E1:CN:S:1,2019-07-30,6,13,9,2,0
E1,E1:CN,E1:CN:S,E1:CN:S:1,2019-07-30,6,23,10,2,1
E1,E1:CN,E1:CN:S,E1:CN:S:2,2019-07-30,14,3,4,6,0
E1,E1:CN,E1:CN:S,E1:CN:S:2,2019-07-30,14,13,14,3,0
E1,E1:CN,E1:CN:S,E1:CN:S:2,2019-07-30,14,23,5,4,2
E1,E1:CN,E1:CN:S,E1:CN:S:3,2019-07-30,11,3,27,2,1
E1,E1:CN,E1:CN:S,E1:CN:S:3,2019-07-30,11,13,10,9,1
E1,E1:CN,E1:CN:S,E1:CN:S:3,2019-07-30,11,23,6,4,0
E1,E1:EG,E1:EG:M,E1:EG:M:1,2019-07-30,16,3,7,5,1
E1,E1:EG,E1:EG:M,E1:EG:M:1,2019-07-30,16,13,4,5,0
E1,E1:EG,E1:EG:M,E1:EG:M:1,2019-07-30,16,23,0,2,1
E1,E1:EG,E1:EG:M,E1:EG:M:2,2019-07-30,20,3,8,6,3
E1,E1:EG,E1:EG:M,E1:EG:M:2,2019-07-30,20,13,15,5,6
E1,E1:EG,E1:EG:M,E1:EG:M:2,2019-07-30,20,23,50,10,4
E1,E1:EG,E1:EG:M,E1:EG:M:3,2019-07-30,40,3,7,0,0
E1,E1:EG,E1:EG:M,E1:EG:M:3,2019-07-30,40,13,10,0,0
E1,E1:EG,E1:EG:M,E1:EG:M:3,2019-07-30,40,23,N/A,N/A,N/A
E1,E1:EG,E1:EG:N,E1:EG:N:1,2019-07-30,20,3,10,4,1
E1,E1:EG,E1:EG:N,E1:EG:N:1,2019-07-30,20,13,8,3,1
E1,E1:EG,E1:EG:N,E1:EG:N:1,2019-07-30,20,23,1,1,1
E1,E1:EG,E1:EG:N,E1:EG:N:2,2019-07-30,30,3,20,0,0
E1,E1:EG,E1:EG:N,E1:EG:N:2,2019-07-30,30,13,3,3,0
E1,E1:EG,E1:EG:N,E1:EG:N:2,2019-07-30,30,23,3,1,0
E1,E1:EG,E1:EG:N,E1:EG:N:3,2019-07-30,46,3,20,6,0
E1,E1:EG,E1:EG:N,E1:EG:N:3,2019-07-30,46,13,N/A,N/A,N/A
E1,E1:EG,E1:EG:N,E1:EG:N:3,2019-07-30,46,23,N/A,N/A,N/A
E1,E1:EG,E1:EG:S,E1:EG:S:1,2019-07-30,19,3,1,0,0
E1,E1:EG,E1:EG:S,E1:EG:S:1,2019-07-30,19,13,24,6,1
E1,E1:EG,E1:EG:S,E1:EG:S:1,2019-07-30,19,23,3,1,1
E1,E1:EG,E1:EG:S,E1:EG:S:2,2019-07-30,16,3,0,2,0
E1,E1:EG,E1:EG:S,E1:EG:S:2,2019-07-30,16,13,2,7,2
E1,E1:EG,E1:EG:S,E1:EG:S:2,2019-07-30,16,23,0,0,0
E1,E1:EG,E1:EG:S,E1:EG:S:3,2019-07-30,30,3,10,3,1
E1,E1:EG,E1:EG:S,E1:EG:S:3,2019-07-30,30,13,51,7,0
E1,E1:EG,E1:EG:S,E1:EG:S:3,2019-07-30,30,23,0,2,1
E1,E1:EH,E1:EH:M,E1:EH:M:1,2019-07-30,4,3,84,15,0
E1,E1:EH,E1:EH:M,E1:EH:M:1,2019-07-30,4,13,16,0,0
E1,E1:EH,E1:EH:M,E1:EH:M:1,2019-07-30,4,23,21,9,0
E1,E1:EH,E1:EH:M,E1:EH:M:2,2019-07-30,3,3,38,11,1
E1,E1:EH,E1:EH:M,E1:EH:M:2,2019-07-30,3,13,24,7,1
E1,E1:EH,E1:EH:M,E1:EH:M:2,2019-07-30,3,23,7,2,0
E1,E1:EH,E1:EH:M,E1:EH:M:3,2019-07-30,15,3,20,1,0
E1,E1:EH,E1:EH:M,E1:EH:M:3,2019-07-30,15,13,0,0,1
E1,E1:EH,E1:EH:M,E1:EH:M:3,2019-07-30,15,23,14,7,0
E1,E1:EH,E1:EH:N,E1:EH:N:1,2019-07-30,10,3,71,9,0
E1,E1:EH,E1:EH:N,E1:EH:N:1,2019-07-30,10,13,9,5,1
E1,E1:EH,E1:EH:N,E1:EH:N:1,2019-07-30,10,23,5,4,1
E1,E1:EH,E1:EH:N,E1:EH:N:2,2019-07-30,7,3,21,4,1
E1,E1:EH,E1:EH:N,E1:EH:N:2,2019-07-30,7,13,4,3,0
E1,E1:EH,E1:EH:N,E1:EH:N:2,2019-07-30,7,23,73,13,5
E1,E1:EH,E1:EH:N,E1:EH:N:3,2019-07-30,6,3,53,10,0
E1,E1:EH,E1:EH:N,E1:EH:N:3,2019-07-30,6,13,11,2,2
E1,E1:EH,E1:EH:N,E1:EH:N:3,2019-07-30,6,23,50,10,5
E1,E1:EH,E1:EH:S,E1:EH:S:1,2019-07-30,9,3,0,0,0
E1,E1:EH,E1:EH:S,E1:EH:S:1,2019-07-30,9,13,7,1,0
E1,E1:EH,E1:EH:S,E1:EH:S:1,2019-07-30,9,23,27,10,1
E1,E1:EH,E1:EH:S,E1:EH:S:2,2019-07-30,10,3,25,10,1
E1,E1:EH,E1:EH:S,E1:EH:S:2,2019-07-30,10,13,7,4,0
E1,E1:EH,E1:EH:S,E1:EH:S:2,2019-07-30,10,23,9,0,2
E1,E1:EH,E1:EH:S,E1:EH:S:3,2019-07-30,21,3,9,6,0
E1,E1:EH,E1:EH:S,E1:EH:S:3,2019-07-30,21,13,17,4,1
E1,E1:EH,E1:EH:S,E1:EH:S:3,2019-07-30,21,23,6,4,0
E1,E1:EN,E1:EN:M,E1:EN:M:1,2019-07-30,5,3,3,9,6
E1,E1:EN,E1:EN:M,E1:EN:M:1,2019-07-30,5,13,7,1,1
E1,E1:EN,E1:EN:M,E1:EN:M:1,2019-07-30,5,23,14,2,0
E1,E1:EN,E1:EN:M,E1:EN:M:2,2019-07-30,14,3,14,1,0
E1,E1:EN,E1:EN:M,E1:EN:M:2,2019-07-30,14,13,16,1,0
E1,E1:EN,E1:EN:M,E1:EN:M:2,2019-07-30,14,23,36,5,0
E1,E1:EN,E1:EN:M,E1:EN:M:3,2019-07-30,21,3,6,3,1
E1,E1:EN,E1:EN:M,E1:EN:M:3,2019-07-30,21,13,5,1,1
E1,E1:EN,E1:EN:M,E1:EN:M:3,2019-07-30,21,23,9,4,2
E1,E1:EN,E1:EN:N,E1:EN:N:1,2019-07-30,4,3,7,2,0
E1,E1:EN,E1:EN:N,E1:EN:N:1,2019-07-30,4,13,5,3,0
E1,E1:EN,E1:EN:N,E1:EN:N:1,2019-07-30,4,23,13,0,3
E1,E1:EN,E1:EN:N,E1:EN:N:2,2019-07-30,13,3,26,10,8
E1,E1:EN,E1:EN:N,E1:EN:N:2,2019-07-30,13,13,10,4,1
E1,E1:EN,E1:EN:N,E1:EN:N:2,2019-07-30,13,23,20,4,1
E1,E1:EN,E1:EN:N,E1:EN:N:3,2019-07-30,25,3,23,6,3
E1,E1:EN,E1:EN:N,E1:EN:N:3,2019-07-30,25,13,15,2,2
E1,E1:EN,E1:EN:N,E1:EN:N:3,2019-07-30,25,23,10,2,4
E1,E1:EN,E1:EN:S,E1:EN:S:1,2019-07-30,8,3,3,5,2
E1,E1:EN,E1:EN:S,E1:EN:S:1,2019-07-30,8,13,12,4,3
E1,E1:EN,E1:EN:S,E1:EN:S:1,2019-07-30,8,23,4,5,1
E1,E1:EN,E1:EN:S,E1:EN:S:2,2019-07-30,15,3,10,2,0
E1,E1:EN,E1:EN:S,E1:EN:S:2,2019-07-30,15,13,2,0,0
E1,E1:EN,E1:EN:S,E1:EN:S:2,2019-07-30,15,23,3,0,2
E1,E1:EN,E1:EN:S,E1:EN:S:3,2019-07-30,17,3,5,4,0
E1,E1:EN,E1:EN:S,E1:EN:S:3,2019-07-30,17,13,2,0,0
E1,E1:EN,E1:EN:S,E1:EN:S:3,2019-07-30,17,23,4,5,1
E2,E2:CG,E2:CG:M,E2:CG:M:1,2019-07-31,9,3,6,3,1
E2,E2:CG,E2:CG:M,E2:CG:M:1,2019-07-31,9,13,400,120,0
E2,E2:CG,E2:CG:M,E2:CG:M:1,2019-07-31,9,23,3,3,2
E2,E2:CG,E2:CG:M,E2:CG:M:2,2019-07-31,NA,3,9,7,2
E2,E2:CG,E2:CG:M,E2:CG:M:2,2019-07-31,NA,13,9,1,2
E2,E2:CG,E2:CG:M,E2:CG:M:2,2019-07-31,NA,23,1,0,0
E2,E2:CG,E2:CG:M,E2:CG:M:3,2019-07-31,19,3,22,1,0
E2,E2:CG,E2:CG:M,E2:CG:M:3,2019-07-31,19,13,14,14,0
E2,E2:CG,E2:CG:M,E2:CG:M:3,2019-07-31,19,23,60,1,0
E2,E2:CG,E2:CG:N,E2:CG:N:1,2019-07-31,2,3,22,5,0
E2,E2:CG,E2:CG:N,E2:CG:N:1,2019-07-31,2,13,7,1,2
E2,E2:CG,E2:CG:N,E2:CG:N:1,2019-07-31,2,23,19,5,1
E2,E2:CG,E2:CG:N,E2:CG:N:2,2019-07-31,1,3,11,4,0
E2,E2:CG,E2:CG:N,E2:CG:N:2,2019-07-31,1,13,16,3,0
E2,E2:CG,E2:CG:N,E2:CG:N:2,2019-07-31,1,23,14,5,3
E2,E2:CG,E2:CG:N,E2:CG:N:3,2019-07-31,18,3,11,11,1
E2,E2:CG,E2:CG:N,E2:CG:N:3,2019-07-31,18,13,9,3,0
E2,E2:CG,E2:CG:N,E2:CG:N:3,2019-07-31,18,23,19,3,0
E2,E2:CG,E2:CG:S,E2:CG:S:1,2019-07-31,12,3,NA,NA,NA
E2,E2:CG,E2:CG:S,E2:CG:S:1,2019-07-31,12,13,32,3,2
E2,E2:CG,E2:CG:S,E2:CG:S:1,2019-07-31,12,23,NA,NA,NA
E2,E2:CG,E2:CG:S,E2:CG:S:2,2019-07-31,15,3,18,3,0
E2,E2:CG,E2:CG:S,E2:CG:S:2,2019-07-31,15,13,25,2,3
E2,E2:CG,E2:CG:S,E2:CG:S:2,2019-07-31,15,23,9,1,0
E2,E2:CG,E2:CG:S,E2:CG:S:3,2019-07-31,17,3,6,6,2
E2,E2:CG,E2:CG:S,E2:CG:S:3,2019-07-31,17,13,9,5,0
E2,E2:CG,E2:CG:S,E2:CG:S:3,2019-07-31,17,23,23,6,2
E2,E2:CH,E2:CH:M,E2:CH:M:1,2019-07-31,2,3,5,5,0
E2,E2:CH,E2:CH:M,E2:CH:M:1,2019-07-31,2,13,17,2,2
E2,E2:CH,E2:CH:M,E2:CH:M:1,2019-07-31,2,23,14,7,0
E2,E2:CH,E2:CH:M,E2:CH:M:2,2019-07-31,6,3,19,2,0
E2,E2:CH,E2:CH:M,E2:CH:M:2,2019-07-31,6,13,9,0,4
E2,E2:CH,E2:CH:M,E2:CH:M:2,2019-07-31,6,23,3,3,1
E2,E2:CH,E2:CH:M,E2:CH:M:3,2019-07-31,12,3,13,3,1
E2,E2:CH,E2:CH:M,E2:CH:M:3,2019-07-31,12,13,7,8,0
E2,E2:CH,E2:CH:M,E2:CH:M:3,2019-07-31,12,23,66,9,1
E2,E2:CH,E2:CH:N,E2:CH:N:1,2019-07-31,7,3,9,4,1
E2,E2:CH,E2:CH:N,E2:CH:N:1,2019-07-31,7,13,3,2,0
E2,E2:CH,E2:CH:N,E2:CH:N:1,2019-07-31,7,23,34,6,1
E2,E2:CH,E2:CH:N,E2:CH:N:2,2019-07-31,9,3,15,6,0
E2,E2:CH,E2:CH:N,E2:CH:N:2,2019-07-31,9,13,8,1,0
E2,E2:CH,E2:CH:N,E2:CH:N:2,2019-07-31,9,23,3,6,0
E2,E2:CH,E2:CH:N,E2:CH:N:3,2019-07-31,10,3,15,1,0
E2,E2:CH,E2:CH:N,E2:CH:N:3,2019-07-31,10,13,17,1,0
E2,E2:CH,E2:CH:N,E2:CH:N:3,2019-07-31,10,23,38,9,5
E2,E2:CH,E2:CH:S,E2:CH:S:1,2019-07-31,3,3,19,8,0
E2,E2:CH,E2:CH:S,E2:CH:S:1,2019-07-31,3,13,61,11,2
E2,E2:CH,E2:CH:S,E2:CH:S:1,2019-07-31,3,23,4,14,0
E2,E2:CH,E2:CH:S,E2:CH:S:2,2019-07-31,11,3,5,0,0
E2,E2:CH,E2:CH:S,E2:CH:S:2,2019-07-31,11,13,17,6,3
E2,E2:CH,E2:CH:S,E2:CH:S:2,2019-07-31,11,23,9,2,1
E2,E2:CH,E2:CH:S,E2:CH:S:3,2019-07-31,8,3,3,2,0
E2,E2:CH,E2:CH:S,E2:CH:S:3,2019-07-31,8,13,19,5,3
E2,E2:CH,E2:CH:S,E2:CH:S:3,2019-07-31,8,23,22,2,1
E2,E2:CN,E2:CN:M,E2:CN:M:1,2019-07-31,5,3,3,1,0
E2,E2:CN,E2:CN:M,E2:CN:M:1,2019-07-31,5,13,16,8,2
E2,E2:CN,E2:CN:M,E2:CN:M:1,2019-07-31,5,23,12,5,3
E2,E2:CN,E2:CN:M,E2:CN:M:2,2019-07-31,14,3,12,5,0
E2,E2:CN,E2:CN:M,E2:CN:M:2,2019-07-31,14,13,5,3,0
E2,E2:CN,E2:CN:M,E2:CN:M:2,2019-07-31,14,23,0,0,0
E2,E2:CN,E2:CN:M,E2:CN:M:3,2019-07-31,36,3,10,1,0
E2,E2:CN,E2:CN:M,E2:CN:M:3,2019-07-31,36,13,NA,NA,NA
E2,E2:CN,E2:CN:M,E2:CN:M:3,2019-07-31,36,23,NA,NA,NA
E2,E2:CN,E2:CN:N,E2:CN:N:1,2019-07-31,14,3,8,1,1
E2,E2:CN,E2:CN:N,E2:CN:N:1,2019-07-31,14,13,6,2,2
E2,E2:CN,E2:CN:N,E2:CN:N:1,2019-07-31,14,23,7,2,2
E2,E2:CN,E2:CN:N,E2:CN:N:2,2019-07-31,25,3,54,5,0
E2,E2:CN,E2:CN:N,E2:CN:N:2,2019-07-31,25,13,14,8,0
E2,E2:CN,E2:CN:N,E2:CN:N:2,2019-07-31,25,23,5,10,2
E2,E2:CN,E2:CN:N,E2:CN:N:3,2019-07-31,40,3,12,1,1
E2,E2:CN,E2:CN:N,E2:CN:N:3,2019-07-31,40,13,NA,NA,NA
E2,E2:CN,E2:CN:N,E2:CN:N:3,2019-07-31,40,23,NA,NA,NA
E2,E2:CN,E2:CN:S,E2:CN:S:1,2019-07-31,3,3,12,6,2
E2,E2:CN,E2:CN:S,E2:CN:S:1,2019-07-31,3,13,25,0,1
E2,E2:CN,E2:CN:S,E2:CN:S:1,2019-07-31,3,23,5,6,1
E2,E2:CN,E2:CN:S,E2:CN:S:2,2019-07-31,13,3,1,2,1
E2,E2:CN,E2:CN:S,E2:CN:S:2,2019-07-31,13,13,4,1,2
E2,E2:CN,E2:CN:S,E2:CN:S:2,2019-07-31,13,23,10,6,6
E2,E2:CN,E2:CN:S,E2:CN:S:3,2019-07-31,36,3,NA,NA,NA
E2,E2:CN,E2:CN:S,E2:CN:S:3,2019-07-31,36,13,NA,NA,NA
E2,E2:CN,E2:CN:S,E2:CN:S:3,2019-07-31,36,23,NA,NA,NA
E2,E2:EG,E2:EG:M,E2:EG:M:1,2019-07-31,1,3,14,10,1
E2,E2:EG,E2:EG:M,E2:EG:M:1,2019-07-31,1,13,12,6,0
E2,E2:EG,E2:EG:M,E2:EG:M:1,2019-07-31,1,23,14,5,2
E2,E2:EG,E2:EG:M,E2:EG:M:2,2019-07-31,1,3,34,7,0
E2,E2:EG,E2:EG:M,E2:EG:M:2,2019-07-31,1,13,16,3,2
E2,E2:EG,E2:EG:M,E2:EG:M:2,2019-07-31,1,23,14,9,0
E2,E2:EG,E2:EG:M,E2:EG:M:3,2019-07-31,16,3,16,10,2
E2,E2:EG,E2:EG:M,E2:EG:M:3,2019-07-31,16,13,7,3,1
E2,E2:EG,E2:EG:M,E2:EG:M:3,2019-07-31,16,23,10,3,1
E2,E2:EG,E2:EG:N,E2:EG:N:1,2019-07-31,0,3,11,5,0
E2,E2:EG,E2:EG:N,E2:EG:N:1,2019-07-31,0,13,11,2,1
E2,E2:EG,E2:EG:N,E2:EG:N:1,2019-07-31,0,23,3,1,0
E2,E2:EG,E2:EG:N,E2:EG:N:2,2019-07-31,4,3,6,2,0
E2,E2:EG,E2:EG:N,E2:EG:N:2,2019-07-31,4,13,3,1,1
E2,E2:EG,E2:EG:N,E2:EG:N:2,2019-07-31,4,23,6,3,0
E2,E2:EG,E2:EG:N,E2:EG:N:3,2019-07-31,8,3,2,4,0
E2,E2:EG,E2:EG:N,E2:EG:N:3,2019-07-31,8,13,5,6,1
E2,E2:EG,E2:EG:N,E2:EG:N:3,2019-07-31,8,23,71,20,3
E2,E2:EG,E2:EG:S,E2:EG:S:1,2019-07-31,0,3,5,0,0
E2,E2:EG,E2:EG:S,E2:EG:S:1,2019-07-31,0,13,8,4,0
E2,E2:EG,E2:EG:S,E2:EG:S:1,2019-07-31,0,23,19,6,0
E2,E2:EG,E2:EG:S,E2:EG:S:2,2019-07-31,0,3,6,6,2
E2,E2:EG,E2:EG:S,E2:EG:S:2,2019-07-31,0,13,6,3,1
E2,E2:EG,E2:EG:S,E2:EG:S:2,2019-07-31,0,23,6,0,0
E2,E2:EG,E2:EG:S,E2:EG:S:3,2019-07-31,10,3,9,7,0
E2,E2:EG,E2:EG:S,E2:EG:S:3,2019-07-31,10,13,0,2,0
E2,E2:EG,E2:EG:S,E2:EG:S:3,2019-07-31,10,23,16,9,2
E2,E2:EH,E2:EH:M,E2:EH:M:1,2019-07-31,10,3,5,5,2
E2,E2:EH,E2:EH:M,E2:EH:M:1,2019-07-31,10,13,7,8,0
E2,E2:EH,E2:EH:M,E2:EH:M:1,2019-07-31,10,23,17,2,1
E2,E2:EH,E2:EH:M,E2:EH:M:2,2019-07-31,13,3,13,4,0
E2,E2:EH,E2:EH:M,E2:EH:M:2,2019-07-31,13,13,5,2,1
E2,E2:EH,E2:EH:M,E2:EH:M:2,2019-07-31,13,23,25,2,2
E2,E2:EH,E2:EH:M,E2:EH:M:3,2019-07-31,29,3,28,3,2
E2,E2:EH,E2:EH:M,E2:EH:M:3,2019-07-31,29,13,14,2,2
E2,E2:EH,E2:EH:M,E2:EH:M:3,2019-07-31,29,23,11,2,1
E2,E2:EH,E2:EH:N,E2:EH:N:1,2019-07-31,12,3,21,2,1
E2,E2:EH,E2:EH:N,E2:EH:N:1,2019-07-31,12,13,23,5,2
E2,E2:EH,E2:EH:N,E2:EH:N:1,2019-07-31,12,23,28,9,3
E2,E2:EH,E2:EH:N,E2:EH:N:2,2019-07-31,17,3,11,3,0
E2,E2:EH,E2:EH:N,E2:EH:N:2,2019-07-31,17,13,19,7,2
E2,E2:EH,E2:EH:N,E2:EH:N:2,2019-07-31,17,23,39,13,3
E2,E2:EH,E2:EH:N,E2:EH:N:3,2019-07-31,26,3,7,2,0
E2,E2:EH,E2:EH:N,E2:EH:N:3,2019-07-31,26,13,34,2,0
E2,E2:EH,E2:EH:N,E2:EH:N:3,2019-07-31,26,23,31,3,1
E2,E2:EH,E2:EH:S,E2:EH:S:1,2019-07-31,15,3,9,5,1
E2,E2:EH,E2:EH:S,E2:EH:S:1,2019-07-31,15,13,18,7,2
E2,E2:EH,E2:EH:S,E2:EH:S:1,2019-07-31,15,23,33,2,4
E2,E2:EH,E2:EH:S,E2:EH:S:2,2019-07-31,4,3,16,2,0
E2,E2:EH,E2:EH:S,E2:EH:S:2,2019-07-31,4,13,21,1,4
E2,E2:EH,E2:EH:S,E2:EH:S:2,2019-07-31,4,23,24,2,3
E2,E2:EH,E2:EH:S,E2:EH:S:3,2019-07-31,24,3,49,7,0
E2,E2:EH,E2:EH:S,E2:EH:S:3,2019-07-31,24,13,36,8,4
E2,E2:EH,E2:EH:S,E2:EH:S:3,2019-07-31,24,23,19,7,2
E2,E2:EN,E2:EN:M,E2:EN:M:1,2019-07-31,20,3,31,4,0
E2,E2:EN,E2:EN:M,E2:EN:M:1,2019-07-31,20,13,20,9,0
E2,E2:EN,E2:EN:M,E2:EN:M:1,2019-07-31,20,23,20,2,1
E2,E2:EN,E2:EN:M,E2:EN:M:2,2019-07-31,0,3,14,1,1
E2,E2:EN,E2:EN:M,E2:EN:M:2,2019-07-31,0,13,12,0,0
E2,E2:EN,E2:EN:M,E2:EN:M:2,2019-07-31,0,23,8,4,1
E2,E2:EN,E2:EN:M,E2:EN:M:3,2019-07-31,20,3,10,1,2
E2,E2:EN,E2:EN:M,E2:EN:M:3,2019-07-31,20,13,17,0,1
E2,E2:EN,E2:EN:M,E2:EN:M:3,2019-07-31,20,23,10,6,0
E2,E2:EN,E2:EN:N,E2:EN:N:1,2019-07-31,18,3,8,5,2
E2,E2:EN,E2:EN:N,E2:EN:N:1,2019-07-31,18,13,10,3,0
E2,E2:EN,E2:EN:N,E2:EN:N:1,2019-07-31,18,23,16,2,0
E2,E2:EN,E2:EN:N,E2:EN:N:2,2019-07-31,1,3,10,2,0
E2,E2:EN,E2:EN:N,E2:EN:N:2,2019-07-31,1,13,109,5,0
E2,E2:EN,E2:EN:N,E2:EN:N:2,2019-07-31,1,23,3,6,0
E2,E2:EN,E2:EN:N,E2:EN:N:3,2019-07-31,23,3,15,0,0
E2,E2:EN,E2:EN:N,E2:EN:N:3,2019-07-31,23,13,6,0,0
E2,E2:EN,E2:EN:N,E2:EN:N:3,2019-07-31,23,23,16,1,0
E2,E2:EN,E2:EN:S,E2:EN:S:1,2019-07-31,16,3,19,7,0
E2,E2:EN,E2:EN:S,E2:EN:S:1,2019-07-31,16,13,18,10,1
E2,E2:EN,E2:EN:S,E2:EN:S:1,2019-07-31,16,23,2,0,0
E2,E2:EN,E2:EN:S,E2:EN:S:2,2019-07-31,16,3,0,0,0
E2,E2:EN,E2:EN:S,E2:EN:S:2,2019-07-31,16,13,28,1,1
E2,E2:EN,E2:EN:S,E2:EN:S:2,2019-07-31,16,23,29,1,1
E2,E2:EN,E2:EN:S,E2:EN:S:3,2019-07-31,12,3,22,2,3
E2,E2:EN,E2:EN:S,E2:EN:S:3,2019-07-31,12,13,32,4,3
E2,E2:EN,E2:EN:S,E2:EN:S:3,2019-07-31,12,23,26,8,1
E3,E3:CG,E3:CG:M,E3:CG:M:1,2019-08-01,10,3,2,8,1
E3,E3:CG,E3:CG:M,E3:CG:M:1,2019-08-01,10,13,20,12,0
E3,E3:CG,E3:CG:M,E3:CG:M:1,2019-08-01,10,23,10,7,3
E3,E3:CG,E3:CG:M,E3:CG:M:2,2019-08-01,10,3,38,4,1
E3,E3:CG,E3:CG:M,E3:CG:M:2,2019-08-01,10,13,2,2,1
E3,E3:CG,E3:CG:M,E3:CG:M:2,2019-08-01,10,23,19,8,1
E3,E3:CG,E3:CG:M,E3:CG:M:3,2019-08-01,9,3,0,0,2
E3,E3:CG,E3:CG:M,E3:CG:M:3,2019-08-01,9,13,5,7,0
E3,E3:CG,E3:CG:M,E3:CG:M:3,2019-08-01,9,23,66,5,0
E3,E3:CG,E3:CG:N,E3:CG:N:1,2019-08-01,12,3,39,25,2
E3,E3:CG,E3:CG:N,E3:CG:N:1,2019-08-01,12,13,19,6,4
E3,E3:CG,E3:CG:N,E3:CG:N:1,2019-08-01,12,23,96,9,0
E3,E3:CG,E3:CG:N,E3:CG:N:2,2019-08-01,9,3,14,2,1
E3,E3:CG,E3:CG:N,E3:CG:N:2,2019-08-01,9,13,49,15,5
E3,E3:CG,E3:CG:N,E3:CG:N:2,2019-08-01,9,23,12,7,4
E3,E3:CG,E3:CG:N,E3:CG:N:3,2019-08-01,14,3,47,7,0
E3,E3:CG,E3:CG:N,E3:CG:N:3,2019-08-01,14,13,9,2,0
E3,E3:CG,E3:CG:N,E3:CG:N:3,2019-08-01,14,23,11,6,3
E3,E3:CG,E3:CG:S,E3:CG:S:1,2019-08-01,7,3,25,2,3
E3,E3:CG,E3:CG:S,E3:CG:S:1,2019-08-01,7,13,0,0,2
E3,E3:CG,E3:CG:S,E3:CG:S:1,2019-08-01,7,23,63,12,1
E3,E3:CG,E3:CG:S,E3:CG:S:2,2019-08-01,8,3,14,6,0
E3,E3:CG,E3:CG:S,E3:CG:S:2,2019-08-01,8,13,32,10,2
E3,E3:CG,E3:CG:S,E3:CG:S:2,2019-08-01,8,23,9,2,1
E3,E3:CG,E3:CG:S,E3:CG:S:3,2019-08-01,11,3,21,6,0
E3,E3:CG,E3:CG:S,E3:CG:S:3,2019-08-01,11,13,4,3,1
E3,E3:CG,E3:CG:S,E3:CG:S:3,2019-08-01,11,23,16,2,1
E3,E3:CH,E3:CH:M,E3:CH:M:1,2019-08-01,5,3,136,20,0
E3,E3:CH,E3:CH:M,E3:CH:M:1,2019-08-01,5,13,6,4,1
E3,E3:CH,E3:CH:M,E3:CH:M:1,2019-08-01,5,23,68,9,0
E3,E3:CH,E3:CH:M,E3:CH:M:2,2019-08-01,8,3,7,4,1
E3,E3:CH,E3:CH:M,E3:CH:M:2,2019-08-01,8,13,1,0,2
E3,E3:CH,E3:CH:M,E3:CH:M:2,2019-08-01,8,23,24,3,0
E3,E3:CH,E3:CH:M,E3:CH:M:3,2019-08-01,13,3,25,8,1
E3,E3:CH,E3:CH:M,E3:CH:M:3,2019-08-01,13,13,11,9,0
E3,E3:CH,E3:CH:M,E3:CH:M:3,2019-08-01,13,23,4,1,0
E3,E3:CH,E3:CH:N,E3:CH:N:1,2019-08-01,9,3,5,3,1
E3,E3:CH,E3:CH:N,E3:CH:N:1,2019-08-01,9,13,21,4,1
E3,E3:CH,E3:CH:N,E3:CH:N:1,2019-08-01,9,23,47,8,1
E3,E3:CH,E3:CH:N,E3:CH:N:2,2019-08-01,10,3,32,5,0
E3,E3:CH,E3:CH:N,E3:CH:N:2,2019-08-01,10,13,3,2,5
E3,E3:CH,E3:CH:N,E3:CH:N:2,2019-08-01,10,23,2,5,0
E3,E3:CH,E3:CH:N,E3:CH:N:3,2019-08-01,19,3,1,9,8
E3,E3:CH,E3:CH:N,E3:CH:N:3,2019-08-01,19,13,1,0,1
E3,E3:CH,E3:CH:N,E3:CH:N:3,2019-08-01,19,23,3,2,0
E3,E3:CH,E3:CH:S,E3:CH:S:1,2019-08-01,11,3,33,11,1
E3,E3:CH,E3:CH:S,E3:CH:S:1,2019-08-01,11,13,29,11,2
E3,E3:CH,E3:CH:S,E3:CH:S:1,2019-08-01,11,23,6,1,2
E3,E3:CH,E3:CH:S,E3:CH:S:2,2019-08-01,13,3,48,10,3
E3,E3:CH,E3:CH:S,E3:CH:S:2,2019-08-01,13,13,27,6,0
E3,E3:CH,E3:CH:S,E3:CH:S:2,2019-08-01,13,23,5,1,1
E3,E3:CH,E3:CH:S,E3:CH:S:3,2019-08-01,10,3,53,8,1
E3,E3:CH,E3:CH:S,E3:CH:S:3,2019-08-01,10,13,4,2,1
E3,E3:CH,E3:CH:S,E3:CH:S:3,2019-08-01,10,23,33,12,4
E3,E3:CN,E3:CN:M,E3:CN:M:1,2019-08-01,13,3,2,8,1
E3,E3:CN,E3:CN:M,E3:CN:M:1,2019-08-01,13,13,11,3,1
E3,E3:CN,E3:CN:M,E3:CN:M:1,2019-08-01,13,23,1,2,0
E3,E3:CN,E3:CN:M,E3:CN:M:2,2019-08-01,13,3,6,2,0
E3,E3:CN,E3:CN:M,E3:CN:M:2,2019-08-01,13,13,15,2,0
E3,E3:CN,E3:CN:M,E3:CN:M:2,2019-08-01,13,23,1,3,1
E3,E3:CN,E3:CN:M,E3:CN:M:3,2019-08-01,11,3,6,6,1
E3,E3:CN,E3:CN:M,E3:CN:M:3,2019-08-01,11,13,27,2,2
E3,E3:CN,E3:CN:M,E3:CN:M:3,2019-08-01,11,23,4,2,0
E3,E3:CN,E3:CN:N,E3:CN:N:1,2019-08-01,12,3,15,1,1
E3,E3:CN,E3:CN:N,E3:CN:N:1,2019-08-01,12,13,51,11,0
E3,E3:CN,E3:CN:N,E3:CN:N:1,2019-08-01,12,23,11,5,0
E3,E3:CN,E3:CN:N,E3:CN:N:2,2019-08-01,13,3,34,5,2
E3,E3:CN,E3:CN:N,E3:CN:N:2,2019-08-01,13,13,21,3,2
E3,E3:CN,E3:CN:N,E3:CN:N:2,2019-08-01,13,23,31,6,0
E3,E3:CN,E3:CN:N,E3:CN:N:3,2019-08-01,12,3,33,15,9
E3,E3:CN,E3:CN:N,E3:CN:N:3,2019-08-01,12,13,13,1,2
E3,E3:CN,E3:CN:N,E3:CN:N:3,2019-08-01,12,23,22,11,4
E3,E3:CN,E3:CN:S,E3:CN:S:1,2019-08-01,12,3,3,1,0
E3,E3:CN,E3:CN:S,E3:CN:S:1,2019-08-01,12,13,3,5,1
E3,E3:CN,E3:CN:S,E3:CN:S:1,2019-08-01,12,23,7,2,5
E3,E3:CN,E3:CN:S,E3:CN:S:2,2019-08-01,11,3,3,1,5
E3,E3:CN,E3:CN:S,E3:CN:S:2,2019-08-01,11,13,0,0,3
E3,E3:CN,E3:CN:S,E3:CN:S:2,2019-08-01,11,23,7,10,2
E3,E3:CN,E3:CN:S,E3:CN:S:3,2019-08-01,15,3,3,1,1
E3,E3:CN,E3:CN:S,E3:CN:S:3,2019-08-01,15,13,5,1,3
E3,E3:CN,E3:CN:S,E3:CN:S:3,2019-08-01,15,23,3,2,3
E3,E3:EG,E3:EG:M,E3:EG:M:1,2019-08-01,12,3,10,5,1
E3,E3:EG,E3:EG:M,E3:EG:M:1,2019-08-01,12,13,48,16,1
E3,E3:EG,E3:EG:M,E3:EG:M:1,2019-08-01,12,23,70,2,1
E3,E3:EG,E3:EG:M,E3:EG:M:2,2019-08-01,11,3,30,9,2
E3,E3:EG,E3:EG:M,E3:EG:M:2,2019-08-01,11,13,23,4,0
E3,E3:EG,E3:EG:M,E3:EG:M:2,2019-08-01,11,23,2,5,1
E3,E3:EG,E3:EG:M,E3:EG:M:3,2019-08-01,12,3,36,1,5
E3,E3:EG,E3:EG:M,E3:EG:M:3,2019-08-01,12,13,3,11,5
E3,E3:EG,E3:EG:M,E3:EG:M:3,2019-08-01,12,23,8,6,0
E3,E3:EG,E3:EG:N,E3:EG:N:1,2019-08-01,15,3,84,15,0
E3,E3:EG,E3:EG:N,E3:EG:N:1,2019-08-01,15,13,23,6,6
E3,E3:EG,E3:EG:N,E3:EG:N:1,2019-08-01,15,23,2,3,4
E3,E3:EG,E3:EG:N,E3:EG:N:2,2019-08-01,11,3,21,8,1
E3,E3:EG,E3:EG:N,E3:EG:N:2,2019-08-01,11,13,4,7,1
E3,E3:EG,E3:EG:N,E3:EG:N:2,2019-08-01,11,23,8,6,6
E3,E3:EG,E3:EG:N,E3:EG:N:3,2019-08-01,14,3,17,0,0
E3,E3:EG,E3:EG:N,E3:EG:N:3,2019-08-01,14,13,26,14,1
E3,E3:EG,E3:EG:N,E3:EG:N:3,2019-08-01,14,23,17,3,0
E3,E3:EG,E3:EG:S,E3:EG:S:1,2019-08-01,10,3,24,22,3
E3,E3:EG,E3:EG:S,E3:EG:S:1,2019-08-01,10,13,13,10,0
E3,E3:EG,E3:EG:S,E3:EG:S:1,2019-08-01,10,23,32,5,1
E3,E3:EG,E3:EG:S,E3:EG:S:2,2019-08-01,15,3,8,6,4
E3,E3:EG,E3:EG:S,E3:EG:S:2,2019-08-01,15,13,0,0,0
E3,E3:EG,E3:EG:S,E3:EG:S:2,2019-08-01,15,23,16,6,6
E3,E3:EG,E3:EG:S,E3:EG:S:3,2019-08-01,11,3,10,4,0
E3,E3:EG,E3:EG:S,E3:EG:S:3,2019-08-01,11,13,NA,NA,NA
E3,E3:EG,E3:EG:S,E3:EG:S:3,2019-08-01,11,23,NA,NA,NA
E3,E3:EH,E3:EH:M,E3:EH:M:1,2019-08-01,15,3,3,1,0
E3,E3:EH,E3:EH:M,E3:EH:M:1,2019-08-01,15,13,11,6,2
E3,E3:EH,E3:EH:M,E3:EH:M:1,2019-08-01,15,23,3,5,2
E3,E3:EH,E3:EH:M,E3:EH:M:2,2019-08-01,16,3,50,5,3
E3,E3:EH,E3:EH:M,E3:EH:M:2,2019-08-01,16,13,3,2,0
E3,E3:EH,E3:EH:M,E3:EH:M:2,2019-08-01,16,23,4,1,0
E3,E3:EH,E3:EH:M,E3:EH:M:3,2019-08-01,17,3,28,4,2
E3,E3:EH,E3:EH:M,E3:EH:M:3,2019-08-01,17,13,17,4,0
E3,E3:EH,E3:EH:M,E3:EH:M:3,2019-08-01,17,23,36,4,0
E3,E3:EH,E3:EH:N,E3:EH:N:1,2019-08-01,14,3,18,3,0
E3,E3:EH,E3:EH:N,E3:EH:N:1,2019-08-01,14,13,33,6,1
E3,E3:EH,E3:EH:N,E3:EH:N:1,2019-08-01,14,23,390,52,14
E3,E3:EH,E3:EH:N,E3:EH:N:2,2019-08-01,16,3,10,2,0
E3,E3:EH,E3:EH:N,E3:EH:N:2,2019-08-01,16,13,37,4,1
E3,E3:EH,E3:EH:N,E3:EH:N:2,2019-08-01,16,23,9,1,0
E3,E3:EH,E3:EH:N,E3:EH:N:3,2019-08-01,13,3,27,0,1
E3,E3:EH,E3:EH:N,E3:EH:N:3,2019-08-01,13,13,32,1,0
E3,E3:EH,E3:EH:N,E3:EH:N:3,2019-08-01,13,23,35,7,0
E3,E3:EH,E3:EH:S,E3:EH:S:1,2019-08-01,9,3,8,5,0
E3,E3:EH,E3:EH:S,E3:EH:S:1,2019-08-01,9,13,13,3,1
E3,E3:EH,E3:EH:S,E3:EH:S:1,2019-08-01,9,23,13,3,1
E3,E3:EH,E3:EH:S,E3:EH:S:2,2019-08-01,19,3,4,1,1
E3,E3:EH,E3:EH:S,E3:EH:S:2,2019-08-01,19,13,15,4,0
E3,E3:EH,E3:EH:S,E3:EH:S:2,2019-08-01,19,23,0,6,1
E3,E3:EH,E3:EH:S,E3:EH:S:3,2019-08-01,16,3,25,2,0
E3,E3:EH,E3:EH:S,E3:EH:S:3,2019-08-01,16,13,7,3,0
E3,E3:EH,E3:EH:S,E3:EH:S:3,2019-08-01,16,23,9,0,0
E3,E3:EN,E3:EN:M,E3:EN:M:1,2019-08-01,4,3,9,2,1
E3,E3:EN,E3:EN:M,E3:EN:M:1,2019-08-01,4,13,10,3,1
E3,E3:EN,E3:EN:M,E3:EN:M:1,2019-08-01,4,23,13,1,1
E3,E3:EN,E3:EN:M,E3:EN:M:2,2019-08-01,10,3,7,1,0
E3,E3:EN,E3:EN:M,E3:EN:M:2,2019-08-01,10,13,9,0,0
E3,E3:EN,E3:EN:M,E3:EN:M:2,2019-08-01,10,23,2,11,1
E3,E3:EN,E3:EN:M,E3:EN:M:3,2019-08-01,12,3,8,5,0
E3,E3:EN,E3:EN:M,E3:EN:M:3,2019-08-01,12,13,2,6,1
E3,E3:EN,E3:EN:M,E3:EN:M:3,2019-08-01,12,23,10,11,1
E3,E3:EN,E3:EN:N,E3:EN:N:1,2019-08-01,9,3,9,2,0
E3,E3:EN,E3:EN:N,E3:EN:N:1,2019-08-01,9,13,18,7,0
E3,E3:EN,E3:EN:N,E3:EN:N:1,2019-08-01,9,23,25,4,1
E3,E3:EN,E3:EN:N,E3:EN:N:2,2019-08-01,10,3,15,4,0
E3,E3:EN,E3:EN:N,E3:EN:N:2,2019-08-01,10,13,3,3,0
E3,E3:EN,E3:EN:N,E3:EN:N:2,2019-08-01,10,23,4,0,0
E3,E3:EN,E3:EN:N,E3:EN:N:3,2019-08-01,14,3,19,2,2
E3,E3:EN,E3:EN:N,E3:EN:N:3,2019-08-01,14,13,15,4,1
E3,E3:EN,E3:EN:N,E3:EN:N:3,2019-08-01,14,23,15,2,1
E3,E3:EN,E3:EN:S,E3:EN:S:1,2019-08-01,2,3,18,1,2
E3,E3:EN,E3:EN:S,E3:EN:S:1,2019-08-01,2,13,0,0,2
E3,E3:EN,E3:EN:S,E3:EN:S:1,2019-08-01,2,23,6,3,0
E3,E3:EN,E3:EN:S,E3:EN:S:2,2019-08-01,8,3,269,36,3
E3,E3:EN,E3:EN:S,E3:EN:S:2,2019-08-01,8,13,23,5,0
E3,E3:EN,E3:EN:S,E3:EN:S:2,2019-08-01,8,23,0,5,1
E3,E3:EN,E3:EN:S,E3:EN:S:3,2019-08-01,12,3,16,3,0
E3,E3:EN,E3:EN:S,E3:EN:S:3,2019-08-01,12,13,16,7,2
E3,E3:EN,E3:EN:S,E3:EN:S:3,2019-08-01,12,23,14,4,0
E4,E4:CG,E4:CG:M,E4:CG:M:1,2019-08-03,3,3,3,4,2
E4,E4:CG,E4:CG:M,E4:CG:M:1,2019-08-03,3,13,16,8,1
E4,E4:CG,E4:CG:M,E4:CG:M:1,2019-08-03,3,23,7,4,1
E4,E4:CG,E4:CG:M,E4:CG:M:2,2019-08-03,5,3,6,5,0
E4,E4:CG,E4:CG:M,E4:CG:M:2,2019-08-03,5,13,1,3,0
E4,E4:CG,E4:CG:M,E4:CG:M:2,2019-08-03,5,23,6,7,16
E4,E4:CG,E4:CG:M,E4:CG:M:3,2019-08-03,10,3,54,1,2
E4,E4:CG,E4:CG:M,E4:CG:M:3,2019-08-03,10,13,29,7,3
E4,E4:CG,E4:CG:M,E4:CG:M:3,2019-08-03,10,23,17,7,2
E4,E4:CG,E4:CG:N,E4:CG:N:1,2019-08-03,5,3,0,0,0
E4,E4:CG,E4:CG:N,E4:CG:N:1,2019-08-03,5,13,3,3,0
E4,E4:CG,E4:CG:N,E4:CG:N:1,2019-08-03,5,23,4,0,1
E4,E4:CG,E4:CG:N,E4:CG:N:2,2019-08-03,10,3,4,7,4
E4,E4:CG,E4:CG:N,E4:CG:N:2,2019-08-03,10,13,30,4,3
E4,E4:CG,E4:CG:N,E4:CG:N:2,2019-08-03,10,23,15,2,3
E4,E4:CG,E4:CG:N,E4:CG:N:3,2019-08-03,3,3,2,1,0
E4,E4:CG,E4:CG:N,E4:CG:N:3,2019-08-03,3,13,10,1,0
E4,E4:CG,E4:CG:N,E4:CG:N:3,2019-08-03,3,23,28,5,1
E4,E4:CG,E4:CG:S,E4:CG:S:1,2019-08-03,3,3,35,8,0
E4,E4:CG,E4:CG:S,E4:CG:S:1,2019-08-03,3,13,8,1,1
E4,E4:CG,E4:CG:S,E4:CG:S:1,2019-08-03,3,23,3,2,0
E4,E4:CG,E4:CG:S,E4:CG:S:2,2019-08-03,4,3,14,12,1
E4,E4:CG,E4:CG:S,E4:CG:S:2,2019-08-03,4,13,1,2,2
E4,E4:CG,E4:CG:S,E4:CG:S:2,2019-08-03,4,23,10,3,1
E4,E4:CG,E4:CG:S,E4:CG:S:3,2019-08-03,11,3,6,3,6
E4,E4:CG,E4:CG:S,E4:CG:S:3,2019-08-03,11,13,4,1,1
E4,E4:CG,E4:CG:S,E4:CG:S:3,2019-08-03,11,23,2,0,0
E4,E4:CH,E4:CH:M,E4:CH:M:1,2019-08-03,NA,3,6,4,2
E4,E4:CH,E4:CH:M,E4:CH:M:1,2019-08-03,NA,13,20,3,0
E4,E4:CH,E4:CH:M,E4:CH:M:1,2019-08-03,NA,23,9,8,1
E4,E4:CH,E4:CH:M,E4:CH:M:2,2019-08-03,12,3,3,3,1
E4,E4:CH,E4:CH:M,E4:CH:M:2,2019-08-03,12,13,4,1,0
E4,E4:CH,E4:CH:M,E4:CH:M:2,2019-08-03,12,23,31,5,2
E4,E4:CH,E4:CH:M,E4:CH:M:3,2019-08-03,6,3,0,2,3
E4,E4:CH,E4:CH:M,E4:CH:M:3,2019-08-03,6,13,6,0,0
E4,E4:CH,E4:CH:M,E4:CH:M:3,2019-08-03,6,23,27,1,3
E4,E4:CH,E4:CH:N,E4:CH:N:1,2019-08-03,3,3,36,6,3
E4,E4:CH,E4:CH:N,E4:CH:N:1,2019-08-03,3,13,3,10,3
E4,E4:CH,E4:CH:N,E4:CH:N:1,2019-08-03,3,23,11,13,3
E4,E4:CH,E4:CH:N,E4:CH:N:2,2019-08-03,8,3,3,2,0
E4,E4:CH,E4:CH:N,E4:CH:N:2,2019-08-03,8,13,3,4,0
E4,E4:CH,E4:CH:N,E4:CH:N:2,2019-08-03,8,23,6,3,6
E4,E4:CH,E4:CH:N,E4:CH:N:3,2019-08-03,10,3,12,4,7
E4,E4:CH,E4:CH:N,E4:CH:N:3,2019-08-03,10,13,5,4,4
E4,E4:CH,E4:CH:N,E4:CH:N:3,2019-08-03,10,23,8,7,5
E4,E4:CH,E4:CH:S,E4:CH:S:1,2019-08-03,6,3,14,2,4
E4,E4:CH,E4:CH:S,E4:CH:S:1,2019-08-03,6,13,15,3,5
E4,E4:CH,E4:CH:S,E4:CH:S:1,2019-08-03,6,23,3,3,0
E4,E4:CH,E4:CH:S,E4:CH:S:2,2019-08-03,7,3,4,3,1
E4,E4:CH,E4:CH:S,E4:CH:S:2,2019-08-03,7,13,6,3,1
E4,E4:CH,E4:CH:S,E4:CH:S:2,2019-08-03,7,23,6,1,0
E4,E4:CH,E4:CH:S,E4:CH:S:3,2019-08-03,6,3,6,2,3
E4,E4:CH,E4:CH:S,E4:CH:S:3,2019-08-03,6,13,4,6,16
E4,E4:CH,E4:CH:S,E4:CH:S:3,2019-08-03,6,23,1,1,6
E4,E4:CN,E4:CN:M,E4:CN:M:1,2019-08-03,NA,3,10,0,1
E4,E4:CN,E4:CN:M,E4:CN:M:1,2019-08-03,NA,13,0,13,1
E4,E4:CN,E4:CN:M,E4:CN:M:1,2019-08-03,NA,23,15,1,0
E4,E4:CN,E4:CN:M,E4:CN:M:2,2019-08-03,2,3,5,4,0
E4,E4:CN,E4:CN:M,E4:CN:M:2,2019-08-03,2,13,13,3,1
E4,E4:CN,E4:CN:M,E4:CN:M:2,2019-08-03,2,23,0,2,0
E4,E4:CN,E4:CN:M,E4:CN:M:3,2019-08-03,14,3,3,2,9
E4,E4:CN,E4:CN:M,E4:CN:M:3,2019-08-03,14,13,0,0,0
E4,E4:CN,E4:CN:M,E4:CN:M:3,2019-08-03,14,23,25,7,0
E4,E4:CN,E4:CN:N,E4:CN:N:1,2019-08-03,3,3,14,9,2
E4,E4:CN,E4:CN:N,E4:CN:N:1,2019-08-03,3,13,3,2,2
E4,E4:CN,E4:CN:N,E4:CN:N:1,2019-08-03,3,23,18,1,2
E4,E4:CN,E4:CN:N,E4:CN:N:2,2019-08-03,6,3,15,1,1
E4,E4:CN,E4:CN:N,E4:CN:N:2,2019-08-03,6,13,3,7,2
E4,E4:CN,E4:CN:N,E4:CN:N:2,2019-08-03,6,23,5,7,2
E4,E4:CN,E4:CN:N,E4:CN:N:3,2019-08-03,12,3,1,2,0
E4,E4:CN,E4:CN:N,E4:CN:N:3,2019-08-03,12,13,15,5,1
E4,E4:CN,E4:CN:N,E4:CN:N:3,2019-08-03,12,23,1,2,0
E4,E4:CN,E4:CN:S,E4:CN:S:1,2019-08-03,4,3,7,4,3
E4,E4:CN,E4:CN:S,E4:CN:S:1,2019-08-03,4,13,7,2,2
E4,E4:CN,E4:CN:S,E4:CN:S:1,2019-08-03,4,23,43,5,5
E4,E4:CN,E4:CN:S,E4:CN:S:2,2019-08-03,14,3,0,0,1
E4,E4:CN,E4:CN:S,E4:CN:S:2,2019-08-03,14,13,3,0,0
E4,E4:CN,E4:CN:S,E4:CN:S:2,2019-08-03,14,23,4,0,0
E4,E4:CN,E4:CN:S,E4:CN:S:3,2019-08-03,NA,3,0,2,3
E4,E4:CN,E4:CN:S,E4:CN:S:3,2019-08-03,NA,13,7,7,1
E4,E4:CN,E4:CN:S,E4:CN:S:3,2019-08-03,NA,23,2,0,1
E4,E4:EG,E4:EG:M,E4:EG:M:1,2019-08-03,4,3,3,2,0
E4,E4:EG,E4:EG:M,E4:EG:M:1,2019-08-03,4,13,22,10,0
E4,E4:EG,E4:EG:M,E4:EG:M:1,2019-08-03,4,23,0,3,0
E4,E4:EG,E4:EG:M,E4:EG:M:2,2019-08-03,4,3,0,2,0
E4,E4:EG,E4:EG:M,E4:EG:M:2,2019-08-03,4,13,0,1,1
E4,E4:EG,E4:EG:M,E4:EG:M:2,2019-08-03,4,23,NA,NA,NA
E4,E4:EG,E4:EG:M,E4:EG:M:3,2019-08-03,5,3,21,4,0
E4,E4:EG,E4:EG:M,E4:EG:M:3,2019-08-03,5,13,8,5,0
E4,E4:EG,E4:EG:M,E4:EG:M:3,2019-08-03,5,23,3,1,1
E4,E4:EG,E4:EG:N,E4:EG:N:1,2019-08-03,2,3,16,0,0
E4,E4:EG,E4:EG:N,E4:EG:N:1,2019-08-03,2,13,11,1,1
E4,E4:EG,E4:EG:N,E4:EG:N:1,2019-08-03,2,23,7,6,2
E4,E4:EG,E4:EG:N,E4:EG:N:2,2019-08-03,6,3,3,2,1
E4,E4:EG,E4:EG:N,E4:EG:N:2,2019-08-03,6,13,6,3,1
E4,E4:EG,E4:EG:N,E4:EG:N:2,2019-08-03,6,23,35,9,0
E4,E4:EG,E4:EG:N,E4:EG:N:3,2019-08-03,2,3,12,1,1
E4,E4:EG,E4:EG:N,E4:EG:N:3,2019-08-03,2,13,3,2,2
E4,E4:EG,E4:EG:N,E4:EG:N:3,2019-08-03,2,23,4,2,0
E4,E4:EG,E4:EG:S,E4:EG:S:1,2019-08-03,10,3,1,5,0
E4,E4:EG,E4:EG:S,E4:EG:S:1,2019-08-03,10,13,6,5,1
E4,E4:EG,E4:EG:S,E4:EG:S:1,2019-08-03,10,23,7,6,6
E4,E4:EG,E4:EG:S,E4:EG:S:2,2019-08-03,6,3,8,1,0
E4,E4:EG,E4:EG:S,E4:EG:S:2,2019-08-03,6,13,10,1,0
E4,E4:EG,E4:EG:S,E4:EG:S:2,2019-08-03,6,23,2,4,0
E4,E4:EG,E4:EG:S,E4:EG:S:3,2019-08-03,12,3,4,3,2
E4,E4:EG,E4:EG:S,E4:EG:S:3,2019-08-03,12,13,8,2,1
E4,E4:EG,E4:EG:S,E4:EG:S:3,2019-08-03,12,23,11,0,0
E4,E4:EH,E4:EH:M,E4:EH:M:1,2019-08-02,7,3,3,0,2
E4,E4:EH,E4:EH:M,E4:EH:M:1,2019-08-02,7,13,0,2,0
E4,E4:EH,E4:EH:M,E4:EH:M:1,2019-08-02,7,23,2,2,0
E4,E4:EH,E4:EH:M,E4:EH:M:2,2019-08-02,NA,3,15,1,0
E4,E4:EH,E4:EH:M,E4:EH:M:2,2019-08-02,NA,13,8,0,0
E4,E4:EH,E4:EH:M,E4:EH:M:2,2019-08-02,NA,23,3,2,0
E4,E4:EH,E4:EH:M,E4:EH:M:3,2019-08-02,15,3,4,1,3
E4,E4:EH,E4:EH:M,E4:EH:M:3,2019-08-02,15,13,14,10,1
E4,E4:EH,E4:EH:M,E4:EH:M:3,2019-08-02,15,23,9,3,0
E4,E4:EH,E4:EH:N,E4:EH:N:1,2019-08-02,9,3,1,1,0
E4,E4:EH,E4:EH:N,E4:EH:N:1,2019-08-02,9,13,50,5,2
E4,E4:EH,E4:EH:N,E4:EH:N:1,2019-08-02,9,23,13,6,2
E4,E4:EH,E4:EH:N,E4:EH:N:2,2019-08-02,4,3,2,6,1
E4,E4:EH,E4:EH:N,E4:EH:N:2,2019-08-02,4,13,2,5,0
E4,E4:EH,E4:EH:N,E4:EH:N:2,2019-08-02,4,23,3,2,1
E4,E4:EH,E4:EH:N,E4:EH:N:3,2019-08-02,3,3,5,5,0
E4,E4:EH,E4:EH:N,E4:EH:N:3,2019-08-02,3,13,2,2,0
E4,E4:EH,E4:EH:N,E4:EH:N:3,2019-08-02,3,23,17,10,2
E4,E4:EH,E4:EH:S,E4:EH:S:1,2019-08-02,12,3,7,5,1
E4,E4:EH,E4:EH:S,E4:EH:S:1,2019-08-02,12,13,6,5,1
E4,E4:EH,E4:EH:S,E4:EH:S:1,2019-08-02,12,23,3,0,0
E4,E4:EH,E4:EH:S,E4:EH:S:2,2019-08-02,11,3,3,2,0
E4,E4:EH,E4:EH:S,E4:EH:S:2,2019-08-02,11,13,1,4,0
E4,E4:EH,E4:EH:S,E4:EH:S:2,2019-08-02,11,23,0,0,0
E4,E4:EH,E4:EH:S,E4:EH:S:3,2019-08-02,10,3,8,4,6
E4,E4:EH,E4:EH:S,E4:EH:S:3,2019-08-02,10,13,5,7,3
E4,E4:EH,E4:EH:S,E4:EH:S:3,2019-08-02,10,23,8,4,2
E4,E4:EN,E4:EN:M,E4:EN:M:1,2019-08-02,13,3,5,4,0
E4,E4:EN,E4:EN:M,E4:EN:M:1,2019-08-02,13,13,2,2,1
E4,E4:EN,E4:EN:M,E4:EN:M:1,2019-08-02,13,23,5,2,2
E4,E4:EN,E4:EN:M,E4:EN:M:2,2019-08-02,23,3,6,1,0
E4,E4:EN,E4:EN:M,E4:EN:M:2,2019-08-02,23,13,500,25,5
E4,E4:EN,E4:EN:M,E4:EN:M:2,2019-08-02,23,23,6,1,0
E4,E4:EN,E4:EN:M,E4:EN:M:3,2019-08-02,17,3,0,0,1
E4,E4:EN,E4:EN:M,E4:EN:M:3,2019-08-02,17,13,16,3,0
E4,E4:EN,E4:EN:M,E4:EN:M:3,2019-08-02,17,23,12,3,0
E4,E4:EN,E4:EN:N,E4:EN:N:1,2019-08-02,11,3,11,2,0
E4,E4:EN,E4:EN:N,E4:EN:N:1,2019-08-02,11,13,6,2,1
E4,E4:EN,E4:EN:N,E4:EN:N:1,2019-08-02,11,23,12,3,0
E4,E4:EN,E4:EN:N,E4:EN:N:2,2019-08-02,8,3,7,2,0
E4,E4:EN,E4:EN:N,E4:EN:N:2,2019-08-02,8,13,11,0,0
E4,E4:EN,E4:EN:N,E4:EN:N:2,2019-08-02,8,23,11,2,0
E4,E4:EN,E4:EN:N,E4:EN:N:3,2019-08-02,8,3,12,0,0
E4,E4:EN,E4:EN:N,E4:EN:N:3,2019-08-02,8,13,13,8,1
E4,E4:EN,E4:EN:N,E4:EN:N:3,2019-08-02,8,23,13,2,0
E4,E4:EN,E4:EN:S,E4:EN:S:1,2019-08-02,7,3,24,3,0
E4,E4:EN,E4:EN:S,E4:EN:S:1,2019-08-02,7,13,19,7,1
E4,E4:EN,E4:EN:S,E4:EN:S:1,2019-08-02,7,23,12,5,1
E4,E4:EN,E4:EN:S,E4:EN:S:2,2019-08-02,15,3,17,0,0
E4,E4:EN,E4:EN:S,E4:EN:S:2,2019-08-02,15,13,20,11,3
E4,E4:EN,E4:EN:S,E4:EN:S:2,2019-08-02,15,23,15,5,0
E4,E4:EN,E4:EN:S,E4:EN:S:3,2019-08-02,12,3,12,1,0
E4,E4:EN,E4:EN:S,E4:EN:S:3,2019-08-02,12,13,4,0,1
E4,E4:EN,E4:EN:S,E4:EN:S:3,2019-08-02,12,23,401,53,2
E5,E5:CG,E5:CG:M,E5:CG:M:1,2019-08-04,6,3,24,2,1
E5,E5:CG,E5:CG:M,E5:CG:M:1,2019-08-04,6,13,18,3,0
E5,E5:CG,E5:CG:M,E5:CG:M:1,2019-08-04,6,23,10,3,2
E5,E5:CG,E5:CG:M,E5:CG:M:2,2019-08-04,16,3,9,6,0
E5,E5:CG,E5:CG:M,E5:CG:M:2,2019-08-04,16,13,28,4,1
E5,E5:CG,E5:CG:M,E5:CG:M:2,2019-08-04,16,23,7,1,1
E5,E5:CG,E5:CG:M,E5:CG:M:3,2019-08-04,10,3,35,7,1
E5,E5:CG,E5:CG:M,E5:CG:M:3,2019-08-04,10,13,8,5,1
E5,E5:CG,E5:CG:M,E5:CG:M:3,2019-08-04,10,23,5,4,2
E5,E5:CG,E5:CG:N,E5:CG:N:1,2019-08-04,2,3,6,5,1
E5,E5:CG,E5:CG:N,E5:CG:N:1,2019-08-04,2,13,12,5,2
E5,E5:CG,E5:CG:N,E5:CG:N:1,2019-08-04,2,23,9,4,4
E5,E5:CG,E5:CG:N,E5:CG:N:2,2019-08-04,12,3,3,6,2
E5,E5:CG,E5:CG:N,E5:CG:N:2,2019-08-04,12,13,40,3,1
E5,E5:CG,E5:CG:N,E5:CG:N:2,2019-08-04,12,23,6,1,2
E5,E5:CG,E5:CG:N,E5:CG:N:3,2019-08-04,14,3,2,0,1
E5,E5:CG,E5:CG:N,E5:CG:N:3,2019-08-04,14,13,63,14,1
E5,E5:CG,E5:CG:N,E5:CG:N:3,2019-08-04,14,23,22,4,1
E5,E5:CG,E5:CG:S,E5:CG:S:1,2019-08-04,12,3,12,4,3
E5,E5:CG,E5:CG:S,E5:CG:S:1,2019-08-04,12,13,13,6,0
E5,E5:CG,E5:CG:S,E5:CG:S:1,2019-08-04,12,23,10,2,0
E5,E5:CG,E5:CG:S,E5:CG:S:2,2019-08-04,8,3,8,1,1
E5,E5:CG,E5:CG:S,E5:CG:S:2,2019-08-04,8,13,16,4,1
E5,E5:CG,E5:CG:S,E5:CG:S:2,2019-08-04,8,23,21,1,0
E5,E5:CG,E5:CG:S,E5:CG:S:3,2019-08-04,NA,3,7,5,0
E5,E5:CG,E5:CG:S,E5:CG:S:3,2019-08-04,NA,13,7,1,0
E5,E5:CG,E5:CG:S,E5:CG:S:3,2019-08-04,NA,23,9,1,0
E5,E5:CH,E5:CH:M,E5:CH:M:1,2019-08-04,8,3,9,7,1
E5,E5:CH,E5:CH:M,E5:CH:M:1,2019-08-04,8,13,41,6,0
E5,E5:CH,E5:CH:M,E5:CH:M:1,2019-08-04,8,23,53,6,0
E5,E5:CH,E5:CH:M,E5:CH:M:2,2019-08-04,19,3,16,4,0
E5,E5:CH,E5:CH:M,E5:CH:M:2,2019-08-04,19,13,26,3,0
E5,E5:CH,E5:CH:M,E5:CH:M:2,2019-08-04,19,23,27,7,0
E5,E5:CH,E5:CH:M,E5:CH:M:3,2019-08-04,12,3,14,4,1
E5,E5:CH,E5:CH:M,E5:CH:M:3,2019-08-04,12,13,10,5,2
E5,E5:CH,E5:CH:M,E5:CH:M:3,2019-08-04,12,23,18,6,1
E5,E5:CH,E5:CH:N,E5:CH:N:1,2019-08-04,17,3,2,3,1
E5,E5:CH,E5:CH:N,E5:CH:N:1,2019-08-04,17,13,1,2,1
E5,E5:CH,E5:CH:N,E5:CH:N:1,2019-08-04,17,23,7,6,1
E5,E5:CH,E5:CH:N,E5:CH:N:2,2019-08-04,12,3,17,7,1
E5,E5:CH,E5:CH:N,E5:CH:N:2,2019-08-04,12,13,26,2,0
E5,E5:CH,E5:CH:N,E5:CH:N:2,2019-08-04,12,23,22,10,6
E5,E5:CH,E5:CH:N,E5:CH:N:3,2019-08-04,18,3,15,3,1
E5,E5:CH,E5:CH:N,E5:CH:N:3,2019-08-04,18,13,53,7,0
E5,E5:CH,E5:CH:N,E5:CH:N:3,2019-08-04,18,23,17,4,9
E5,E5:CH,E5:CH:S,E5:CH:S:1,2019-08-04,7,3,4,6,0
E5,E5:CH,E5:CH:S,E5:CH:S:1,2019-08-04,7,13,39,3,0
E5,E5:CH,E5:CH:S,E5:CH:S:1,2019-08-04,7,23,5,3,1
E5,E5:CH,E5:CH:S,E5:CH:S:2,2019-08-04,20,3,3,3,3
E5,E5:CH,E5:CH:S,E5:CH:S:2,2019-08-04,20,13,103,16,3
E5,E5:CH,E5:CH:S,E5:CH:S:2,2019-08-04,20,23,8,3,4
E5,E5:CH,E5:CH:S,E5:CH:S:3,2019-08-04,5,3,172,53,5
E5,E5:CH,E5:CH:S,E5:CH:S:3,2019-08-04,5,13,19,4,4
E5,E5:CH,E5:CH:S,E5:CH:S:3,2019-08-04,5,23,7,2,1
E5,E5:CN,E5:CN:M,E5:CN:M:1,2019-08-04,3,3,5,4,0
E5,E5:CN,E5:CN:M,E5:CN:M:1,2019-08-04,3,13,5,4,1
E5,E5:CN,E5:CN:M,E5:CN:M:1,2019-08-04,3,23,8,7,0
E5,E5:CN,E5:CN:M,E5:CN:M:2,2019-08-04,12,3,10,4,0
E5,E5:CN,E5:CN:M,E5:CN:M:2,2019-08-04,12,13,12,1,0
E5,E5:CN,E5:CN:M,E5:CN:M:2,2019-08-04,12,23,10,1,0
E5,E5:CN,E5:CN:M,E5:CN:M:3,2019-08-04,3,3,9,1,2
E5,E5:CN,E5:CN:M,E5:CN:M:3,2019-08-04,3,13,1,3,3
E5,E5:CN,E5:CN:M,E5:CN:M:3,2019-08-04,3,23,0,0,1
E5,E5:CN,E5:CN:N,E5:CN:N:1,2019-08-04,2,3,0,2,0
E5,E5:CN,E5:CN:N,E5:CN:N:1,2019-08-04,2,13,17,4,0
E5,E5:CN,E5:CN:N,E5:CN:N:1,2019-08-04,2,23,3,4,3
E5,E5:CN,E5:CN:N,E5:CN:N:2,2019-08-04,4,3,14,1,0
E5,E5:CN,E5:CN:N,E5:CN:N:2,2019-08-04,4,13,51,9,3
E5,E5:CN,E5:CN:N,E5:CN:N:2,2019-08-04,4,23,26,9,1
E5,E5:CN,E5:CN:N,E5:CN:N:3,2019-08-04,4,3,36,4,2
E5,E5:CN,E5:CN:N,E5:CN:N:3,2019-08-04,4,13,25,13,0
E5,E5:CN,E5:CN:N,E5:CN:N:3,2019-08-04,4,23,0,3,0
E5,E5:CN,E5:CN:S,E5:CN:S:1,2019-08-04,4,3,2,0,0
E5,E5:CN,E5:CN:S,E5:CN:S:1,2019-08-04,4,13,38,2,0
E5,E5:CN,E5:CN:S,E5:CN:S:1,2019-08-04,4,23,0,0,0
E5,E5:CN,E5:CN:S,E5:CN:S:2,2019-08-04,8,3,17,4,0
E5,E5:CN,E5:CN:S,E5:CN:S:2,2019-08-04,8,13,0,0,0
E5,E5:CN,E5:CN:S,E5:CN:S:2,2019-08-04,8,23,7,7,2
E5,E5:CN,E5:CN:S,E5:CN:S:3,2019-08-04,6,3,8,9,1
E5,E5:CN,E5:CN:S,E5:CN:S:3,2019-08-04,6,13,12,4,0
E5,E5:CN,E5:CN:S,E5:CN:S:3,2019-08-04,6,23,95,6,1
E5,E5:EG,E5:EG:M,E5:EG:M:1,2019-08-04,9,3,6,3,0
E5,E5:EG,E5:EG:M,E5:EG:M:1,2019-08-04,9,13,28,6,0
E5,E5:EG,E5:EG:M,E5:EG:M:1,2019-08-04,9,23,16,3,0
E5,E5:EG,E5:EG:M,E5:EG:M:2,2019-08-04,10,3,32,6,1
E5,E5:EG,E5:EG:M,E5:EG:M:2,2019-08-04,10,13,31,2,0
E5,E5:EG,E5:EG:M,E5:EG:M:2,2019-08-04,10,23,10,3,1
E5,E5:EG,E5:EG:M,E5:EG:M:3,2019-08-04,13,3,13,6,1
E5,E5:EG,E5:EG:M,E5:EG:M:3,2019-08-04,13,13,26,2,0
E5,E5:EG,E5:EG:M,E5:EG:M:3,2019-08-04,13,23,27,1,1
E5,E5:EG,E5:EG:N,E5:EG:N:1,2019-08-04,13,3,1,7,1
E5,E5:EG,E5:EG:N,E5:EG:N:1,2019-08-04,13,13,10,1,3
E5,E5:EG,E5:EG:N,E5:EG:N:1,2019-08-04,13,23,35,10,2
E5,E5:EG,E5:EG:N,E5:EG:N:2,2019-08-04,7,3,1,0,1
E5,E5:EG,E5:EG:N,E5:EG:N:2,2019-08-04,7,13,7,0,1
E5,E5:EG,E5:EG:N,E5:EG:N:2,2019-08-04,7,23,28,6,1
E5,E5:EG,E5:EG:N,E5:EG:N:3,2019-08-04,9,3,13,7,2
E5,E5:EG,E5:EG:N,E5:EG:N:3,2019-08-04,9,13,6,1,2
E5,E5:EG,E5:EG:N,E5:EG:N:3,2019-08-04,9,23,0,4,2
E5,E5:EG,E5:EG:S,E5:EG:S:1,2019-08-04,8,3,10,7,3
E5,E5:EG,E5:EG:S,E5:EG:S:1,2019-08-04,8,13,18,4,2
E5,E5:EG,E5:EG:S,E5:EG:S:1,2019-08-04,8,23,45,6,1
E5,E5:EG,E5:EG:S,E5:EG:S:2,2019-08-04,8,3,19,7,0
E5,E5:EG,E5:EG:S,E5:EG:S:2,2019-08-04,8,13,4,2,0
E5,E5:EG,E5:EG:S,E5:EG:S:2,2019-08-04,8,23,25,6,4
E5,E5:EG,E5:EG:S,E5:EG:S:3,2019-08-04,16,3,3,9,4
E5,E5:EG,E5:EG:S,E5:EG:S:3,2019-08-04,16,13,12,3,3
E5,E5:EG,E5:EG:S,E5:EG:S:3,2019-08-04,16,23,24,3,1
E5,E5:EH,E5:EH:M,E5:EH:M:1,2019-08-04,6,3,7,1,0
E5,E5:EH,E5:EH:M,E5:EH:M:1,2019-08-04,6,13,19,2,2
E5,E5:EH,E5:EH:M,E5:EH:M:1,2019-08-04,6,23,17,0,1
E5,E5:EH,E5:EH:M,E5:EH:M:2,2019-08-04,4,3,14,4,0
E5,E5:EH,E5:EH:M,E5:EH:M:2,2019-08-04,4,13,7,3,0
E5,E5:EH,E5:EH:M,E5:EH:M:2,2019-08-04,4,23,10,8,4
E5,E5:EH,E5:EH:M,E5:EH:M:3,2019-08-04,6,3,28,3,1
E5,E5:EH,E5:EH:M,E5:EH:M:3,2019-08-04,6,13,29,9,0
E5,E5:EH,E5:EH:M,E5:EH:M:3,2019-08-04,6,23,5,3,0
E5,E5:EH,E5:EH:N,E5:EH:N:1,2019-08-04,2,3,14,11,2
E5,E5:EH,E5:EH:N,E5:EH:N:1,2019-08-04,2,13,9,1,2
E5,E5:EH,E5:EH:N,E5:EH:N:1,2019-08-04,2,23,3,3,1
E5,E5:EH,E5:EH:N,E5:EH:N:2,2019-08-04,2,3,12,9,1
E5,E5:EH,E5:EH:N,E5:EH:N:2,2019-08-04,2,13,9,5,1
E5,E5:EH,E5:EH:N,E5:EH:N:2,2019-08-04,2,23,5,1,4
E5,E5:EH,E5:EH:N,E5:EH:N:3,2019-08-04,4,3,5,3,2
E5,E5:EH,E5:EH:N,E5:EH:N:3,2019-08-04,4,13,3,10,7
E5,E5:EH,E5:EH:N,E5:EH:N:3,2019-08-04,4,23,0,1,1
E5,E5:EH,E5:EH:S,E5:EH:S:1,2019-08-04,3,3,3,5,0
E5,E5:EH,E5:EH:S,E5:EH:S:1,2019-08-04,3,13,14,7,2
E5,E5:EH,E5:EH:S,E5:EH:S:1,2019-08-04,3,23,5,0,2
E5,E5:EH,E5:EH:S,E5:EH:S:2,2019-08-04,12,3,34,9,2
E5,E5:EH,E5:EH:S,E5:EH:S:2,2019-08-04,12,13,4,5,1
E5,E5:EH,E5:EH:S,E5:EH:S:2,2019-08-04,12,23,5,7,4
E5,E5:EH,E5:EH:S,E5:EH:S:3,2019-08-04,7,3,17,6,0
E5,E5:EH,E5:EH:S,E5:EH:S:3,2019-08-04,7,13,2,2,0
E5,E5:EH,E5:EH:S,E5:EH:S:3,2019-08-04,7,23,24,5,1
E5,E5:EN,E5:EN:M,E5:EN:M:1,2019-08-04,2,3,16,7,3
E5,E5:EN,E5:EN:M,E5:EN:M:1,2019-08-04,2,13,12,6,1
E5,E5:EN,E5:EN:M,E5:EN:M:1,2019-08-04,2,23,25,5,3
E5,E5:EN,E5:EN:M,E5:EN:M:2,2019-08-04,6,3,5,5,1
E5,E5:EN,E5:EN:M,E5:EN:M:2,2019-08-04,6,13,17,3,0
E5,E5:EN,E5:EN:M,E5:EN:M:2,2019-08-04,6,23,73,6,1
E5,E5:EN,E5:EN:M,E5:EN:M:3,2019-08-04,10,3,11,3,0
E5,E5:EN,E5:EN:M,E5:EN:M:3,2019-08-04,10,13,15,4,1
E5,E5:EN,E5:EN:M,E5:EN:M:3,2019-08-04,10,23,7,3,1
E5,E5:EN,E5:EN:N,E5:EN:N:1,2019-08-04,4,3,0,0,0
E5,E5:EN,E5:EN:N,E5:EN:N:1,2019-08-04,4,13,0,1,2
E5,E5:EN,E5:EN:N,E5:EN:N:1,2019-08-04,4,23,25,3,0
E5,E5:EN,E5:EN:N,E5:EN:N:2,2019-08-04,2,3,7,7,0
E5,E5:EN,E5:EN:N,E5:EN:N:2,2019-08-04,2,13,10,1,0
E5,E5:EN,E5:EN:N,E5:EN:N:2,2019-08-04,2,23,20,6,0
E5,E5:EN,E5:EN:N,E5:EN:N:3,2019-08-04,12,3,12,4,0
E5,E5:EN,E5:EN:N,E5:EN:N:3,2019-08-04,12,13,27,3,0
E5,E5:EN,E5:EN:N,E5:EN:N:3,2019-08-04,12,23,15,2,0
E5,E5:EN,E5:EN:S,E5:EN:S:1,2019-08-04,6,3,16,4,1
E5,E5:EN,E5:EN:S,E5:EN:S:1,2019-08-04,6,13,1,3,0
E5,E5:EN,E5:EN:S,E5:EN:S:1,2019-08-04,6,23,17,4,0
E5,E5:EN,E5:EN:S,E5:EN:S:2,2019-08-04,4,3,39,2,0
E5,E5:EN,E5:EN:S,E5:EN:S:2,2019-08-04,4,13,2,1,0
E5,E5:EN,E5:EN:S,E5:EN:S:2,2019-08-04,4,23,14,1,0
E5,E5:EN,E5:EN:S,E5:EN:S:3,2019-08-04,7,3,2,0,0
E5,E5:EN,E5:EN:S,E5:EN:S:3,2019-08-04,7,13,14,8,6
E5,E5:EN,E5:EN:S,E5:EN:S:3,2019-08-04,7,23,9,6,0