block,plot,transect,subtransect,date,species,height_cm,condition
E1,E1:CG,E1:CG:M,E1:CG:M:1,2019-07-30,PIPO,20,LIVE
E1,E1:CG,E1:CG:M,E1:CG:M:1,2019-07-30,PILA,10,LIVE
E1,E1:CG,E1:CG:M,E1:CG:M:1,2019-07-30,PIJE,20,LIVE
E1,E1:CG,E1:CG:M,E1:CG:M:1C,2019-07-30,PIPO,NV,LIVE
E1,E1:CG,E1:CG:M,E1:CG:M:1C,2019-07-30,PIPO,NV,LIVE
E1,E1:CG,E1:CG:M,E1:CG:M:1C,2019-07-30,PIPO,NV,LIVE
E1,E1:CG,E1:CG:M,E1:CG:M:2,2019-07-30,PSME,NV,LIVE
E1,E1:CG,E1:CG:M,E1:CG:M:2,2019-07-30,PIJE,NV,LIVE
E1,E1:CG,E1:CG:M,E1:CG:M:2C,2019-07-30,PSME,NV,LIVE
E1,E1:CG,E1:CG:M,E1:CG:M:3,2019-07-30,PSME,20,LIVE
E1,E1:CG,E1:CG:N,E1:CG:N:1,2019-07-30,PIJE,10,LIVE
E1,E1:CG,E1:CG:N,E1:CG:N:1,2019-07-30,PILA,20,LIVE
E1,E1:CG,E1:CG:N,E1:CG:N:1C,2019-07-30,PIPO,10,LIVE
E1,E1:CG,E1:CG:N,E1:CG:N:1C,2019-07-30,PIJE,10,LIVE
E1,E1:CG,E1:CG:N,E1:CG:N:1C,2019-07-30,PIJE,10,LIVE
E1,E1:CG,E1:CG:N,E1:CG:N:2,2019-07-30,PIPO,20,LIVE
E1,E1:CG,E1:CG:N,E1:CG:N:2,2019-07-30,PIJE,20,LIVE
E1,E1:CG,E1:CG:N,E1:CG:N:2,2019-07-30,PIJE,20,LIVE
E1,E1:CG,E1:CG:N,E1:CG:N:2C,2019-07-30,PIJE,20,LIVE
E1,E1:CG,E1:CG:N,E1:CG:N:2C,2019-07-30,PILA,10,LIVE
E1,E1:CG,E1:CG:N,E1:CG:N:2C,2019-07-30,PIJE,20,LIVE
E1,E1:CG,E1:CG:N,E1:CG:N:3,2019-07-30,CADE,20,LIVE
E1,E1:CG,E1:CG:S,E1:CG:S:1,2019-07-30,NONE,NA,NA
E1,E1:CG,E1:CG:S,E1:CG:S:1C,2019-07-30,PIJE,NV,LIVE
E1,E1:CG,E1:CG:S,E1:CG:S:1C,2019-07-30,PIPO,NV,LIVE
E1,E1:CG,E1:CG:S,E1:CG:S:1C,2019-07-30,PIJE,NV,LIVE
E1,E1:CG,E1:CG:S,E1:CG:S:1C,2019-07-30,PIJE,NV,LIVE
E1,E1:CG,E1:CG:S,E1:CG:S:1C,2019-07-30,PIJE,NV,LIVE
E1,E1:CG,E1:CG:S,E1:CG:S:2,2019-07-30,PIPO,10,LIVE
E1,E1:CG,E1:CG:S,E1:CG:S:2,2019-07-30,PSME,10,LIVE
E1,E1:CG,E1:CG:S,E1:CG:S:2C,2019-07-30,PSME,NV,LIVE
E1,E1:CG,E1:CG:S,E1:CG:S:2C,2019-07-30,PSME,NV,LIVE
E1,E1:CG,E1:CG:S,E1:CG:S:2C,2019-07-30,PIPO,NV,LIVE
E1,E1:CG,E1:CG:S,E1:CG:S:2C,2019-07-30,PSME,NV,LIVE
E1,E1:CG,E1:CG:S,E1:CG:S:2C,2019-07-30,PSME,NV,LIVE
E1,E1:CG,E1:CG:S,E1:CG:S:3,2019-07-30,PIPO,10,LIVE
E1,E1:CH,E1:CH:M,E1:CH:M:1,2019-07-29,PSME,10,LIVE
E1,E1:CH,E1:CH:M,E1:CH:M:1C,2019-07-29,PIJE,10,LIVE
E1,E1:CH,E1:CH:M,E1:CH:M:1C,2019-07-29,PIJE,10,LIVE
E1,E1:CH,E1:CH:M,E1:CH:M:1C,2019-07-29,PIPO,10,DEAD
E1,E1:CH,E1:CH:M,E1:CH:M:1C,2019-07-29,PILA,10,LIVE
E1,E1:CH,E1:CH:M,E1:CH:M:1C,2019-07-29,PSME,10,LIVE
E1,E1:CH,E1:CH:M,E1:CH:M:2,2019-07-29,PIPO,20,LIVE
E1,E1:CH,E1:CH:M,E1:CH:M:2,2019-07-29,PIPO,20,LIVE
E1,E1:CH,E1:CH:M,E1:CH:M:2,2019-07-29,PSME,10,LIVE
E1,E1:CH,E1:CH:M,E1:CH:M:2C,2019-07-29,PILA,10,LIVE
E1,E1:CH,E1:CH:M,E1:CH:M:2C,2019-07-29,PIJE,10,LIVE
E1,E1:CH,E1:CH:M,E1:CH:M:2C,2019-07-29,PIPO,10,LIVE
E1,E1:CH,E1:CH:M,E1:CH:M:3,2019-07-29,PSME,20,LIVE
E1,E1:CH,E1:CH:N,E1:CH:N:1,2019-07-29,PIPO,20,LIVE
E1,E1:CH,E1:CH:N,E1:CH:N:1,2019-07-29,PIJE,20,LIVE
E1,E1:CH,E1:CH:N,E1:CH:N:1,2019-07-29,PILA,20,LIVE
E1,E1:CH,E1:CH:N,E1:CH:N:1C,2019-07-29,PILA,20,LIVE
E1,E1:CH,E1:CH:N,E1:CH:N:2,2019-07-29,NONE,NA,NA
E1,E1:CH,E1:CH:N,E1:CH:N:2C,2019-07-29,NV,NV,NA
E1,E1:CH,E1:CH:N,E1:CH:N:3,2019-07-29,PSME,20,LIVE
E1,E1:CH,E1:CH:N,E1:CH:N:3,2019-07-29,PSME,20,LIVE
E1,E1:CH,E1:CH:N,E1:CH:N:3,2019-07-29,PSME,10,LIVE
E1,E1:CH,E1:CH:S,E1:CH:S:1,2019-07-30,PIPO,10,LIVE
E1,E1:CH,E1:CH:S,E1:CH:S:1,2019-07-30,PIPO,10,LIVE
E1,E1:CH,E1:CH:S,E1:CH:S:1,2019-07-30,PSME,10,LIVE
E1,E1:CH,E1:CH:S,E1:CH:S:1,2019-07-30,PIPO,10,LIVE
E1,E1:CH,E1:CH:S,E1:CH:S:1C,2019-07-30,PIPO,10,LIVE
E1,E1:CH,E1:CH:S,E1:CH:S:1C,2019-07-30,PIPO,10,LIVE
E1,E1:CH,E1:CH:S,E1:CH:S:2,2019-07-30,PIPO,NV,LIVE
E1,E1:CH,E1:CH:S,E1:CH:S:2,2019-07-30,PIJE,NV,LIVE
E1,E1:CH,E1:CH:S,E1:CH:S:2,2019-07-30,PIPO,20,LIVE
E1,E1:CH,E1:CH:S,E1:CH:S:2C,2019-07-30,NONE,NA,NA
E1,E1:CH,E1:CH:S,E1:CH:S:3,2019-07-30,PSME,NV,LIVE
E1,E1:CH,E1:CH:S,E1:CH:S:3,2019-07-30,PIPO,NV,LIVE
E1,E1:CN,E1:CN:M,E1:CN:M:1,2019-07-30,PIPO,20,LIVE
E1,E1:CN,E1:CN:M,E1:CN:M:1,2019-07-30,PIPO,10,LIVE
E1,E1:CN,E1:CN:M,E1:CN:M:1C,2019-07-30,PIPO,NV,LIVE
E1,E1:CN,E1:CN:M,E1:CN:M:1C,2019-07-30,PIPO,NV,LIVE
E1,E1:CN,E1:CN:M,E1:CN:M:1C,2019-07-30,PIJE,NV,LIVE
E1,E1:CN,E1:CN:M,E1:CN:M:1C,2019-07-30,PIJE,NV,LIVE
E1,E1:CN,E1:CN:M,E1:CN:M:1C,2019-07-30,PIJE,NV,LIVE
E1,E1:CN,E1:CN:M,E1:CN:M:2,2019-07-30,PIPO,20,LIVE
E1,E1:CN,E1:CN:M,E1:CN:M:2,2019-07-30,PIPO,20,LIVE
E1,E1:CN,E1:CN:M,E1:CN:M:2,2019-07-30,PIJE,20,LIVE
E1,E1:CN,E1:CN:M,E1:CN:M:2C,2019-07-30,PIPO,NV,LIVE
E1,E1:CN,E1:CN:M,E1:CN:M:2C,2019-07-30,PIPO,NV,LIVE
E1,E1:CN,E1:CN:M,E1:CN:M:2C,2019-07-30,PIJE,NV,LIVE
E1,E1:CN,E1:CN:M,E1:CN:M:2C,2019-07-30,PIJE,NV,LIVE
E1,E1:CN,E1:CN:M,E1:CN:M:2C,2019-07-30,PIJE,NV,LIVE
E1,E1:CN,E1:CN:M,E1:CN:M:3,2019-07-30,PIPO,20,LIVE
E1,E1:CN,E1:CN:M,E1:CN:M:3,2019-07-30,PIPO,20,LIVE
E1,E1:CN,E1:CN:M,E1:CN:M:3,2019-07-30,PIPO,20,LIVE
E1,E1:CN,E1:CN:N,E1:CN:N:1,2019-07-30,PIPO,10,LIVE
E1,E1:CN,E1:CN:N,E1:CN:N:1,2019-07-30,PIPO,10,LIVE
E1,E1:CN,E1:CN:N,E1:CN:N:1,2019-07-30,PIPO,10,LIVE
E1,E1:CN,E1:CN:N,E1:CN:N:1,2019-07-30,PIPO,10,LIVE
E1,E1:CN,E1:CN:N,E1:CN:N:1C,2019-07-30,PIPO,10,LIVE
E1,E1:CN,E1:CN:N,E1:CN:N:1C,2019-07-30,PIPO,10,LIVE
E1,E1:CN,E1:CN:N,E1:CN:N:1C,2019-07-30,PIPO,10,LIVE
E1,E1:CN,E1:CN:N,E1:CN:N:2,2019-07-30,PIPO,NV,LIVE
E1,E1:CN,E1:CN:N,E1:CN:N:2,2019-07-30,PIPO,NV,LIVE
E1,E1:CN,E1:CN:N,E1:CN:N:2C,2019-07-30,PIPO,10,LIVE
E1,E1:CN,E1:CN:N,E1:CN:N:2C,2019-07-30,PIPO,10,LIVE
E1,E1:CN,E1:CN:N,E1:CN:N:2C,2019-07-30,PIPO,10,LIVE
E1,E1:CN,E1:CN:N,E1:CN:N:2C,2019-07-30,PIPO,NV,LIVE
E1,E1:CN,E1:CN:N,E1:CN:N:2C,2019-07-30,PIPO,NV,LIVE
E1,E1:CN,E1:CN:N,E1:CN:N:3,2019-07-30,PIPO,10,LIVE
E1,E1:CN,E1:CN:N,E1:CN:N:3,2019-07-30,PIJE,10,LIVE
E1,E1:CN,E1:CN:S,E1:CN:S:1,2019-07-30,PILA,10,LIVE
E1,E1:CN,E1:CN:S,E1:CN:S:1,2019-07-30,PIPO,10,LIVE
E1,E1:CN,E1:CN:S,E1:CN:S:1,2019-07-30,PSME,10,LIVE
E1,E1:CN,E1:CN:S,E1:CN:S:1,2019-07-30,PILA,10,LIVE
E1,E1:CN,E1:CN:S,E1:CN:S:1C,2019-07-30,PILA,10,LIVE
E1,E1:CN,E1:CN:S,E1:CN:S:1C,2019-07-30,PILA,20,LIVE
E1,E1:CN,E1:CN:S,E1:CN:S:1C,2019-07-30,PILA,10,LIVE
E1,E1:CN,E1:CN:S,E1:CN:S:1C,2019-07-30,PILA,20,LIVE
E1,E1:CN,E1:CN:S,E1:CN:S:2,2019-07-30,PIJE,20,LIVE
E1,E1:CN,E1:CN:S,E1:CN:S:2,2019-07-30,PIPO,20,LIVE
E1,E1:CN,E1:CN:S,E1:CN:S:2,2019-07-30,PIPO,20,LIVE
E1,E1:CN,E1:CN:S,E1:CN:S:2,2019-07-30,PSME,20,LIVE
E1,E1:CN,E1:CN:S,E1:CN:S:2C,2019-07-30,PIPO,20,LIVE
E1,E1:CN,E1:CN:S,E1:CN:S:2C,2019-07-30,PIPO,20,LIVE
E1,E1:CN,E1:CN:S,E1:CN:S:2C,2019-07-30,PIJE,10,LIVE
E1,E1:CN,E1:CN:S,E1:CN:S:2C,2019-07-30,PIPO,20,LIVE
E1,E1:CN,E1:CN:S,E1:CN:S:2C,2019-07-30,PIJE,20,LIVE
E1,E1:CN,E1:CN:S,E1:CN:S:3,2019-07-30,PIJE,20,LIVE
E1,E1:CN,E1:CN:S,E1:CN:S:3,2019-07-30,PIJE,20,LIVE
E1,E1:CN,E1:CN:S,E1:CN:S:3,2019-07-30,CADE,10,LIVE
E1,E1:CN,E1:CN:S,E1:CN:S:3,2019-07-30,PIPO,20,LIVE
E1,E1:CN,E1:CN:S,E1:CN:S:3,2019-07-30,PIPO,20,LIVE
E1,E1:EG,E1:EG:M,E1:EG:M:1,2019-07-30,PIPO,20,LIVE
E1,E1:EG,E1:EG:M,E1:EG:M:1,2019-07-30,PIJE,20,LIVE
E1,E1:EG,E1:EG:M,E1:EG:M:1,2019-07-30,PIPO,20,LIVE
E1,E1:EG,E1:EG:M,E1:EG:M:1,2019-07-30,PILA,10,LIVE
E1,E1:EG,E1:EG:M,E1:EG:M:1,2019-07-30,PIJE,20,LIVE
E1,E1:EG,E1:EG:M,E1:EG:M:1C,2019-07-30,PILA,10,LIVE
E1,E1:EG,E1:EG:M,E1:EG:M:1C,2019-07-30,PIJE,20,LIVE
E1,E1:EG,E1:EG:M,E1:EG:M:1C,2019-07-30,PILA,10,LIVE
E1,E1:EG,E1:EG:M,E1:EG:M:1C,2019-07-30,PIJE,20,LIVE
E1,E1:EG,E1:EG:M,E1:EG:M:1C,2019-07-30,PIJE,20,LIVE
E1,E1:EG,E1:EG:M,E1:EG:M:2,2019-07-30,PIPO,20,LIVE
E1,E1:EG,E1:EG:M,E1:EG:M:2,2019-07-30,PIPO,20,LIVE
E1,E1:EG,E1:EG:M,E1:EG:M:2,2019-07-30,PIJE,10,LIVE
E1,E1:EG,E1:EG:M,E1:EG:M:2C,2019-07-30,PILA,20,LIVE
E1,E1:EG,E1:EG:M,E1:EG:M:2C,2019-07-30,PILA,10,LIVE
E1,E1:EG,E1:EG:M,E1:EG:M:2C,2019-07-30,PIPO,20,LIVE
E1,E1:EG,E1:EG:M,E1:EG:M:2C,2019-07-30,PIPO,20,LIVE
E1,E1:EG,E1:EG:M,E1:EG:M:2C,2019-07-30,PIJE,20,LIVE
E1,E1:EG,E1:EG:M,E1:EG:M:2C,2019-07-30,PIJE,20,LIVE
E1,E1:EG,E1:EG:M,E1:EG:M:3,2019-07-30,PIJE,10,LIVE
E1,E1:EG,E1:EG:M,E1:EG:M:3,2019-07-30,PILA,10,LIVE
E1,E1:EG,E1:EG:N,E1:EG:N:1,2019-07-30,PIJE,10,LIVE
E1,E1:EG,E1:EG:N,E1:EG:N:1,2019-07-30,PSME,10,LIVE
E1,E1:EG,E1:EG:N,E1:EG:N:1C,2019-07-30,PILA,NV,LIVE
E1,E1:EG,E1:EG:N,E1:EG:N:1C,2019-07-30,PILA,NV,LIVE
E1,E1:EG,E1:EG:N,E1:EG:N:1C,2019-07-30,PILA,NV,LIVE
E1,E1:EG,E1:EG:N,E1:EG:N:1C,2019-07-30,PSME,NV,LIVE
E1,E1:EG,E1:EG:N,E1:EG:N:1C,2019-07-30,CADE,NV,LIVE
E1,E1:EG,E1:EG:N,E1:EG:N:2,2019-07-30,PILA,10,LIVE
E1,E1:EG,E1:EG:N,E1:EG:N:2,2019-07-30,PIJE,10,LIVE
E1,E1:EG,E1:EG:N,E1:EG:N:2,2019-07-30,PIPO,10,LIVE
E1,E1:EG,E1:EG:N,E1:EG:N:2,2019-07-30,PIPO,10,LIVE
E1,E1:EG,E1:EG:N,E1:EG:N:2C,2019-07-30,PIPO,NV,LIVE
E1,E1:EG,E1:EG:N,E1:EG:N:2C,2019-07-30,PIPO,NV,LIVE
E1,E1:EG,E1:EG:N,E1:EG:N:2C,2019-07-30,PIPO,NV,LIVE
E1,E1:EG,E1:EG:N,E1:EG:N:2C,2019-07-30,PIJE,NV,LIVE
E1,E1:EG,E1:EG:N,E1:EG:N:2C,2019-07-30,PIJE,NV,LIVE
E1,E1:EG,E1:EG:N,E1:EG:N:2C,2019-07-30,PIPO,NV,LIVE
E1,E1:EG,E1:EG:N,E1:EG:N:3,2019-07-30,PIPO,10,LIVE
E1,E1:EG,E1:EG:S,E1:EG:S:1,2019-07-30,PIPO,10,LIVE
E1,E1:EG,E1:EG:S,E1:EG:S:1,2019-07-30,PSME,10,LIVE
E1,E1:EG,E1:EG:S,E1:EG:S:1,2019-07-30,PIJE,10,LIVE
E1,E1:EG,E1:EG:S,E1:EG:S:1C,2019-07-30,PIJE,NV,LIVE
E1,E1:EG,E1:EG:S,E1:EG:S:1C,2019-07-30,PIJE,NV,LIVE
E1,E1:EG,E1:EG:S,E1:EG:S:1C,2019-07-30,PIJE,NV,LIVE
E1,E1:EG,E1:EG:S,E1:EG:S:1C,2019-07-30,PSME,NV,LIVE
E1,E1:EG,E1:EG:S,E1:EG:S:2,2019-07-30,PIJE,NV,LIVE
E1,E1:EG,E1:EG:S,E1:EG:S:2,2019-07-30,PILA,NV,LIVE
E1,E1:EG,E1:EG:S,E1:EG:S:2,2019-07-30,PSME,NV,LIVE
E1,E1:EG,E1:EG:S,E1:EG:S:2,2019-07-30,PIJE,NV,LIVE
E1,E1:EG,E1:EG:S,E1:EG:S:2C,2019-07-30,PIJE,NV,LIVE
E1,E1:EG,E1:EG:S,E1:EG:S:2C,2019-07-30,PIJE,NV,LIVE
E1,E1:EG,E1:EG:S,E1:EG:S:2C,2019-07-30,PIJE,NV,LIVE
E1,E1:EG,E1:EG:S,E1:EG:S:2C,2019-07-30,PIJE,NV,LIVE
E1,E1:EG,E1:EG:S,E1:EG:S:2C,2019-07-30,PIJE,NV,LIVE
E1,E1:EG,E1:EG:S,E1:EG:S:2C,2019-07-30,PIPO,NV,LIVE
E1,E1:EG,E1:EG:S,E1:EG:S:3,2019-07-30,PIPO,10,LIVE
E1,E1:EG,E1:EG:S,E1:EG:S:3,2019-07-30,PIJE,10,LIVE
E1,E1:EG,E1:EG:S,E1:EG:S:3,2019-07-30,PIJE,10,LIVE
E1,E1:EH,E1:EH:M,E1:EH:M:1,2019-07-30,PIJE,20,LIVE
E1,E1:EH,E1:EH:M,E1:EH:M:1C,2019-07-30,PIJE,NV,LIVE
E1,E1:EH,E1:EH:M,E1:EH:M:1C,2019-07-30,PIJE,NV,LIVE
E1,E1:EH,E1:EH:M,E1:EH:M:1C,2019-07-30,PIPO,NV,LIVE
E1,E1:EH,E1:EH:M,E1:EH:M:1C,2019-07-30,PIPO,NV,LIVE
E1,E1:EH,E1:EH:M,E1:EH:M:2,2019-07-30,PIPO,20,DEAD
E1,E1:EH,E1:EH:M,E1:EH:M:2,2019-07-30,PIJE,20,LIVE
E1,E1:EH,E1:EH:M,E1:EH:M:2,2019-07-30,PIPO,20,LIVE
E1,E1:EH,E1:EH:M,E1:EH:M:2C,2019-07-30,PILA,NV,LIVE
E1,E1:EH,E1:EH:M,E1:EH:M:2C,2019-07-30,PILA,NV,LIVE
E1,E1:EH,E1:EH:M,E1:EH:M:2C,2019-07-30,PSME,NV,DYING
E1,E1:EH,E1:EH:M,E1:EH:M:2C,2019-07-30,PIPO,NV,DEAD
E1,E1:EH,E1:EH:M,E1:EH:M:3,2019-07-30,PSME,20,DEAD
E1,E1:EH,E1:EH:M,E1:EH:M:3,2019-07-30,PILA,10,LIVE
E1,E1:EH,E1:EH:N,E1:EH:N:1,2019-07-30,NONE,NA,NA
E1,E1:EH,E1:EH:N,E1:EH:N:1C,2019-07-30,NONE,NA,NA
E1,E1:EH,E1:EH:N,E1:EH:N:2,2019-07-30,PIPO,10,LIVE
E1,E1:EH,E1:EH:N,E1:EH:N:2,2019-07-30,PIPO,10,LIVE
E1,E1:EH,E1:EH:N,E1:EH:N:2,2019-07-30,PIPO,10,LIVE
E1,E1:EH,E1:EH:N,E1:EH:N:2,2019-07-30,PIPO,10,LIVE
E1,E1:EH,E1:EH:N,E1:EH:N:2C,2019-07-30,PIJE,NV,LIVE
E1,E1:EH,E1:EH:N,E1:EH:N:2C,2019-07-30,PIPO,NV,LIVE
E1,E1:EH,E1:EH:N,E1:EH:N:2C,2019-07-30,PIJE,NV,LIVE
E1,E1:EH,E1:EH:N,E1:EH:N:2C,2019-07-30,PIPO,NV,LIVE
E1,E1:EH,E1:EH:N,E1:EH:N:2C,2019-07-30,PIPO,NV,LIVE
E1,E1:EH,E1:EH:N,E1:EH:N:3,2019-07-30,PILA,10,LIVE
E1,E1:EH,E1:EH:N,E1:EH:N:3,2019-07-30,PILA,10,LIVE
E1,E1:EH,E1:EH:N,E1:EH:N:3,2019-07-30,PILA,NV,LIVE
E1,E1:EH,E1:EH:S,E1:EH:S:1,2019-07-30,PIJE,20,LIVE
E1,E1:EH,E1:EH:S,E1:EH:S:1,2019-07-30,PILA,10,LIVE
E1,E1:EH,E1:EH:S,E1:EH:S:1,2019-07-30,PIJE,20,LIVE
E1,E1:EH,E1:EH:S,E1:EH:S:1,2019-07-30,PIJE,20,LIVE
E1,E1:EH,E1:EH:S,E1:EH:S:1C,2019-07-30,CADE,10,LIVE
E1,E1:EH,E1:EH:S,E1:EH:S:1C,2019-07-30,PIJE,20,LIVE
E1,E1:EH,E1:EH:S,E1:EH:S:1C,2019-07-30,CADE,10,LIVE
E1,E1:EH,E1:EH:S,E1:EH:S:2,2019-07-30,PIJE,20,LIVE
E1,E1:EH,E1:EH:S,E1:EH:S:2,2019-07-30,PIPO,20,LIVE
E1,E1:EH,E1:EH:S,E1:EH:S:2,2019-07-30,PIPO,20,LIVE
E1,E1:EH,E1:EH:S,E1:EH:S:2,2019-07-30,PIPO,20,LIVE
E1,E1:EH,E1:EH:S,E1:EH:S:2,2019-07-30,PIJE,20,LIVE
E1,E1:EH,E1:EH:S,E1:EH:S:2C,2019-07-30,PIJE,20,LIVE
E1,E1:EH,E1:EH:S,E1:EH:S:2C,2019-07-30,PI-,20,DEAD
E1,E1:EH,E1:EH:S,E1:EH:S:2C,2019-07-30,PI-,10,DEAD
E1,E1:EH,E1:EH:S,E1:EH:S:2C,2019-07-30,PIJE,10,LIVE
E1,E1:EH,E1:EH:S,E1:EH:S:2C,2019-07-30,PILA,10,DEAD
E1,E1:EH,E1:EH:S,E1:EH:S:3,2019-07-30,PIJE,20,LIVE
E1,E1:EH,E1:EH:S,E1:EH:S:3,2019-07-30,PILA,10,LIVE
E1,E1:EN,E1:EN:M,E1:EN:M:1,2019-07-30,PIPO,20,LIVE
E1,E1:EN,E1:EN:M,E1:EN:M:1,2019-07-30,PIPO,20,LIVE
E1,E1:EN,E1:EN:M,E1:EN:M:1C,2019-07-30,PIJE,NV,LIVE
E1,E1:EN,E1:EN:M,E1:EN:M:1C,2019-07-30,PILA,NV,LIVE
E1,E1:EN,E1:EN:M,E1:EN:M:1C,2019-07-30,PIPO,NV,LIVE
E1,E1:EN,E1:EN:M,E1:EN:M:1C,2019-07-30,PIPO,NV,LIVE
E1,E1:EN,E1:EN:M,E1:EN:M:1C,2019-07-30,PIPO,NV,LIVE
E1,E1:EN,E1:EN:M,E1:EN:M:1C,2019-07-30,PIPO,NV,LIVE
E1,E1:EN,E1:EN:M,E1:EN:M:2,2019-07-30,PSME,10,LIVE
E1,E1:EN,E1:EN:M,E1:EN:M:2,2019-07-30,PIJE,20,LIVE
E1,E1:EN,E1:EN:M,E1:EN:M:2C,2019-07-30,PIJE,NV,LIVE
E1,E1:EN,E1:EN:M,E1:EN:M:2C,2019-07-30,PIJE,NV,LIVE
E1,E1:EN,E1:EN:M,E1:EN:M:2C,2019-07-30,PILA,NV,LIVE
E1,E1:EN,E1:EN:M,E1:EN:M:2C,2019-07-30,PSME,NV,DEAD
E1,E1:EN,E1:EN:M,E1:EN:M:2C,2019-07-30,PSME,NV,DEAD
E1,E1:EN,E1:EN:M,E1:EN:M:2C,2019-07-30,PIJE,NV,LIVE
E1,E1:EN,E1:EN:M,E1:EN:M:3,2019-07-30,PSME,20,DEAD
E1,E1:EN,E1:EN:N,E1:EN:N:1,2019-07-30,PIPO,10,LIVE
E1,E1:EN,E1:EN:N,E1:EN:N:1,2019-07-30,PIJE,10,LIVE
E1,E1:EN,E1:EN:N,E1:EN:N:1C,2019-07-30,PIPO,10,LIVE
E1,E1:EN,E1:EN:N,E1:EN:N:1C,2019-07-30,PIPO,10,LIVE
E1,E1:EN,E1:EN:N,E1:EN:N:1C,2019-07-30,PIJE,10,LIVE
E1,E1:EN,E1:EN:N,E1:EN:N:1C,2019-07-30,PSME,10,LIVE
E1,E1:EN,E1:EN:N,E1:EN:N:2,2019-07-30,PIPO,10,LIVE
E1,E1:EN,E1:EN:N,E1:EN:N:2C,2019-07-30,PSME,NV,LIVE
E1,E1:EN,E1:EN:N,E1:EN:N:2C,2019-07-30,PIPO,NV,LIVE
E1,E1:EN,E1:EN:N,E1:EN:N:2C,2019-07-30,PIPO,NV,LIVE
E1,E1:EN,E1:EN:N,E1:EN:N:2C,2019-07-30,PIJE,NV,LIVE
E1,E1:EN,E1:EN:N,E1:EN:N:3,2019-07-30,PSME,10,LIVE
E1,E1:EN,E1:EN:N,E1:EN:N:3,2019-07-30,PIPO,10,LIVE
E1,E1:EN,E1:EN:N,E1:EN:N:3,2019-07-30,PIJE,10,LIVE
E1,E1:EN,E1:EN:N,E1:EN:N:3,2019-07-30,PIJE,10,LIVE
E1,E1:EN,E1:EN:S,E1:EN:S:1,2019-07-30,PSME,10,DEAD
E1,E1:EN,E1:EN:S,E1:EN:S:1,2019-07-30,PIPO,10,LIVE
E1,E1:EN,E1:EN:S,E1:EN:S:1,2019-07-30,PILA,10,LIVE
E1,E1:EN,E1:EN:S,E1:EN:S:1,2019-07-30,PIJE,10,LIVE
E1,E1:EN,E1:EN:S,E1:EN:S:1C,2019-07-30,PIJE,10,LIVE
E1,E1:EN,E1:EN:S,E1:EN:S:1C,2019-07-30,PIPO,20,LIVE
E1,E1:EN,E1:EN:S,E1:EN:S:1C,2019-07-30,PIJE,20,LIVE
E1,E1:EN,E1:EN:S,E1:EN:S:1C,2019-07-30,PIPO,20,LIVE
E1,E1:EN,E1:EN:S,E1:EN:S:1C,2019-07-30,PSME,10,DEAD
E1,E1:EN,E1:EN:S,E1:EN:S:2,2019-07-30,PIPO,10,LIVE
E1,E1:EN,E1:EN:S,E1:EN:S:2,2019-07-30,PIPO,10,LIVE
E1,E1:EN,E1:EN:S,E1:EN:S:2,2019-07-30,CADE,10,LIVE
E1,E1:EN,E1:EN:S,E1:EN:S:2C,2019-07-30,CADE,10,LIVE
E1,E1:EN,E1:EN:S,E1:EN:S:2C,2019-07-30,PIPO,10,LIVE
E1,E1:EN,E1:EN:S,E1:EN:S:3,2019-07-30,NONE,NA,NA
E2,E2:CG,E2:CG:M,E2:CG:M:1,2019-07-31,PIJE,20,LIVE
E2,E2:CG,E2:CG:M,E2:CG:M:1,2019-07-31,PIJE,20,LIVE
E2,E2:CG,E2:CG:M,E2:CG:M:1,2019-07-31,PIPO,20,LIVE
E2,E2:CG,E2:CG:M,E2:CG:M:1C,2019-07-31,PIJE,20,LIVE
E2,E2:CG,E2:CG:M,E2:CG:M:1C,2019-07-31,PIJE,20,LIVE
E2,E2:CG,E2:CG:M,E2:CG:M:1C,2019-07-31,PIJE,20,LIVE
E2,E2:CG,E2:CG:M,E2:CG:M:1C,2019-07-31,PIJE,20,LIVE
E2,E2:CG,E2:CG:M,E2:CG:M:1C,2019-07-31,PIJE,20,LIVE
E2,E2:CG,E2:CG:M,E2:CG:M:2,2019-07-31,PIPO,10,LIVE
E2,E2:CG,E2:CG:M,E2:CG:M:2,2019-07-31,PIPO,10,LIVE
E2,E2:CG,E2:CG:M,E2:CG:M:2,2019-07-31,PIPO,10,LIVE
E2,E2:CG,E2:CG:M,E2:CG:M:2,2019-07-31,PILA,10,LIVE
E2,E2:CG,E2:CG:M,E2:CG:M:2,2019-07-31,PIJE,20,LIVE
E2,E2:CG,E2:CG:M,E2:CG:M:2C,2019-07-31,PIPO,10,LIVE
E2,E2:CG,E2:CG:M,E2:CG:M:2C,2019-07-31,CADE,10,LIVE
E2,E2:CG,E2:CG:M,E2:CG:M:2C,2019-07-31,CADE,10,LIVE
E2,E2:CG,E2:CG:M,E2:CG:M:2C,2019-07-31,PIJE,20,LIVE
E2,E2:CG,E2:CG:M,E2:CG:M:2C,2019-07-31,PIJE,20,LIVE
E2,E2:CG,E2:CG:M,E2:CG:M:3,2019-07-31,PIPO,10,LIVE
E2,E2:CG,E2:CG:M,E2:CG:M:3,2019-07-31,PSME,20,LIVE
E2,E2:CG,E2:CG:M,E2:CG:M:3,2019-07-31,PILA,10,LIVE
E2,E2:CG,E2:CG:M,E2:CG:M:3,2019-07-31,CADE,10,LIVE
E2,E2:CG,E2:CG:N,E2:CG:N:1,2019-07-31,PSME,10,LIVE
E2,E2:CG,E2:CG:N,E2:CG:N:1,2019-07-31,PIPO,20,LIVE
E2,E2:CG,E2:CG:N,E2:CG:N:1,2019-07-31,PIJE,10,LIVE
E2,E2:CG,E2:CG:N,E2:CG:N:1C,2019-07-31,PIJE,NV,LIVE
E2,E2:CG,E2:CG:N,E2:CG:N:1C,2019-07-31,PIPO,NV,LIVE
E2,E2:CG,E2:CG:N,E2:CG:N:1C,2019-07-31,PIPO,NV,LIVE
E2,E2:CG,E2:CG:N,E2:CG:N:1C,2019-07-31,PIPO,NV,LIVE
E2,E2:CG,E2:CG:N,E2:CG:N:2,2019-07-31,PIJE,20,LIVE
E2,E2:CG,E2:CG:N,E2:CG:N:2C,2019-07-31,PIJE,NV,LIVE
E2,E2:CG,E2:CG:N,E2:CG:N:2C,2019-07-31,PIJE,NV,LIVE
E2,E2:CG,E2:CG:N,E2:CG:N:2C,2019-07-31,PIJE,NV,LIVE
E2,E2:CG,E2:CG:N,E2:CG:N:3,2019-07-31,PSME,10,LIVE
E2,E2:CG,E2:CG:N,E2:CG:N:3,2019-07-31,PSME,20,LIVE
E2,E2:CG,E2:CG:S,E2:CG:S:1,2019-07-31,PIJE,10,LIVE
E2,E2:CG,E2:CG:S,E2:CG:S:1,2019-07-31,PIJE,10,LIVE
E2,E2:CG,E2:CG:S,E2:CG:S:1C,2019-07-31,NONE,NA,NA
E2,E2:CG,E2:CG:S,E2:CG:S:2,2019-07-31,PIJE,10,LIVE
E2,E2:CG,E2:CG:S,E2:CG:S:2,2019-07-31,PIPO,10,LIVE
E2,E2:CG,E2:CG:S,E2:CG:S:2,2019-07-31,PIJE,10,LIVE
E2,E2:CG,E2:CG:S,E2:CG:S:2,2019-07-31,PIJE,10,LIVE
E2,E2:CG,E2:CG:S,E2:CG:S:2,2019-07-31,PIJE,10,LIVE
E2,E2:CG,E2:CG:S,E2:CG:S:2,2019-07-31,PIJE,10,LIVE
E2,E2:CG,E2:CG:S,E2:CG:S:2C,2019-07-31,PIPO,NV,LIVE
E2,E2:CG,E2:CG:S,E2:CG:S:2C,2019-07-31,PIPO,NV,LIVE
E2,E2:CG,E2:CG:S,E2:CG:S:2C,2019-07-31,PILA,NV,LIVE
E2,E2:CG,E2:CG:S,E2:CG:S:2C,2019-07-31,PSME,NV,LIVE
E2,E2:CG,E2:CG:S,E2:CG:S:2C,2019-07-31,PIPO,NV,LIVE
E2,E2:CG,E2:CG:S,E2:CG:S:2C,2019-07-31,PIPO,NV,LIVE
E2,E2:CG,E2:CG:S,E2:CG:S:3,2019-07-31,PIPO,10,LIVE
E2,E2:CG,E2:CG:S,E2:CG:S:3,2019-07-31,PIPO,10,LIVE
E2,E2:CG,E2:CG:S,E2:CG:S:3,2019-07-31,PIJE,10,LIVE
E2,E2:CG,E2:CG:S,E2:CG:S:3,2019-07-31,PSME,10,LIVE
E2,E2:CG,E2:CG:S,E2:CG:S:3,2019-07-31,PSME,10,LIVE
E2,E2:CH,E2:CH:M,E2:CH:M:1,2019-07-31,PSME,20,LIVE
E2,E2:CH,E2:CH:M,E2:CH:M:1,2019-07-31,PIJE,10,LIVE
E2,E2:CH,E2:CH:M,E2:CH:M:1,2019-07-31,PIJE,10,LIVE
E2,E2:CH,E2:CH:M,E2:CH:M:1,2019-07-31,PIJE,30,LIVE
E2,E2:CH,E2:CH:M,E2:CH:M:1C,2019-07-31,CADE,10,LIVE
E2,E2:CH,E2:CH:M,E2:CH:M:1C,2019-07-31,PSME,20,LIVE
E2,E2:CH,E2:CH:M,E2:CH:M:1C,2019-07-31,CADE,10,LIVE
E2,E2:CH,E2:CH:M,E2:CH:M:1C,2019-07-31,CADE,10,LIVE
E2,E2:CH,E2:CH:M,E2:CH:M:1C,2019-07-31,PIJE,10,LIVE
E2,E2:CH,E2:CH:M,E2:CH:M:2,2019-07-31,PSME,20,LIVE
E2,E2:CH,E2:CH:M,E2:CH:M:2,2019-07-31,CADE,20,LIVE
E2,E2:CH,E2:CH:M,E2:CH:M:2C,2019-07-31,PSME,20,LIVE
E2,E2:CH,E2:CH:M,E2:CH:M:2C,2019-07-31,PSME,20,LIVE
E2,E2:CH,E2:CH:M,E2:CH:M:3,2019-07-31,PIJE,20,LIVE
E2,E2:CH,E2:CH:M,E2:CH:M:3,2019-07-31,PIJE,20,LIVE
E2,E2:CH,E2:CH:M,E2:CH:M:3,2019-07-31,PIJE,20,LIVE
E2,E2:CH,E2:CH:N,E2:CH:N:1,2019-07-31,PIPO,10,LIVE
E2,E2:CH,E2:CH:N,E2:CH:N:1,2019-07-31,PIPO,20,LIVE
E2,E2:CH,E2:CH:N,E2:CH:N:1,2019-07-31,PIJE,10,LIVE
E2,E2:CH,E2:CH:N,E2:CH:N:1,2019-07-31,PIPO,10,LIVE
E2,E2:CH,E2:CH:N,E2:CH:N:1C,2019-07-31,PIJE,NV,LIVE
E2,E2:CH,E2:CH:N,E2:CH:N:1C,2019-07-31,PIPO,NV,LIVE
E2,E2:CH,E2:CH:N,E2:CH:N:1C,2019-07-31,PIJE,NV,LIVE
E2,E2:CH,E2:CH:N,E2:CH:N:1C,2019-07-31,PIJE,NV,LIVE
E2,E2:CH,E2:CH:N,E2:CH:N:1C,2019-07-31,PIJE,NV,LIVE
E2,E2:CH,E2:CH:N,E2:CH:N:1C,2019-07-31,PIPO,NV,LIVE
E2,E2:CH,E2:CH:N,E2:CH:N:2,2019-07-31,PIPO,10,LIVE
E2,E2:CH,E2:CH:N,E2:CH:N:2,2019-07-31,PILA,10,LIVE
E2,E2:CH,E2:CH:N,E2:CH:N:2,2019-07-31,PIPO,10,LIVE
E2,E2:CH,E2:CH:N,E2:CH:N:2,2019-07-31,PIPO,10,LIVE
E2,E2:CH,E2:CH:N,E2:CH:N:2C,2019-07-31,PIJE,NV,LIVE
E2,E2:CH,E2:CH:N,E2:CH:N:2C,2019-07-31,PILA,NV,LIVE
E2,E2:CH,E2:CH:N,E2:CH:N:2C,2019-07-31,PIPO,NV,LIVE
E2,E2:CH,E2:CH:N,E2:CH:N:2C,2019-07-31,PILA,NV,LIVE
E2,E2:CH,E2:CH:N,E2:CH:N:2C,2019-07-31,PIJE,NV,LIVE
E2,E2:CH,E2:CH:N,E2:CH:N:3,2019-07-31,PSME,NV,LIVE
E2,E2:CH,E2:CH:S,E2:CH:S:1,2019-07-31,PIPO,20,LIVE
E2,E2:CH,E2:CH:S,E2:CH:S:1,2019-07-31,PIPO,10,DYING
E2,E2:CH,E2:CH:S,E2:CH:S:1,2019-07-31,PIPO,20,LIVE
E2,E2:CH,E2:CH:S,E2:CH:S:1,2019-07-31,PIJE,30,LIVE
E2,E2:CH,E2:CH:S,E2:CH:S:1C,2019-07-31,PSME,NV,DYING
E2,E2:CH,E2:CH:S,E2:CH:S:1C,2019-07-31,PIJE,NV,LIVE
E2,E2:CH,E2:CH:S,E2:CH:S:1C,2019-07-31,PIJE,NV,DYING
E2,E2:CH,E2:CH:S,E2:CH:S:1C,2019-07-31,PIJE,NV,LIVE
E2,E2:CH,E2:CH:S,E2:CH:S:1C,2019-07-31,PIJE,NV,LIVE
E2,E2:CH,E2:CH:S,E2:CH:S:2,2019-07-31,PIPO,20,LIVE
E2,E2:CH,E2:CH:S,E2:CH:S:2,2019-07-31,PIJE,10,LIVE
E2,E2:CH,E2:CH:S,E2:CH:S:2,2019-07-31,PIJE,10,LIVE
E2,E2:CH,E2:CH:S,E2:CH:S:2,2019-07-31,PIJE,10,LIVE
E2,E2:CH,E2:CH:S,E2:CH:S:2C,2019-07-31,PIJE,NV,LIVE
E2,E2:CH,E2:CH:S,E2:CH:S:2C,2019-07-31,PIJE,NV,LIVE
E2,E2:CH,E2:CH:S,E2:CH:S:2C,2019-07-31,PIJE,NV,LIVE
E2,E2:CH,E2:CH:S,E2:CH:S:2C,2019-07-31,PIPO,NV,LIVE
E2,E2:CH,E2:CH:S,E2:CH:S:2C,2019-07-31,PIPO,NV,LIVE
E2,E2:CH,E2:CH:S,E2:CH:S:2C,2019-07-31,PIJE,NV,LIVE
E2,E2:CH,E2:CH:S,E2:CH:S:3,2019-07-31,PIJE,20,LIVE
E2,E2:CH,E2:CH:S,E2:CH:S:3,2019-07-31,PIJE,20,LIVE
E2,E2:CH,E2:CH:S,E2:CH:S:3,2019-07-31,PIJE,10,LIVE
E2,E2:CN,E2:CN:M,E2:CN:M:1,2019-07-31,PILA,10,LIVE
E2,E2:CN,E2:CN:M,E2:CN:M:1,2019-07-31,PILA,10,LIVE
E2,E2:CN,E2:CN:M,E2:CN:M:1,2019-07-31,PIPO,10,LIVE
E2,E2:CN,E2:CN:M,E2:CN:M:1,2019-07-31,PILA,10,LIVE
E2,E2:CN,E2:CN:M,E2:CN:M:1C,2019-07-31,PIPO,20,LIVE
E2,E2:CN,E2:CN:M,E2:CN:M:2,2019-07-31,PIPO,20,LIVE
E2,E2:CN,E2:CN:M,E2:CN:M:2,2019-07-31,PIJE,10,LIVE
E2,E2:CN,E2:CN:M,E2:CN:M:2,2019-07-31,PIJE,10,LIVE
E2,E2:CN,E2:CN:M,E2:CN:M:2,2019-07-31,PIPO,10,LIVE
E2,E2:CN,E2:CN:M,E2:CN:M:2C,2019-07-31,PIJE,20,LIVE
E2,E2:CN,E2:CN:M,E2:CN:M:2C,2019-07-31,PIJE,20,LIVE
E2,E2:CN,E2:CN:M,E2:CN:M:2C,2019-07-31,PIJE,20,LIVE
E2,E2:CN,E2:CN:M,E2:CN:M:2C,2019-07-31,PIJE,20,LIVE
E2,E2:CN,E2:CN:M,E2:CN:M:3,2019-07-31,PSME,20,LIVE
E2,E2:CN,E2:CN:N,E2:CN:N:1,2019-07-31,PIPO,10,LIVE
E2,E2:CN,E2:CN:N,E2:CN:N:1,2019-07-31,PIJE,10,LIVE
E2,E2:CN,E2:CN:N,E2:CN:N:1,2019-07-31,PIPO,10,LIVE
E2,E2:CN,E2:CN:N,E2:CN:N:1,2019-07-31,PIPO,10,LIVE
E2,E2:CN,E2:CN:N,E2:CN:N:1C,2019-07-31,PIPO,NV,LIVE
E2,E2:CN,E2:CN:N,E2:CN:N:1C,2019-07-31,PIJE,NV,LIVE
E2,E2:CN,E2:CN:N,E2:CN:N:1C,2019-07-31,PIPO,NV,LIVE
E2,E2:CN,E2:CN:N,E2:CN:N:1C,2019-07-31,PIJE,NV,LIVE
E2,E2:CN,E2:CN:N,E2:CN:N:1C,2019-07-31,PIPO,NV,LIVE
E2,E2:CN,E2:CN:N,E2:CN:N:1C,2019-07-31,PIPO,NV,LIVE
E2,E2:CN,E2:CN:N,E2:CN:N:2,2019-07-31,PIPO,10,LIVE
E2,E2:CN,E2:CN:N,E2:CN:N:2,2019-07-31,PSME,10,LIVE
E2,E2:CN,E2:CN:N,E2:CN:N:2,2019-07-31,PIPO,10,LIVE
E2,E2:CN,E2:CN:N,E2:CN:N:2,2019-07-31,PIPO,10,LIVE
E2,E2:CN,E2:CN:N,E2:CN:N:2,2019-07-31,PIPO,10,LIVE
E2,E2:CN,E2:CN:N,E2:CN:N:2C,2019-07-31,PSME,NV,LIVE
E2,E2:CN,E2:CN:N,E2:CN:N:2C,2019-07-31,PSME,NV,LIVE
E2,E2:CN,E2:CN:N,E2:CN:N:2C,2019-07-31,PIPO,NV,LIVE
E2,E2:CN,E2:CN:N,E2:CN:N:2C,2019-07-31,PIPO,NV,LIVE
E2,E2:CN,E2:CN:N,E2:CN:N:3,2019-07-31,PSME,10,LIVE
E2,E2:CN,E2:CN:S,E2:CN:S:1,2019-07-31,PILA,10,LIVE
E2,E2:CN,E2:CN:S,E2:CN:S:1,2019-07-31,PSME,20,LIVE
E2,E2:CN,E2:CN:S,E2:CN:S:1,2019-07-31,PIJE,125,NR
E2,E2:CN,E2:CN:S,E2:CN:S:1,2019-07-31,PILA,10,LIVE
E2,E2:CN,E2:CN:S,E2:CN:S:1,2019-07-31,PSME,20,LIVE
E2,E2:CN,E2:CN:S,E2:CN:S:1,2019-07-31,PIPO,20,LIVE
E2,E2:CN,E2:CN:S,E2:CN:S:1C,2019-07-31,PSME,NV,LIVE
E2,E2:CN,E2:CN:S,E2:CN:S:1C,2019-07-31,PILA,NV,LIVE
E2,E2:CN,E2:CN:S,E2:CN:S:1C,2019-07-31,PSME,NV,LIVE
E2,E2:CN,E2:CN:S,E2:CN:S:1C,2019-07-31,PILA,NV,LIVE
E2,E2:CN,E2:CN:S,E2:CN:S:1C,2019-07-31,PILA,NV,LIVE
E2,E2:CN,E2:CN:S,E2:CN:S:2,2019-07-31,PSME,20,LIVE
E2,E2:CN,E2:CN:S,E2:CN:S:2,2019-07-31,PIPO,20,NONE
E2,E2:CN,E2:CN:S,E2:CN:S:2C,2019-07-31,NV,NV,NA
E2,E2:CN,E2:CN:S,E2:CN:S:3,2019-07-31,NONE,NA,NA
E2,E2:EG,E2:EG:M,E2:EG:M:1,2019-07-31,PSME,10,LIVE
E2,E2:EG,E2:EG:M,E2:EG:M:1,2019-07-31,PIJE,10,LIVE
E2,E2:EG,E2:EG:M,E2:EG:M:1C,2019-07-31,PIJE,NV,LIVE
E2,E2:EG,E2:EG:M,E2:EG:M:1C,2019-07-31,PIPO,NV,LIVE
E2,E2:EG,E2:EG:M,E2:EG:M:1C,2019-07-31,PIJE,NV,LIVE
E2,E2:EG,E2:EG:M,E2:EG:M:1C,2019-07-31,PIPO,NV,LIVE
E2,E2:EG,E2:EG:M,E2:EG:M:1C,2019-07-31,PIPO,NV,LIVE
E2,E2:EG,E2:EG:M,E2:EG:M:2,2019-07-31,PIJE,10,LIVE
E2,E2:EG,E2:EG:M,E2:EG:M:2C,2019-07-31,PIPO,NV,LIVE
E2,E2:EG,E2:EG:M,E2:EG:M:2C,2019-07-31,PILA,NV,LIVE
E2,E2:EG,E2:EG:M,E2:EG:M:2C,2019-07-31,PIPO,NV,LIVE
E2,E2:EG,E2:EG:M,E2:EG:M:2C,2019-07-31,PIPO,NV,LIVE
E2,E2:EG,E2:EG:M,E2:EG:M:2C,2019-07-31,PIPO,NV,LIVE
E2,E2:EG,E2:EG:M,E2:EG:M:3,2019-07-31,PILA,10,LIVE
E2,E2:EG,E2:EG:N,E2:EG:N:1,2019-07-31,PILA,10,LIVE
E2,E2:EG,E2:EG:N,E2:EG:N:1,2019-07-31,PIPO,0,DEAD
E2,E2:EG,E2:EG:N,E2:EG:N:1,2019-07-31,PIPO,20,LIVE
E2,E2:EG,E2:EG:N,E2:EG:N:1,2019-07-31,PIPO,20,LIVE
E2,E2:EG,E2:EG:N,E2:EG:N:1,2019-07-31,PSME,20,LIVE
E2,E2:EG,E2:EG:N,E2:EG:N:1,2019-07-31,PILA,20,LIVE
E2,E2:EG,E2:EG:N,E2:EG:N:1C,2019-07-31,PIPO,NV,LIVE
E2,E2:EG,E2:EG:N,E2:EG:N:1C,2019-07-31,PIJE,NV,LIVE
E2,E2:EG,E2:EG:N,E2:EG:N:1C,2019-07-31,PIPO,NV,LIVE
E2,E2:EG,E2:EG:N,E2:EG:N:1C,2019-07-31,PIPO,NV,LIVE
E2,E2:EG,E2:EG:N,E2:EG:N:2,2019-07-31,PSME,20,LIVE
E2,E2:EG,E2:EG:N,E2:EG:N:2,2019-07-31,PIJE,20,LIVE
E2,E2:EG,E2:EG:N,E2:EG:N:2,2019-07-31,PIJE,20,LIVE
E2,E2:EG,E2:EG:N,E2:EG:N:2,2019-07-31,PILA,10,LIVE
E2,E2:EG,E2:EG:N,E2:EG:N:2C,2019-07-31,PILA,NV,LIVE
E2,E2:EG,E2:EG:N,E2:EG:N:2C,2019-07-31,PILA,NV,LIVE
E2,E2:EG,E2:EG:N,E2:EG:N:2C,2019-07-31,PILA,NV,LIVE
E2,E2:EG,E2:EG:N,E2:EG:N:2C,2019-07-31,CADE,NV,LIVE
E2,E2:EG,E2:EG:N,E2:EG:N:2C,2019-07-31,CADE,NV,LIVE
E2,E2:EG,E2:EG:N,E2:EG:N:3,2019-07-31,PIPO,20,LIVE
E2,E2:EG,E2:EG:N,E2:EG:N:3,2019-07-31,PIPO,10,LIVE
E2,E2:EG,E2:EG:S,E2:EG:S:1,2019-07-31,PIJE,30,LIVE
E2,E2:EG,E2:EG:S,E2:EG:S:1C,2019-07-31,PIJE,20,LIVE
E2,E2:EG,E2:EG:S,E2:EG:S:1C,2019-07-31,PIJE,10,LIVE
E2,E2:EG,E2:EG:S,E2:EG:S:1C,2019-07-31,PIJE,20,LIVE
E2,E2:EG,E2:EG:S,E2:EG:S:2,2019-07-31,PIJE,20,LIVE
E2,E2:EG,E2:EG:S,E2:EG:S:2,2019-07-31,PIPO,20,LIVE
E2,E2:EG,E2:EG:S,E2:EG:S:2C,2019-07-31,PIJE,20,LIVE
E2,E2:EG,E2:EG:S,E2:EG:S:2C,2019-07-31,PSME,30,LIVE
E2,E2:EG,E2:EG:S,E2:EG:S:2C,2019-07-31,PSME,20,LIVE
E2,E2:EG,E2:EG:S,E2:EG:S:2C,2019-07-31,PSME,20,LIVE
E2,E2:EG,E2:EG:S,E2:EG:S:2C,2019-07-31,PIJE,10,LIVE
E2,E2:EG,E2:EG:S,E2:EG:S:3,2019-07-31,PIJE,20,LIVE
E2,E2:EG,E2:EG:S,E2:EG:S:3,2019-07-31,PSME,10,LIVE
E2,E2:EG,E2:EG:S,E2:EG:S:3,2019-07-31,PSME,20,LIVE
E2,E2:EH,E2:EH:M,E2:EH:M:1,2019-07-31,PSME,20,LIVE
E2,E2:EH,E2:EH:M,E2:EH:M:1,2019-07-31,PILA,20,LIVE
E2,E2:EH,E2:EH:M,E2:EH:M:1C,2019-07-31,PSME,20,LIVE
E2,E2:EH,E2:EH:M,E2:EH:M:1C,2019-07-31,PSME,20,LIVE
E2,E2:EH,E2:EH:M,E2:EH:M:1C,2019-07-31,PIPO,10,LIVE
E2,E2:EH,E2:EH:M,E2:EH:M:1C,2019-07-31,PIPO,10,LIVE
E2,E2:EH,E2:EH:M,E2:EH:M:1C,2019-07-31,PSME,30,LIVE
E2,E2:EH,E2:EH:M,E2:EH:M:1C,2019-07-31,PSME,5,NR
E2,E2:EH,E2:EH:M,E2:EH:M:2,2019-07-31,PIPO,20,LIVE
E2,E2:EH,E2:EH:M,E2:EH:M:2,2019-07-31,PIPO,20,LIVE
E2,E2:EH,E2:EH:M,E2:EH:M:2,2019-07-31,PIPO,110,NR
E2,E2:EH,E2:EH:M,E2:EH:M:2,2019-07-31,PIPO,100,NR
E2,E2:EH,E2:EH:M,E2:EH:M:2,2019-07-31,PIPO,20,LIVE
E2,E2:EH,E2:EH:M,E2:EH:M:2,2019-07-31,PIPO,0,LIVE
E2,E2:EH,E2:EH:M,E2:EH:M:2C,2019-07-31,PIPO,20,LIVE
E2,E2:EH,E2:EH:M,E2:EH:M:2C,2019-07-31,PIJE,20,LIVE
E2,E2:EH,E2:EH:M,E2:EH:M:2C,2019-07-31,PIPO,20,LIVE
E2,E2:EH,E2:EH:M,E2:EH:M:2C,2019-07-31,PIPO,20,LIVE
E2,E2:EH,E2:EH:M,E2:EH:M:2C,2019-07-31,PSME,20,LIVE
E2,E2:EH,E2:EH:M,E2:EH:M:3,2019-07-31,NV,NV,NA
E2,E2:EH,E2:EH:N,E2:EH:N:1,2019-07-31,PILA,10,LIVE
E2,E2:EH,E2:EH:N,E2:EH:N:1,2019-07-31,PIPO,10,LIVE
E2,E2:EH,E2:EH:N,E2:EH:N:1,2019-07-31,PIJE,10,LIVE
E2,E2:EH,E2:EH:N,E2:EH:N:1C,2019-07-31,PILA,NV,LIVE
E2,E2:EH,E2:EH:N,E2:EH:N:1C,2019-07-31,PILA,NV,LIVE
E2,E2:EH,E2:EH:N,E2:EH:N:2,2019-07-31,PIPO,10,LIVE
E2,E2:EH,E2:EH:N,E2:EH:N:2,2019-07-31,PSME,10,LIVE
E2,E2:EH,E2:EH:N,E2:EH:N:2,2019-07-31,PIPO,10,LIVE
E2,E2:EH,E2:EH:N,E2:EH:N:2C,2019-07-31,PSME,NV,LIVE
E2,E2:EH,E2:EH:N,E2:EH:N:2C,2019-07-31,PIPO,NV,LIVE
E2,E2:EH,E2:EH:N,E2:EH:N:2C,2019-07-31,PIPO,NV,LIVE
E2,E2:EH,E2:EH:N,E2:EH:N:2C,2019-07-31,PIPO,NV,LIVE
E2,E2:EH,E2:EH:N,E2:EH:N:3,2019-07-31,PIPO,10,LIVE
E2,E2:EH,E2:EH:N,E2:EH:N:3,2019-07-31,PIPO,10,LIVE
E2,E2:EH,E2:EH:N,E2:EH:N:3,2019-07-31,PIPO,10,LIVE
E2,E2:EH,E2:EH:N,E2:EH:N:3,2019-07-31,PIJE,NV,LIVE
E2,E2:EH,E2:EH:N,E2:EH:N:3,2019-07-31,PIPO,NV,LIVE
E2,E2:EH,E2:EH:S,E2:EH:S:1,2019-07-31,PIPO,20,LIVE
E2,E2:EH,E2:EH:S,E2:EH:S:1,2019-07-31,CADE,10,LIVE
E2,E2:EH,E2:EH:S,E2:EH:S:1,2019-07-31,PIJE,NV,LIVE
E2,E2:EH,E2:EH:S,E2:EH:S:1C,2019-07-31,PSME,NV,LIVE
E2,E2:EH,E2:EH:S,E2:EH:S:1C,2019-07-31,PSME,NV,LIVE
E2,E2:EH,E2:EH:S,E2:EH:S:1C,2019-07-31,PIJE,NV,LIVE
E2,E2:EH,E2:EH:S,E2:EH:S:1C,2019-07-31,PIJE,NV,LIVE
E2,E2:EH,E2:EH:S,E2:EH:S:2,2019-07-31,ABCO,20,DEAD
E2,E2:EH,E2:EH:S,E2:EH:S:2,2019-07-31,PIJE,10,DEAD
E2,E2:EH,E2:EH:S,E2:EH:S:2,2019-07-31,PIPO,10,DEAD
E2,E2:EH,E2:EH:S,E2:EH:S:2C,2019-07-31,PIPO,NV,LIVE
E2,E2:EH,E2:EH:S,E2:EH:S:2C,2019-07-31,PSME,NV,LIVE
E2,E2:EH,E2:EH:S,E2:EH:S:2C,2019-07-31,PSME,NV,LIVE
E2,E2:EH,E2:EH:S,E2:EH:S:2C,2019-07-31,PIPO,NV,LIVE
E2,E2:EH,E2:EH:S,E2:EH:S:3,2019-07-31,PIPO,0,LIVE
E2,E2:EH,E2:EH:S,E2:EH:S:3,2019-07-31,PSME,20,LIVE
E2,E2:EH,E2:EH:S,E2:EH:S:3,2019-07-31,PIJE,20,LIVE
E2,E2:EH,E2:EH:S,E2:EH:S:3,2019-07-31,PIJE,20,LIVE
E2,E2:EH,E2:EH:S,E2:EH:S:3,2019-07-31,PSME,20,LIVE
E2,E2:EH,E2:EH:S,E2:EH:S:3,2019-07-31,PIJE,10,LIVE
E2,E2:EH,E2:EH:S,E2:EH:S:3,2019-07-31,PIJE,20,LIVE
E2,E2:EN,E2:EN:M,E2:EN:M:1,2019-07-31,PIPO,10,LIVE
E2,E2:EN,E2:EN:M,E2:EN:M:1,2019-07-31,PSME,10,LIVE
E2,E2:EN,E2:EN:M,E2:EN:M:1,2019-07-31,PIJE,130,NR
E2,E2:EN,E2:EN:M,E2:EN:M:1C,2019-07-31,PIPO,NV,LIVE
E2,E2:EN,E2:EN:M,E2:EN:M:1C,2019-07-31,PIJE,NV,LIVE
E2,E2:EN,E2:EN:M,E2:EN:M:2,2019-07-31,PIJE,10,LIVE
E2,E2:EN,E2:EN:M,E2:EN:M:2,2019-07-31,PSME,10,LIVE
E2,E2:EN,E2:EN:M,E2:EN:M:2,2019-07-31,PIPO,10,LIVE
E2,E2:EN,E2:EN:M,E2:EN:M:2,2019-07-31,PIPO,10,LIVE
E2,E2:EN,E2:EN:M,E2:EN:M:2C,2019-07-31,PIPO,NV,LIVE
E2,E2:EN,E2:EN:M,E2:EN:M:2C,2019-07-31,PIJE,NV,LIVE
E2,E2:EN,E2:EN:M,E2:EN:M:2C,2019-07-31,PIPO,NV,LIVE
E2,E2:EN,E2:EN:M,E2:EN:M:2C,2019-07-31,PIPO,NV,LIVE
E2,E2:EN,E2:EN:M,E2:EN:M:3,2019-07-31,PIPO,10,LIVE
E2,E2:EN,E2:EN:M,E2:EN:M:3,2019-07-31,PILA,10,LIVE
E2,E2:EN,E2:EN:M,E2:EN:M:3,2019-07-31,PIPO,10,LIVE
E2,E2:EN,E2:EN:N,E2:EN:N:1,2019-07-31,PIJE,20,LIVE
E2,E2:EN,E2:EN:N,E2:EN:N:1,2019-07-31,PIJE,20,LIVE
E2,E2:EN,E2:EN:N,E2:EN:N:1C,2019-07-31,PIJE,20,LIVE
E2,E2:EN,E2:EN:N,E2:EN:N:1C,2019-07-31,PIJE,20,LIVE
E2,E2:EN,E2:EN:N,E2:EN:N:1C,2019-07-31,PIJE,20,LIVE
E2,E2:EN,E2:EN:N,E2:EN:N:2,2019-07-31,PIPO,20,LIVE
E2,E2:EN,E2:EN:N,E2:EN:N:2,2019-07-31,PIJE,20,LIVE
E2,E2:EN,E2:EN:N,E2:EN:N:2,2019-07-31,PIPO,20,LIVE
E2,E2:EN,E2:EN:N,E2:EN:N:2,2019-07-31,PIJE,20,LIVE
E2,E2:EN,E2:EN:N,E2:EN:N:2C,2019-07-31,PIPO,20,LIVE
E2,E2:EN,E2:EN:N,E2:EN:N:2C,2019-07-31,PIPO,20,LIVE
E2,E2:EN,E2:EN:N,E2:EN:N:3,2019-07-31,PIPO,20,LIVE
E2,E2:EN,E2:EN:N,E2:EN:N:3,2019-07-31,PIJE,10,LIVE
E2,E2:EN,E2:EN:S,E2:EN:S:1,2019-07-31,PSME,10,DEAD
E2,E2:EN,E2:EN:S,E2:EN:S:1,2019-07-31,PIPO,0,LIVE
E2,E2:EN,E2:EN:S,E2:EN:S:1C,2019-07-31,PIJE,NV,LIVE
E2,E2:EN,E2:EN:S,E2:EN:S:1C,2019-07-31,PIPO,NV,LIVE
E2,E2:EN,E2:EN:S,E2:EN:S:1C,2019-07-31,PIJE,NV,LIVE
E2,E2:EN,E2:EN:S,E2:EN:S:1C,2019-07-31,PIJE,NV,LIVE
E2,E2:EN,E2:EN:S,E2:EN:S:1C,2019-07-31,CADE,NV,LIVE
E2,E2:EN,E2:EN:S,E2:EN:S:2,2019-07-31,NONE,NA,NA
E2,E2:EN,E2:EN:S,E2:EN:S:2C,2019-07-31,PIPO,NV,LIVE
E2,E2:EN,E2:EN:S,E2:EN:S:2C,2019-07-31,PIPO,NV,LIVE
E2,E2:EN,E2:EN:S,E2:EN:S:2C,2019-07-31,PIPO,NV,LIVE
E2,E2:EN,E2:EN:S,E2:EN:S:2C,2019-07-31,PIPO,NV,LIVE
E2,E2:EN,E2:EN:S,E2:EN:S:3,2019-07-31,PIJE,NV,LIVE
E3,E3:CG,E3:CG:M,E3:CG:M:1,2019-08-01,NONE,NA,NA
E3,E3:CG,E3:CG:M,E3:CG:M:1C,2019-08-01,PIJE,20,LIVE
E3,E3:CG,E3:CG:M,E3:CG:M:1C,2019-08-01,PIJE,10,LIVE
E3,E3:CG,E3:CG:M,E3:CG:M:2,2019-08-01,PIJE,20,LIVE
E3,E3:CG,E3:CG:M,E3:CG:M:2,2019-08-01,PIJE,20,LIVE
E3,E3:CG,E3:CG:M,E3:CG:M:2,2019-08-01,PIJE,20,LIVE
E3,E3:CG,E3:CG:M,E3:CG:M:2C,2019-08-01,NONE,NA,NA
E3,E3:CG,E3:CG:M,E3:CG:M:3,2019-08-01,NONE,NA,NA
E3,E3:CG,E3:CG:N,E3:CG:N:1,2019-08-01,NONE,NA,NA
E3,E3:CG,E3:CG:N,E3:CG:N:1C,2019-08-01,NONE,NA,NA
E3,E3:CG,E3:CG:N,E3:CG:N:2,2019-08-01,PIPO,10,LIVE
E3,E3:CG,E3:CG:N,E3:CG:N:2,2019-08-01,PILA,10,LIVE
E3,E3:CG,E3:CG:N,E3:CG:N:2C,2019-08-01,PIPO,NV,LIVE
E3,E3:CG,E3:CG:N,E3:CG:N:2C,2019-08-01,PIJE,NV,LIVE
E3,E3:CG,E3:CG:N,E3:CG:N:2C,2019-08-01,PILA,NV,LIVE
E3,E3:CG,E3:CG:N,E3:CG:N:2C,2019-08-01,PILA,NV,LIVE
E3,E3:CG,E3:CG:N,E3:CG:N:3,2019-08-01,PIPO,10,LIVE
E3,E3:CG,E3:CG:N,E3:CG:N:3,2019-08-01,PIJE,10,LIVE
E3,E3:CG,E3:CG:N,E3:CG:N:3,2019-08-01,PIPO,10,LIVE
E3,E3:CG,E3:CG:N,E3:CG:N:3,2019-08-01,PILA,10,LIVE
E3,E3:CG,E3:CG:N,E3:CG:N:3,2019-08-01,PILA,10,LIVE
E3,E3:CG,E3:CG:S,E3:CG:S:1,2019-08-01,PIPO,20,LIVE
E3,E3:CG,E3:CG:S,E3:CG:S:1,2019-08-01,PIJE,0,LIVE
E3,E3:CG,E3:CG:S,E3:CG:S:1C,2019-08-01,PIJE,NV,LIVE
E3,E3:CG,E3:CG:S,E3:CG:S:1C,2019-08-01,PIJE,NV,LIVE
E3,E3:CG,E3:CG:S,E3:CG:S:1C,2019-08-01,PIJE,NV,LIVE
E3,E3:CG,E3:CG:S,E3:CG:S:1C,2019-08-01,PIPO,NV,LIVE
E3,E3:CG,E3:CG:S,E3:CG:S:1C,2019-08-01,PIPO,NV,LIVE
E3,E3:CG,E3:CG:S,E3:CG:S:2,2019-08-01,PIPO,80,NR
E3,E3:CG,E3:CG:S,E3:CG:S:2C,2019-08-01,PIJE,NV,LIVE
E3,E3:CG,E3:CG:S,E3:CG:S:2C,2019-08-01,PSME,NV,LIVE
E3,E3:CG,E3:CG:S,E3:CG:S:2C,2019-08-01,PSME,NV,LIVE
E3,E3:CG,E3:CG:S,E3:CG:S:2C,2019-08-01,PSME,NV,LIVE
E3,E3:CG,E3:CG:S,E3:CG:S:3,2019-08-01,PSME,20,LIVE
E3,E3:CH,E3:CH:M,E3:CH:M:1,2019-08-01,PILA,10,LIVE
E3,E3:CH,E3:CH:M,E3:CH:M:1,2019-08-01,PIJE,20,LIVE
E3,E3:CH,E3:CH:M,E3:CH:M:1,2019-08-01,PSME,20,LIVE
E3,E3:CH,E3:CH:M,E3:CH:M:1,2019-08-01,PIJE,20,LIVE
E3,E3:CH,E3:CH:M,E3:CH:M:1C,2019-08-01,PIPO,80,NR
E3,E3:CH,E3:CH:M,E3:CH:M:1C,2019-08-01,PIJE,20,LIVE
E3,E3:CH,E3:CH:M,E3:CH:M:1C,2019-08-01,PIPO,20,LIVE
E3,E3:CH,E3:CH:M,E3:CH:M:1C,2019-08-01,PILA,10,LIVE
E3,E3:CH,E3:CH:M,E3:CH:M:2,2019-08-01,PILA,10,LIVE
E3,E3:CH,E3:CH:M,E3:CH:M:2,2019-08-01,PIJE,20,LIVE
E3,E3:CH,E3:CH:M,E3:CH:M:2,2019-08-01,PIJE,20,LIVE
E3,E3:CH,E3:CH:M,E3:CH:M:2,2019-08-01,PIJE,20,LIVE
E3,E3:CH,E3:CH:M,E3:CH:M:2,2019-08-01,PIPO,80,NR
E3,E3:CH,E3:CH:M,E3:CH:M:2C,2019-08-01,PILA,10,LIVE
E3,E3:CH,E3:CH:M,E3:CH:M:2C,2019-08-01,CADE,20,LIVE
E3,E3:CH,E3:CH:M,E3:CH:M:2C,2019-08-01,CADE,20,LIVE
E3,E3:CH,E3:CH:M,E3:CH:M:2C,2019-08-01,PIJE,20,LIVE
E3,E3:CH,E3:CH:M,E3:CH:M:2C,2019-08-01,CADE,20,LIVE
E3,E3:CH,E3:CH:M,E3:CH:M:3,2019-08-01,PSME,20,LIVE
E3,E3:CH,E3:CH:M,E3:CH:M:3,2019-08-01,PSME,20,LIVE
E3,E3:CH,E3:CH:M,E3:CH:M:3,2019-08-01,CADE,20,LIVE
E3,E3:CH,E3:CH:M,E3:CH:M:3,2019-08-01,CADE,20,LIVE
E3,E3:CH,E3:CH:N,E3:CH:N:1,2019-08-01,PIJE,10,LIVE
E3,E3:CH,E3:CH:N,E3:CH:N:1,2019-08-01,PIJE,20,LIVE
E3,E3:CH,E3:CH:N,E3:CH:N:1,2019-08-01,PIPO,20,LIVE
E3,E3:CH,E3:CH:N,E3:CH:N:1C,2019-08-01,PIJE,NV,LIVE
E3,E3:CH,E3:CH:N,E3:CH:N:1C,2019-08-01,PIJE,NV,LIVE
E3,E3:CH,E3:CH:N,E3:CH:N:1C,2019-08-01,PIJE,NV,LIVE
E3,E3:CH,E3:CH:N,E3:CH:N:1C,2019-08-01,PIJE,NV,LIVE
E3,E3:CH,E3:CH:N,E3:CH:N:1C,2019-08-01,PIJE,NV,DYING
E3,E3:CH,E3:CH:N,E3:CH:N:1C,2019-08-01,PIJE,NV,LIVE
E3,E3:CH,E3:CH:N,E3:CH:N:1C,2019-08-01,PIJE,NV,LIVE
E3,E3:CH,E3:CH:N,E3:CH:N:2,2019-08-01,PIJE,170,NR
E3,E3:CH,E3:CH:N,E3:CH:N:2,2019-08-01,PIJE,20,LIVE
E3,E3:CH,E3:CH:N,E3:CH:N:2,2019-08-01,PIJE,20,LIVE
E3,E3:CH,E3:CH:N,E3:CH:N:2C,2019-08-01,PIJE,NV,LIVE
E3,E3:CH,E3:CH:N,E3:CH:N:2C,2019-08-01,PIJE,NV,LIVE
E3,E3:CH,E3:CH:N,E3:CH:N:2C,2019-08-01,PIJE,NV,LIVE
E3,E3:CH,E3:CH:N,E3:CH:N:2C,2019-08-01,PIJE,NV,LIVE
E3,E3:CH,E3:CH:N,E3:CH:N:3,2019-08-01,PIPO,10,LIVE
E3,E3:CH,E3:CH:N,E3:CH:N:3,2019-08-01,PIPO,10,LIVE
E3,E3:CH,E3:CH:N,E3:CH:N:3,2019-08-01,PIJE,20,LIVE
E3,E3:CH,E3:CH:S,E3:CH:S:1,2019-08-01,PIJE,10,LIVE
E3,E3:CH,E3:CH:S,E3:CH:S:1,2019-08-01,PIPO,10,LIVE
E3,E3:CH,E3:CH:S,E3:CH:S:1C,2019-08-01,PIJE,NV,LIVE
E3,E3:CH,E3:CH:S,E3:CH:S:1C,2019-08-01,PIJE,NV,LIVE
E3,E3:CH,E3:CH:S,E3:CH:S:1C,2019-08-01,PIJE,NV,LIVE
E3,E3:CH,E3:CH:S,E3:CH:S:1C,2019-08-01,PSME,NV,LIVE
E3,E3:CH,E3:CH:S,E3:CH:S:1C,2019-08-01,PIPO,NV,LIVE
E3,E3:CH,E3:CH:S,E3:CH:S:2,2019-08-01,PIJE,230,NR
E3,E3:CH,E3:CH:S,E3:CH:S:2,2019-08-01,PIPO,175,NR
E3,E3:CH,E3:CH:S,E3:CH:S:2,2019-08-01,PIPO,182,NR
E3,E3:CH,E3:CH:S,E3:CH:S:2,2019-08-01,PIPO,189,NR
E3,E3:CH,E3:CH:S,E3:CH:S:2,2019-08-01,PIPO,238,NR
E3,E3:CH,E3:CH:S,E3:CH:S:2,2019-08-01,PIPO,10,LIVE
E3,E3:CH,E3:CH:S,E3:CH:S:2,2019-08-01,PIPO,210,NR
E3,E3:CH,E3:CH:S,E3:CH:S:2,2019-08-01,PIJE,130,NR
E3,E3:CH,E3:CH:S,E3:CH:S:2,2019-08-01,PSME,10,LIVE
E3,E3:CH,E3:CH:S,E3:CH:S:2C,2019-08-01,PIPO,NV,LIVE
E3,E3:CH,E3:CH:S,E3:CH:S:2C,2019-08-01,CADE,NV,LIVE
E3,E3:CH,E3:CH:S,E3:CH:S:2C,2019-08-01,PIJE,NV,LIVE
E3,E3:CH,E3:CH:S,E3:CH:S:2C,2019-08-01,PIPO,NV,LIVE
E3,E3:CH,E3:CH:S,E3:CH:S:2C,2019-08-01,PIPO,NV,LIVE
E3,E3:CH,E3:CH:S,E3:CH:S:2C,2019-08-01,PIPO,NV,LIVE
E3,E3:CH,E3:CH:S,E3:CH:S:2C,2019-08-01,PIPO,NV,LIVE
E3,E3:CH,E3:CH:S,E3:CH:S:3,2019-08-01,PIJE,10,LIVE
E3,E3:CH,E3:CH:S,E3:CH:S:3,2019-08-01,PILA,10,LIVE
E3,E3:CN,E3:CN:M,E3:CN:M:1,2019-08-01,PIJE,20,LIVE
E3,E3:CN,E3:CN:M,E3:CN:M:1,2019-08-01,PIJE,20,LIVE
E3,E3:CN,E3:CN:M,E3:CN:M:1,2019-08-01,PIPO,20,LIVE
E3,E3:CN,E3:CN:M,E3:CN:M:1C,2019-08-01,PIJE,20,LIVE
E3,E3:CN,E3:CN:M,E3:CN:M:1C,2019-08-01,PIJE,20,LIVE
E3,E3:CN,E3:CN:M,E3:CN:M:1C,2019-08-01,PILA,10,LIVE
E3,E3:CN,E3:CN:M,E3:CN:M:1C,2019-08-01,PIJE,20,LIVE
E3,E3:CN,E3:CN:M,E3:CN:M:1C,2019-08-01,PIJE,20,LIVE
E3,E3:CN,E3:CN:M,E3:CN:M:1C,2019-08-01,PILA,10,NR
E3,E3:CN,E3:CN:M,E3:CN:M:1C,2019-08-01,PILA,10,NR
E3,E3:CN,E3:CN:M,E3:CN:M:2,2019-08-01,PIJE,10,LIVE
E3,E3:CN,E3:CN:M,E3:CN:M:2,2019-08-01,PIJE,30,LIVE
E3,E3:CN,E3:CN:M,E3:CN:M:2C,2019-08-01,PSME,20,LIVE
E3,E3:CN,E3:CN:M,E3:CN:M:2C,2019-08-01,PSME,20,LIVE
E3,E3:CN,E3:CN:M,E3:CN:M:2C,2019-08-01,PIPO,70,NR
E3,E3:CN,E3:CN:M,E3:CN:M:2C,2019-08-01,PIPO,30,LIVE
E3,E3:CN,E3:CN:M,E3:CN:M:3,2019-08-01,PILA,10,LIVE
E3,E3:CN,E3:CN:N,E3:CN:N:1,2019-08-01,PIPO,10,LIVE
E3,E3:CN,E3:CN:N,E3:CN:N:1,2019-08-01,PIJE,130,NR
E3,E3:CN,E3:CN:N,E3:CN:N:1,2019-08-01,PSME,10,LIVE
E3,E3:CN,E3:CN:N,E3:CN:N:1C,2019-08-01,PIPO,10,LIVE
E3,E3:CN,E3:CN:N,E3:CN:N:1C,2019-08-01,PSME,10,LIVE
E3,E3:CN,E3:CN:N,E3:CN:N:1C,2019-08-01,PIPO,10,LIVE
E3,E3:CN,E3:CN:N,E3:CN:N:2,2019-08-01,PILA,10,LIVE
E3,E3:CN,E3:CN:N,E3:CN:N:2,2019-08-01,PILA,10,LIVE
E3,E3:CN,E3:CN:N,E3:CN:N:2,2019-08-01,PIJE,10,LIVE
E3,E3:CN,E3:CN:N,E3:CN:N:2,2019-08-01,PSME,10,LIVE
E3,E3:CN,E3:CN:N,E3:CN:N:2C,2019-08-01,PIPO,10,LIVE
E3,E3:CN,E3:CN:N,E3:CN:N:2C,2019-08-01,PIPO,10,LIVE
E3,E3:CN,E3:CN:N,E3:CN:N:2C,2019-08-01,PSME,10,LIVE
E3,E3:CN,E3:CN:N,E3:CN:N:3,2019-08-01,PILA,10,LIVE
E3,E3:CN,E3:CN:S,E3:CN:S:1,2019-08-01,PIJE,140,NR
E3,E3:CN,E3:CN:S,E3:CN:S:1,2019-08-01,PSME,10,LIVE
E3,E3:CN,E3:CN:S,E3:CN:S:1C,2019-08-01,PIJE,NV,LIVE
E3,E3:CN,E3:CN:S,E3:CN:S:1C,2019-08-01,PIPO,NV,LIVE
E3,E3:CN,E3:CN:S,E3:CN:S:1C,2019-08-01,PIJE,NV,LIVE
E3,E3:CN,E3:CN:S,E3:CN:S:1C,2019-08-01,PIPO,NV,LIVE
E3,E3:CN,E3:CN:S,E3:CN:S:1C,2019-08-01,PIJE,NV,LIVE
E3,E3:CN,E3:CN:S,E3:CN:S:2,2019-08-01,PIJE,20,LIVE
E3,E3:CN,E3:CN:S,E3:CN:S:2,2019-08-01,PIJE,150,NR
E3,E3:CN,E3:CN:S,E3:CN:S:2C,2019-08-01,PIJE,NV,LIVE
E3,E3:CN,E3:CN:S,E3:CN:S:2C,2019-08-01,PIJE,NV,LIVE
E3,E3:CN,E3:CN:S,E3:CN:S:2C,2019-08-01,PIJE,NV,LIVE
E3,E3:CN,E3:CN:S,E3:CN:S:3,2019-08-01,PIPO,10,LIVE
E3,E3:CN,E3:CN:S,E3:CN:S:3,2019-08-01,PIJE,20,LIVE
E3,E3:EG,E3:EG:M,E3:EG:M:1,2019-08-01,PILA,10,LIVE
E3,E3:EG,E3:EG:M,E3:EG:M:1,2019-08-01,PILA,20,LIVE
E3,E3:EG,E3:EG:M,E3:EG:M:1,2019-08-01,PIJE,30,LIVE
E3,E3:EG,E3:EG:M,E3:EG:M:1,2019-08-01,PIJE,30,LIVE
E3,E3:EG,E3:EG:M,E3:EG:M:1C,2019-08-01,PSME,20,LIVE
E3,E3:EG,E3:EG:M,E3:EG:M:1C,2019-08-01,PILA,10,LIVE
E3,E3:EG,E3:EG:M,E3:EG:M:1C,2019-08-01,PSME,20,LIVE
E3,E3:EG,E3:EG:M,E3:EG:M:1C,2019-08-01,PIJE,30,LIVE
E3,E3:EG,E3:EG:M,E3:EG:M:1C,2019-08-01,PSME,20,LIVE
E3,E3:EG,E3:EG:M,E3:EG:M:2,2019-08-01,PIJE,30,LIVE
E3,E3:EG,E3:EG:M,E3:EG:M:2,2019-08-01,PIJE,30,LIVE
E3,E3:EG,E3:EG:M,E3:EG:M:2,2019-08-01,PIJE,20,LIVE
E3,E3:EG,E3:EG:M,E3:EG:M:2,2019-08-01,PSME,20,LIVE
E3,E3:EG,E3:EG:M,E3:EG:M:2,2019-08-01,PILA,10,LIVE
E3,E3:EG,E3:EG:M,E3:EG:M:2C,2019-08-01,PIJE,20,LIVE
E3,E3:EG,E3:EG:M,E3:EG:M:2C,2019-08-01,PIJE,20,LIVE
E3,E3:EG,E3:EG:M,E3:EG:M:2C,2019-08-01,PIJE,20,LIVE
E3,E3:EG,E3:EG:M,E3:EG:M:2C,2019-08-01,PIJE,20,LIVE
E3,E3:EG,E3:EG:M,E3:EG:M:3,2019-08-01,PIJE,10,LIVE
E3,E3:EG,E3:EG:M,E3:EG:M:3,2019-08-01,PIJE,20,LIVE
E3,E3:EG,E3:EG:M,E3:EG:M:3,2019-08-01,PIJE,20,LIVE
E3,E3:EG,E3:EG:N,E3:EG:N:1,2019-08-01,PILA,10,LIVE
E3,E3:EG,E3:EG:N,E3:EG:N:1,2019-08-01,PILA,10,LIVE
E3,E3:EG,E3:EG:N,E3:EG:N:1C,2019-08-01,PIPO,NV,LIVE
E3,E3:EG,E3:EG:N,E3:EG:N:1C,2019-08-01,PIJE,NV,LIVE
E3,E3:EG,E3:EG:N,E3:EG:N:1C,2019-08-01,PIPO,NV,LIVE
E3,E3:EG,E3:EG:N,E3:EG:N:1C,2019-08-01,PIJE,NV,LIVE
E3,E3:EG,E3:EG:N,E3:EG:N:2,2019-08-01,PIJE,10,LIVE
E3,E3:EG,E3:EG:N,E3:EG:N:2,2019-08-01,PIPO,10,LIVE
E3,E3:EG,E3:EG:N,E3:EG:N:2C,2019-08-01,PIPO,NV,LIVE
E3,E3:EG,E3:EG:N,E3:EG:N:2C,2019-08-01,PIJE,NV,LIVE
E3,E3:EG,E3:EG:N,E3:EG:N:2C,2019-08-01,PILA,NV,LIVE
E3,E3:EG,E3:EG:N,E3:EG:N:2C,2019-08-01,PIPO,NV,LIVE
E3,E3:EG,E3:EG:N,E3:EG:N:2C,2019-08-01,PIJE,NV,LIVE
E3,E3:EG,E3:EG:N,E3:EG:N:2C,2019-08-01,PIJE,NV,LIVE
E3,E3:EG,E3:EG:N,E3:EG:N:3,2019-08-01,PILA,10,LIVE
E3,E3:EG,E3:EG:N,E3:EG:N:3,2019-08-01,PIJE,10,LIVE
E3,E3:EG,E3:EG:N,E3:EG:N:3,2019-08-01,PIJE,10,LIVE
E3,E3:EG,E3:EG:S,E3:EG:S:1,2019-08-01,PSME,10,LIVE
E3,E3:EG,E3:EG:S,E3:EG:S:1,2019-08-01,PSME,10,LIVE
E3,E3:EG,E3:EG:S,E3:EG:S:1,2019-08-01,PILA,10,LIVE
E3,E3:EG,E3:EG:S,E3:EG:S:1C,2019-08-01,PSME,NV,LIVE
E3,E3:EG,E3:EG:S,E3:EG:S:1C,2019-08-01,PIPO,NV,LIVE
E3,E3:EG,E3:EG:S,E3:EG:S:1C,2019-08-01,PSME,NV,LIVE
E3,E3:EG,E3:EG:S,E3:EG:S:1C,2019-08-01,PSME,NV,LIVE
E3,E3:EG,E3:EG:S,E3:EG:S:1C,2019-08-01,PSME,NV,LIVE
E3,E3:EG,E3:EG:S,E3:EG:S:1C,2019-08-01,PILA,NV,LIVE
E3,E3:EG,E3:EG:S,E3:EG:S:2,2019-08-01,PIPO,10,LIVE
E3,E3:EG,E3:EG:S,E3:EG:S:2,2019-08-01,PIPO,10,LIVE
E3,E3:EG,E3:EG:S,E3:EG:S:2,2019-08-01,PIPO,10,LIVE
E3,E3:EG,E3:EG:S,E3:EG:S:2C,2019-08-01,PIJE,NV,LIVE
E3,E3:EG,E3:EG:S,E3:EG:S:2C,2019-08-01,PIPO,NV,LIVE
E3,E3:EG,E3:EG:S,E3:EG:S:2C,2019-08-01,PIPO,NV,LIVE
E3,E3:EG,E3:EG:S,E3:EG:S:2C,2019-08-01,PIPO,NV,LIVE
E3,E3:EG,E3:EG:S,E3:EG:S:3,2019-08-01,NV,NV,NA
E3,E3:EH,E3:EH:M,E3:EH:M:1,2019-08-01,PIPO,20,LIVE
E3,E3:EH,E3:EH:M,E3:EH:M:1,2019-08-01,PIPO,10,LIVE
E3,E3:EH,E3:EH:M,E3:EH:M:1,2019-08-01,PIPO,10,LIVE
E3,E3:EH,E3:EH:M,E3:EH:M:1,2019-08-01,PIPO,20,LIVE
E3,E3:EH,E3:EH:M,E3:EH:M:1C,2019-08-01,PIPO,NV,LIVE
E3,E3:EH,E3:EH:M,E3:EH:M:1C,2019-08-01,PIJE,NV,LIVE
E3,E3:EH,E3:EH:M,E3:EH:M:1C,2019-08-01,PIJE,NV,LIVE
E3,E3:EH,E3:EH:M,E3:EH:M:1C,2019-08-01,CADE,NV,LIVE
E3,E3:EH,E3:EH:M,E3:EH:M:2,2019-08-01,PIJE,20,LIVE
E3,E3:EH,E3:EH:M,E3:EH:M:2C,2019-08-01,PIJE,NV,LIVE
E3,E3:EH,E3:EH:M,E3:EH:M:2C,2019-08-01,PIPO,NV,LIVE
E3,E3:EH,E3:EH:M,E3:EH:M:2C,2019-08-01,CADE,NV,LIVE
E3,E3:EH,E3:EH:M,E3:EH:M:3,2019-08-01,PIJE,10,LIVE
E3,E3:EH,E3:EH:M,E3:EH:M:3,2019-08-01,PSME,20,LIVE
E3,E3:EH,E3:EH:M,E3:EH:M:3,2019-08-01,PIPO,20,DYING
E3,E3:EH,E3:EH:M,E3:EH:M:3,2019-08-01,PIJE,20,LIVE
E3,E3:EH,E3:EH:N,E3:EH:N:1,2019-08-01,PSME,10,LIVE
E3,E3:EH,E3:EH:N,E3:EH:N:1,2019-08-01,PSME,10,LIVE
E3,E3:EH,E3:EH:N,E3:EH:N:1,2019-08-01,PSME,10,LIVE
E3,E3:EH,E3:EH:N,E3:EH:N:1,2019-08-01,PIPO,10,LIVE
E3,E3:EH,E3:EH:N,E3:EH:N:1C,2019-08-01,PSME,NV,LIVE
E3,E3:EH,E3:EH:N,E3:EH:N:1C,2019-08-01,PSME,NV,LIVE
E3,E3:EH,E3:EH:N,E3:EH:N:1C,2019-08-01,PIPO,NV,LIVE
E3,E3:EH,E3:EH:N,E3:EH:N:2,2019-08-01,PIJE,10,LIVE
E3,E3:EH,E3:EH:N,E3:EH:N:2,2019-08-01,PSME,10,LIVE
E3,E3:EH,E3:EH:N,E3:EH:N:2,2019-08-01,PIPO,10,LIVE
E3,E3:EH,E3:EH:N,E3:EH:N:2,2019-08-01,PSME,10,LIVE
E3,E3:EH,E3:EH:N,E3:EH:N:2,2019-08-01,PIJE,10,LIVE
E3,E3:EH,E3:EH:N,E3:EH:N:2,2019-08-01,PIJE,10,LIVE
E3,E3:EH,E3:EH:N,E3:EH:N:2C,2019-08-01,PSME,NV,LIVE
E3,E3:EH,E3:EH:N,E3:EH:N:2C,2019-08-01,PIJE,NV,LIVE
E3,E3:EH,E3:EH:N,E3:EH:N:2C,2019-08-01,PIJE,NV,LIVE
E3,E3:EH,E3:EH:N,E3:EH:N:3,2019-08-01,PIPO,10,LIVE
E3,E3:EH,E3:EH:N,E3:EH:N:3,2019-08-01,PIPO,10,LIVE
E3,E3:EH,E3:EH:S,E3:EH:S:1,2019-08-01,PILA,10,LIVE
E3,E3:EH,E3:EH:S,E3:EH:S:1,2019-08-01,PILA,10,LIVE
E3,E3:EH,E3:EH:S,E3:EH:S:1,2019-08-01,PILA,20,LIVE
E3,E3:EH,E3:EH:S,E3:EH:S:1,2019-08-01,PIJE,20,LIVE
E3,E3:EH,E3:EH:S,E3:EH:S:1,2019-08-01,PIJE,20,LIVE
E3,E3:EH,E3:EH:S,E3:EH:S:1,2019-08-01,PIJE,10,LIVE
E3,E3:EH,E3:EH:S,E3:EH:S:1C,2019-08-01,PSME,10,LIVE
E3,E3:EH,E3:EH:S,E3:EH:S:1C,2019-08-01,PILA,20,LIVE
E3,E3:EH,E3:EH:S,E3:EH:S:1C,2019-08-01,PILA,10,LIVE
E3,E3:EH,E3:EH:S,E3:EH:S:1C,2019-08-01,PIJE,20,LIVE
E3,E3:EH,E3:EH:S,E3:EH:S:2,2019-08-01,PILA,20,LIVE
E3,E3:EH,E3:EH:S,E3:EH:S:2,2019-08-01,PILA,20,LIVE
E3,E3:EH,E3:EH:S,E3:EH:S:2,2019-08-01,PIPO,20,LIVE
E3,E3:EH,E3:EH:S,E3:EH:S:2,2019-08-01,PIPO,20,LIVE
E3,E3:EH,E3:EH:S,E3:EH:S:2,2019-08-01,PILA,10,LIVE
E3,E3:EH,E3:EH:S,E3:EH:S:2,2019-08-01,PSME,10,LIVE
E3,E3:EH,E3:EH:S,E3:EH:S:2C,2019-08-01,PIJE,20,LIVE
E3,E3:EH,E3:EH:S,E3:EH:S:2C,2019-08-01,PIJE,20,DEAD
E3,E3:EH,E3:EH:S,E3:EH:S:3,2019-08-01,PILA,10,LIVE
E3,E3:EH,E3:EH:S,E3:EH:S:3,2019-08-01,PILA,10,LIVE
E3,E3:EN,E3:EN:M,E3:EN:M:1,2019-08-01,PIJE,20,LIVE
E3,E3:EN,E3:EN:M,E3:EN:M:1,2019-08-01,PIJE,20,LIVE
E3,E3:EN,E3:EN:M,E3:EN:M:1C,2019-08-01,PIJE,10,LIVE
E3,E3:EN,E3:EN:M,E3:EN:M:1C,2019-08-01,PIJE,20,LIVE
E3,E3:EN,E3:EN:M,E3:EN:M:1C,2019-08-01,PILA,10,LIVE
E3,E3:EN,E3:EN:M,E3:EN:M:2,2019-08-01,PIJE,20,LIVE
E3,E3:EN,E3:EN:M,E3:EN:M:2C,2019-08-01,PIJE,10,LIVE
E3,E3:EN,E3:EN:M,E3:EN:M:3,2019-08-01,CADE,10,LIVE
E3,E3:EN,E3:EN:M,E3:EN:M:3,2019-08-01,CADE,10,LIVE
E3,E3:EN,E3:EN:N,E3:EN:N:1,2019-08-01,PIPO,10,LIVE
E3,E3:EN,E3:EN:N,E3:EN:N:1C,2019-08-01,PSME,NV,LIVE
E3,E3:EN,E3:EN:N,E3:EN:N:1C,2019-08-01,PSME,NV,LIVE
E3,E3:EN,E3:EN:N,E3:EN:N:1C,2019-08-01,PIPO,NV,LIVE
E3,E3:EN,E3:EN:N,E3:EN:N:1C,2019-08-01,PIPO,NV,LIVE
E3,E3:EN,E3:EN:N,E3:EN:N:1C,2019-08-01,PSME,NV,LIVE
E3,E3:EN,E3:EN:N,E3:EN:N:2,2019-08-01,PIJE,10,LIVE
E3,E3:EN,E3:EN:N,E3:EN:N:2,2019-08-01,PILA,10,LIVE
E3,E3:EN,E3:EN:N,E3:EN:N:2,2019-08-01,PIJE,10,LIVE
E3,E3:EN,E3:EN:N,E3:EN:N:2,2019-08-01,PILA,10,LIVE
E3,E3:EN,E3:EN:N,E3:EN:N:2C,2019-08-01,PILA,NV,LIVE
E3,E3:EN,E3:EN:N,E3:EN:N:2C,2019-08-01,PIJE,NV,LIVE
E3,E3:EN,E3:EN:N,E3:EN:N:2C,2019-08-01,PIPO,NV,LIVE
E3,E3:EN,E3:EN:N,E3:EN:N:2C,2019-08-01,PSME,NV,LIVE
E3,E3:EN,E3:EN:N,E3:EN:N:3,2019-08-01,PILA,10,LIVE
E3,E3:EN,E3:EN:N,E3:EN:N:3,2019-08-01,PILA,10,LIVE
E3,E3:EN,E3:EN:N,E3:EN:N:3,2019-08-01,PILA,10,LIVE
E3,E3:EN,E3:EN:S,E3:EN:S:1,2019-08-01,PSME,20,LIVE
E3,E3:EN,E3:EN:S,E3:EN:S:1,2019-08-01,PILA,10,LIVE
E3,E3:EN,E3:EN:S,E3:EN:S:1C,2019-08-01,PILA,NV,LIVE
E3,E3:EN,E3:EN:S,E3:EN:S:2,2019-08-01,PSME,10,LIVE
E3,E3:EN,E3:EN:S,E3:EN:S:2,2019-08-01,PSME,10,LIVE
E3,E3:EN,E3:EN:S,E3:EN:S:2,2019-08-01,PSME,20,LIVE
E3,E3:EN,E3:EN:S,E3:EN:S:2,2019-08-01,PSME,10,DYING
E3,E3:EN,E3:EN:S,E3:EN:S:2,2019-08-01,PSME,20,DYING
E3,E3:EN,E3:EN:S,E3:EN:S:2C,2019-08-01,PIJE,NV,LIVE
E3,E3:EN,E3:EN:S,E3:EN:S:2C,2019-08-01,PIJE,NV,LIVE
E3,E3:EN,E3:EN:S,E3:EN:S:2C,2019-08-01,PILA,NV,DYING
E3,E3:EN,E3:EN:S,E3:EN:S:2C,2019-08-01,PSME,NV,LIVE
E3,E3:EN,E3:EN:S,E3:EN:S:3,2019-08-01,PSME,10,LIVE
E3,E3:EN,E3:EN:S,E3:EN:S:3,2019-08-01,PSME,10,LIVE
E3,E3:EN,E3:EN:S,E3:EN:S:3,2019-08-01,PIPO,10,LIVE
E3,E3:EN,E3:EN:S,E3:EN:S:3,2019-08-01,PIPO,10,LIVE
E4,E4:CG,E4:CG:M,E4:CG:M:1,2019-08-03,PIJE,20,LIVE
E4,E4:CG,E4:CG:M,E4:CG:M:1C,2019-08-03,PIPO,20,LIVE
E4,E4:CG,E4:CG:M,E4:CG:M:1C,2019-08-03,PILA,10,LIVE
E4,E4:CG,E4:CG:M,E4:CG:M:1C,2019-08-03,PIJE,NV,LIVE
E4,E4:CG,E4:CG:M,E4:CG:M:1C,2019-08-03,PIJE,NV,LIVE
E4,E4:CG,E4:CG:M,E4:CG:M:1C,2019-08-03,PILA,NV,LIVE
E4,E4:CG,E4:CG:M,E4:CG:M:1C,2019-08-03,PILA,NV,LIVE
E4,E4:CG,E4:CG:M,E4:CG:M:2,2019-08-03,PIJE,30,NR
E4,E4:CG,E4:CG:M,E4:CG:M:2,2019-08-03,PIJE,30,LIVE
E4,E4:CG,E4:CG:M,E4:CG:M:2,2019-08-03,PIPO,10,LIVE
E4,E4:CG,E4:CG:M,E4:CG:M:2,2019-08-03,PIJE,10,LIVE
E4,E4:CG,E4:CG:M,E4:CG:M:2,2019-08-03,PIJE,10,LIVE
E4,E4:CG,E4:CG:M,E4:CG:M:2C,2019-08-03,PIJE,NV,LIVE
E4,E4:CG,E4:CG:M,E4:CG:M:2C,2019-08-03,PIJE,NV,LIVE
E4,E4:CG,E4:CG:M,E4:CG:M:2C,2019-08-03,PIJE,NV,LIVE
E4,E4:CG,E4:CG:M,E4:CG:M:3,2019-08-03,PIJE,30,LIVE
E4,E4:CG,E4:CG:M,E4:CG:M:3,2019-08-03,PIJE,30,LIVE
E4,E4:CG,E4:CG:N,E4:CG:N:1,2019-08-03,PIJE,20,LIVE
E4,E4:CG,E4:CG:N,E4:CG:N:1C,2019-08-03,PIJE,NV,LIVE
E4,E4:CG,E4:CG:N,E4:CG:N:1C,2019-08-03,PIJE,NV,LIVE
E4,E4:CG,E4:CG:N,E4:CG:N:1C,2019-08-03,PIJE,NV,LIVE
E4,E4:CG,E4:CG:N,E4:CG:N:1C,2019-08-03,PIJE,NV,LIVE
E4,E4:CG,E4:CG:N,E4:CG:N:1C,2019-08-03,PIJE,NV,LIVE
E4,E4:CG,E4:CG:N,E4:CG:N:1C,2019-08-03,PIJE,NV,LIVE
E4,E4:CG,E4:CG:N,E4:CG:N:2,2019-08-03,CADE,10,LIVE
E4,E4:CG,E4:CG:N,E4:CG:N:2,2019-08-03,PIJE,20,LIVE
E4,E4:CG,E4:CG:N,E4:CG:N:2,2019-08-03,PIJE,20,LIVE
E4,E4:CG,E4:CG:N,E4:CG:N:2C,2019-08-03,PIJE,NV,LIVE
E4,E4:CG,E4:CG:N,E4:CG:N:2C,2019-08-03,PIJE,NV,LIVE
E4,E4:CG,E4:CG:N,E4:CG:N:2C,2019-08-03,PIJE,NV,LIVE
E4,E4:CG,E4:CG:N,E4:CG:N:2C,2019-08-03,PIJE,NV,LIVE
E4,E4:CG,E4:CG:N,E4:CG:N:3,2019-08-03,PSME,10,LIVE
E4,E4:CG,E4:CG:N,E4:CG:N:3,2019-08-03,PIJE,10,LIVE
E4,E4:CG,E4:CG:N,E4:CG:N:3,2019-08-03,PIJE,10,LIVE
E4,E4:CG,E4:CG:S,E4:CG:S:1,2019-08-03,PIPO,10,LIVE
E4,E4:CG,E4:CG:S,E4:CG:S:1,2019-08-03,PIJE,20,LIVE
E4,E4:CG,E4:CG:S,E4:CG:S:1,2019-08-03,PIJE,20,LIVE
E4,E4:CG,E4:CG:S,E4:CG:S:1C,2019-08-03,PIJE,NV,LIVE
E4,E4:CG,E4:CG:S,E4:CG:S:1C,2019-08-03,PIJE,NV,LIVE
E4,E4:CG,E4:CG:S,E4:CG:S:1C,2019-08-03,PIJE,NV,LIVE
E4,E4:CG,E4:CG:S,E4:CG:S:2,2019-08-03,PIPO,20,LIVE
E4,E4:CG,E4:CG:S,E4:CG:S:2,2019-08-03,PIJE,20,LIVE
E4,E4:CG,E4:CG:S,E4:CG:S:2,2019-08-03,PIJE,20,LIVE
E4,E4:CG,E4:CG:S,E4:CG:S:2,2019-08-03,PIPO,20,LIVE
E4,E4:CG,E4:CG:S,E4:CG:S:2C,2019-08-03,PIJE,NV,LIVE
E4,E4:CG,E4:CG:S,E4:CG:S:2C,2019-08-03,PIJE,NV,LIVE
E4,E4:CG,E4:CG:S,E4:CG:S:2C,2019-08-03,PIJE,NV,LIVE
E4,E4:CG,E4:CG:S,E4:CG:S:2C,2019-08-03,PIJE,NV,LIVE
E4,E4:CG,E4:CG:S,E4:CG:S:3,2019-08-03,PIJE,10,LIVE
E4,E4:CG,E4:CG:S,E4:CG:S:3,2019-08-03,PIJE,20,LIVE
E4,E4:CH,E4:CH:M,E4:CH:M:1,2019-08-03,PIJE,10,LIVE
E4,E4:CH,E4:CH:M,E4:CH:M:1,2019-08-03,PIJE,10,LIVE
E4,E4:CH,E4:CH:M,E4:CH:M:1C,2019-08-03,PIJE,NV,LIVE
E4,E4:CH,E4:CH:M,E4:CH:M:2,2019-08-03,PIJE,20,LIVE
E4,E4:CH,E4:CH:M,E4:CH:M:2,2019-08-03,PIPO,20,LIVE
E4,E4:CH,E4:CH:M,E4:CH:M:2C,2019-08-03,PIJE,NV,LIVE
E4,E4:CH,E4:CH:M,E4:CH:M:2C,2019-08-03,PIJE,NV,DEAD
E4,E4:CH,E4:CH:M,E4:CH:M:2C,2019-08-03,PIJE,NV,LIVE
E4,E4:CH,E4:CH:M,E4:CH:M:2C,2019-08-03,PIPO,NV,NR
E4,E4:CH,E4:CH:M,E4:CH:M:3,2019-08-03,PIJE,20,LIVE
E4,E4:CH,E4:CH:M,E4:CH:M:3,2019-08-03,PIJE,20,LIVE
E4,E4:CH,E4:CH:M,E4:CH:M:3,2019-08-03,PIJE,10,LIVE
E4,E4:CH,E4:CH:N,E4:CH:N:1,2019-08-03,PIJE,20,LIVE
E4,E4:CH,E4:CH:N,E4:CH:N:1C,2019-08-03,PIJE,NV,LIVE
E4,E4:CH,E4:CH:N,E4:CH:N:1C,2019-08-03,PSME,NV,LIVE
E4,E4:CH,E4:CH:N,E4:CH:N:1C,2019-08-03,PSME,NV,LIVE
E4,E4:CH,E4:CH:N,E4:CH:N:2,2019-08-03,PSME,10,LIVE
E4,E4:CH,E4:CH:N,E4:CH:N:2,2019-08-03,PIJE,10,LIVE
E4,E4:CH,E4:CH:N,E4:CH:N:2,2019-08-03,PIJE,20,LIVE
E4,E4:CH,E4:CH:N,E4:CH:N:2,2019-08-03,PSME,20,LIVE
E4,E4:CH,E4:CH:N,E4:CH:N:2,2019-08-03,PIJE,10,LIVE
E4,E4:CH,E4:CH:N,E4:CH:N:2C,2019-08-03,PSME,NV,LIVE
E4,E4:CH,E4:CH:N,E4:CH:N:2C,2019-08-03,PIPO,NV,LIVE
E4,E4:CH,E4:CH:N,E4:CH:N:2C,2019-08-03,PIJE,NV,LIVE
E4,E4:CH,E4:CH:N,E4:CH:N:3,2019-08-03,PIPO,NV,LIVE
E4,E4:CH,E4:CH:S,E4:CH:S:1,2019-08-03,PIPO,10,LIVE
E4,E4:CH,E4:CH:S,E4:CH:S:1,2019-08-03,PIJE,20,LIVE
E4,E4:CH,E4:CH:S,E4:CH:S:1C,2019-08-03,PIPO,NV,LIVE
E4,E4:CH,E4:CH:S,E4:CH:S:1C,2019-08-03,PIPO,NV,LIVE
E4,E4:CH,E4:CH:S,E4:CH:S:1C,2019-08-03,PIPO,NV,LIVE
E4,E4:CH,E4:CH:S,E4:CH:S:1C,2019-08-03,PIPO,NV,LIVE
E4,E4:CH,E4:CH:S,E4:CH:S:1C,2019-08-03,PIJE,NV,LIVE
E4,E4:CH,E4:CH:S,E4:CH:S:1C,2019-08-03,PIPO,NV,LIVE
E4,E4:CH,E4:CH:S,E4:CH:S:2,2019-08-03,PIJE,20,DEAD
E4,E4:CH,E4:CH:S,E4:CH:S:2,2019-08-03,PIJE,20,LIVE
E4,E4:CH,E4:CH:S,E4:CH:S:2C,2019-08-03,PIJE,NV,LIVE
E4,E4:CH,E4:CH:S,E4:CH:S:2C,2019-08-03,PIJE,NV,LIVE
E4,E4:CH,E4:CH:S,E4:CH:S:2C,2019-08-03,PIJE,NV,LIVE
E4,E4:CH,E4:CH:S,E4:CH:S:2C,2019-08-03,PIJE,NV,DEAD
E4,E4:CH,E4:CH:S,E4:CH:S:3,2019-08-03,PIJE,20,LIVE
E4,E4:CH,E4:CH:S,E4:CH:S:3,2019-08-03,PIPO,20,LIVE
E4,E4:CH,E4:CH:S,E4:CH:S:3,2019-08-03,PIPO,10,DEAD
E4,E4:CN,E4:CN:M,E4:CN:M:1,2019-08-03,PILA,10,LIVE
E4,E4:CN,E4:CN:M,E4:CN:M:1,2019-08-03,PIJE,20,LIVE
E4,E4:CN,E4:CN:M,E4:CN:M:1C,2019-08-03,PIJE,NV,LIVE
E4,E4:CN,E4:CN:M,E4:CN:M:1C,2019-08-03,PIJE,NV,LIVE
E4,E4:CN,E4:CN:M,E4:CN:M:1C,2019-08-03,PIJE,NV,LIVE
E4,E4:CN,E4:CN:M,E4:CN:M:1C,2019-08-03,PIJE,NV,LIVE
E4,E4:CN,E4:CN:M,E4:CN:M:1C,2019-08-03,PIJE,NV,LIVE
E4,E4:CN,E4:CN:M,E4:CN:M:2,2019-08-03,PIJE,10,LIVE
E4,E4:CN,E4:CN:M,E4:CN:M:2,2019-08-03,PIJE,10,LIVE
E4,E4:CN,E4:CN:M,E4:CN:M:2,2019-08-03,PIJE,10,LIVE
E4,E4:CN,E4:CN:M,E4:CN:M:2C,2019-08-03,PIJE,NV,LIVE
E4,E4:CN,E4:CN:M,E4:CN:M:2C,2019-08-03,PIJE,NV,LIVE
E4,E4:CN,E4:CN:M,E4:CN:M:3,2019-08-03,PIJE,20,LIVE
E4,E4:CN,E4:CN:M,E4:CN:M:3,2019-08-03,PIPO,10,LIVE
E4,E4:CN,E4:CN:M,E4:CN:M:3,2019-08-03,PIPO,20,LIVE
E4,E4:CN,E4:CN:N,E4:CN:N:1,2019-08-03,PILA,10,LIVE
E4,E4:CN,E4:CN:N,E4:CN:N:1,2019-08-03,PIJE,20,LIVE
E4,E4:CN,E4:CN:N,E4:CN:N:1C,2019-08-03,PILA,NV,LIVE
E4,E4:CN,E4:CN:N,E4:CN:N:1C,2019-08-03,PIJE,NV,LIVE
E4,E4:CN,E4:CN:N,E4:CN:N:1C,2019-08-03,PIJE,NV,LIVE
E4,E4:CN,E4:CN:N,E4:CN:N:1C,2019-08-03,PIJE,NV,LIVE
E4,E4:CN,E4:CN:N,E4:CN:N:1C,2019-08-03,PIPO,NV,LIVE
E4,E4:CN,E4:CN:N,E4:CN:N:2,2019-08-03,PSME,20,LIVE
E4,E4:CN,E4:CN:N,E4:CN:N:2,2019-08-03,PSME,20,LIVE
E4,E4:CN,E4:CN:N,E4:CN:N:2,2019-08-03,PIPO,20,LIVE
E4,E4:CN,E4:CN:N,E4:CN:N:2,2019-08-03,PIPO,0,LIVE
E4,E4:CN,E4:CN:N,E4:CN:N:2C,2019-08-03,PIJE,NV,LIVE
E4,E4:CN,E4:CN:N,E4:CN:N:2C,2019-08-03,PIJE,NV,LIVE
E4,E4:CN,E4:CN:N,E4:CN:N:2C,2019-08-03,PIJE,NV,LIVE
E4,E4:CN,E4:CN:N,E4:CN:N:3,2019-08-03,PIJE,30,LIVE
E4,E4:CN,E4:CN:S,E4:CN:S:1,2019-08-03,PSME,20,LIVE
E4,E4:CN,E4:CN:S,E4:CN:S:1,2019-08-03,PIPO,10,LIVE
E4,E4:CN,E4:CN:S,E4:CN:S:1,2019-08-03,PILA,10,LIVE
E4,E4:CN,E4:CN:S,E4:CN:S:1,2019-08-03,PILA,10,LIVE
E4,E4:CN,E4:CN:S,E4:CN:S:1C,2019-08-03,PSME,NV,LIVE
E4,E4:CN,E4:CN:S,E4:CN:S:1C,2019-08-03,PIPO,NV,LIVE
E4,E4:CN,E4:CN:S,E4:CN:S:1C,2019-08-03,PSME,NV,LIVE
E4,E4:CN,E4:CN:S,E4:CN:S:2,2019-08-03,PSME,20,LIVE
E4,E4:CN,E4:CN:S,E4:CN:S:2C,2019-08-03,PSME,NV,LIVE
E4,E4:CN,E4:CN:S,E4:CN:S:2C,2019-08-03,PSME,NV,LIVE
E4,E4:CN,E4:CN:S,E4:CN:S:2C,2019-08-03,PIJE,NV,LIVE
E4,E4:CN,E4:CN:S,E4:CN:S:3,2019-08-03,PIPO,10,DEAD
E4,E4:EG,E4:EG:M,E4:EG:M:1,2019-08-03,PIPO,20,LIVE
E4,E4:EG,E4:EG:M,E4:EG:M:1,2019-08-03,PIPO,20,LIVE
E4,E4:EG,E4:EG:M,E4:EG:M:1,2019-08-03,PIPO,20,LIVE
E4,E4:EG,E4:EG:M,E4:EG:M:1,2019-08-03,PIPO,20,LIVE
E4,E4:EG,E4:EG:M,E4:EG:M:1,2019-08-03,PIPO,10,LIVE
E4,E4:EG,E4:EG:M,E4:EG:M:1,2019-08-03,PILA,10,LIVE
E4,E4:EG,E4:EG:M,E4:EG:M:1,2019-08-03,PIPO,20,LIVE
E4,E4:EG,E4:EG:M,E4:EG:M:1C,2019-08-03,PILA,NV,LIVE
E4,E4:EG,E4:EG:M,E4:EG:M:1C,2019-08-03,PIPO,NV,LIVE
E4,E4:EG,E4:EG:M,E4:EG:M:1C,2019-08-03,PIJE,NV,LIVE
E4,E4:EG,E4:EG:M,E4:EG:M:1C,2019-08-03,PILA,NV,LIVE
E4,E4:EG,E4:EG:M,E4:EG:M:1C,2019-08-03,PSME,NV,LIVE
E4,E4:EG,E4:EG:M,E4:EG:M:2,2019-08-03,PILA,10,LIVE
E4,E4:EG,E4:EG:M,E4:EG:M:2,2019-08-03,PILA,10,LIVE
E4,E4:EG,E4:EG:M,E4:EG:M:2,2019-08-03,PILA,10,LIVE
E4,E4:EG,E4:EG:M,E4:EG:M:2,2019-08-03,PILA,10,LIVE
E4,E4:EG,E4:EG:M,E4:EG:M:2,2019-08-03,PILA,10,LIVE
E4,E4:EG,E4:EG:M,E4:EG:M:2,2019-08-03,PILA,10,LIVE
E4,E4:EG,E4:EG:M,E4:EG:M:2,2019-08-03,PILA,10,LIVE
E4,E4:EG,E4:EG:M,E4:EG:M:2C,2019-08-03,PILA,NV,LIVE
E4,E4:EG,E4:EG:M,E4:EG:M:2C,2019-08-03,PIPO,NV,LIVE
E4,E4:EG,E4:EG:M,E4:EG:M:2C,2019-08-03,PILA,NV,LIVE
E4,E4:EG,E4:EG:M,E4:EG:M:2C,2019-08-03,PIPO,NV,LIVE
E4,E4:EG,E4:EG:M,E4:EG:M:2C,2019-08-03,PIJE,NV,LIVE
E4,E4:EG,E4:EG:M,E4:EG:M:3,2019-08-03,PIJE,30,LIVE
E4,E4:EG,E4:EG:M,E4:EG:M:3,2019-08-03,PIJE,20,LIVE
E4,E4:EG,E4:EG:M,E4:EG:M:3,2019-08-03,PILA,10,LIVE
E4,E4:EG,E4:EG:M,E4:EG:M:3,2019-08-03,PILA,10,LIVE
E4,E4:EG,E4:EG:N,E4:EG:N:1,2019-08-03,PIJE,10,LIVE
E4,E4:EG,E4:EG:N,E4:EG:N:1,2019-08-03,PIJE,20,LIVE
E4,E4:EG,E4:EG:N,E4:EG:N:1C,2019-08-03,PIJE,NV,LIVE
E4,E4:EG,E4:EG:N,E4:EG:N:1C,2019-08-03,PIJE,NV,LIVE
E4,E4:EG,E4:EG:N,E4:EG:N:1C,2019-08-03,PIJE,NV,LIVE
E4,E4:EG,E4:EG:N,E4:EG:N:1C,2019-08-03,PIJE,NV,LIVE
E4,E4:EG,E4:EG:N,E4:EG:N:1C,2019-08-03,PIJE,NV,LIVE
E4,E4:EG,E4:EG:N,E4:EG:N:1C,2019-08-03,PIJE,NV,LIVE
E4,E4:EG,E4:EG:N,E4:EG:N:2,2019-08-03,PIJE,10,LIVE
E4,E4:EG,E4:EG:N,E4:EG:N:2,2019-08-03,PIJE,20,LIVE
E4,E4:EG,E4:EG:N,E4:EG:N:2C,2019-08-03,PIJE,NV,LIVE
E4,E4:EG,E4:EG:N,E4:EG:N:2C,2019-08-03,PIJE,NV,LIVE
E4,E4:EG,E4:EG:N,E4:EG:N:2C,2019-08-03,PIJE,NV,LIVE
E4,E4:EG,E4:EG:N,E4:EG:N:3,2019-08-03,PIJE,10,LIVE
E4,E4:EG,E4:EG:N,E4:EG:N:3,2019-08-03,PIJE,10,LIVE
E4,E4:EG,E4:EG:N,E4:EG:N:3,2019-08-03,PIJE,10,LIVE
E4,E4:EG,E4:EG:S,E4:EG:S:1,2019-08-03,PIJE,20,LIVE
E4,E4:EG,E4:EG:S,E4:EG:S:1,2019-08-03,PIJE,20,LIVE
E4,E4:EG,E4:EG:S,E4:EG:S:1,2019-08-03,PIJE,20,LIVE
E4,E4:EG,E4:EG:S,E4:EG:S:1,2019-08-03,PIJE,20,LIVE
E4,E4:EG,E4:EG:S,E4:EG:S:1,2019-08-03,PIJE,20,LIVE
E4,E4:EG,E4:EG:S,E4:EG:S:1C,2019-08-03,PILA,10,LIVE
E4,E4:EG,E4:EG:S,E4:EG:S:1C,2019-08-03,PILA,10,LIVE
E4,E4:EG,E4:EG:S,E4:EG:S:1C,2019-08-03,PIJE,10,LIVE
E4,E4:EG,E4:EG:S,E4:EG:S:1C,2019-08-03,PIJE,10,LIVE
E4,E4:EG,E4:EG:S,E4:EG:S:1C,2019-08-03,PILA,10,LIVE
E4,E4:EG,E4:EG:S,E4:EG:S:2,2019-08-03,PIJE,20,LIVE
E4,E4:EG,E4:EG:S,E4:EG:S:2,2019-08-03,PIPO,30,LIVE
E4,E4:EG,E4:EG:S,E4:EG:S:2,2019-08-03,PIJE,20,LIVE
E4,E4:EG,E4:EG:S,E4:EG:S:2,2019-08-03,PIJE,30,LIVE
E4,E4:EG,E4:EG:S,E4:EG:S:2,2019-08-03,PIJE,30,LIVE
E4,E4:EG,E4:EG:S,E4:EG:S:2C,2019-08-03,PIPO,NV,LIVE
E4,E4:EG,E4:EG:S,E4:EG:S:2C,2019-08-03,PIPO,NV,LIVE
E4,E4:EG,E4:EG:S,E4:EG:S:2C,2019-08-03,PIJE,NV,LIVE
E4,E4:EG,E4:EG:S,E4:EG:S:2C,2019-08-03,PIPO,NV,LIVE
E4,E4:EG,E4:EG:S,E4:EG:S:2C,2019-08-03,PIJE,NV,LIVE
E4,E4:EG,E4:EG:S,E4:EG:S:2C,2019-08-03,PIPO,NV,LIVE
E4,E4:EG,E4:EG:S,E4:EG:S:2C,2019-08-03,PIJE,NV,LIVE
E4,E4:EG,E4:EG:S,E4:EG:S:2C,2019-08-03,PIJE,NV,LIVE
E4,E4:EG,E4:EG:S,E4:EG:S:3,2019-08-03,PIJE,20,LIVE
E4,E4:EG,E4:EG:S,E4:EG:S:3,2019-08-03,PIJE,30,LIVE
E4,E4:EH,E4:EH:M,E4:EH:M:1,2019-08-03,PIJE,20,LIVE
E4,E4:EH,E4:EH:M,E4:EH:M:1C,2019-08-03,PSME,NV,LIVE
E4,E4:EH,E4:EH:M,E4:EH:M:1C,2019-08-03,PSME,NV,LIVE
E4,E4:EH,E4:EH:M,E4:EH:M:1C,2019-08-03,PIJE,NV,LIVE
E4,E4:EH,E4:EH:M,E4:EH:M:1C,2019-08-03,PIJE,NV,LIVE
E4,E4:EH,E4:EH:M,E4:EH:M:1C,2019-08-03,PSME,NV,LIVE
E4,E4:EH,E4:EH:M,E4:EH:M:2,2019-08-03,PIPO,80,NR
E4,E4:EH,E4:EH:M,E4:EH:M:2,2019-08-03,PSME,20,LIVE
E4,E4:EH,E4:EH:M,E4:EH:M:2C,2019-08-03,PIPO,NV,LIVE
E4,E4:EH,E4:EH:M,E4:EH:M:2C,2019-08-03,PIPO,NV,NR
E4,E4:EH,E4:EH:M,E4:EH:M:2C,2019-08-03,PIJE,NV,LIVE
E4,E4:EH,E4:EH:M,E4:EH:M:3,2019-08-03,PSME,20,DEAD
E4,E4:EH,E4:EH:M,E4:EH:M:3,2019-08-03,PIPO,20,LIVE
E4,E4:EH,E4:EH:N,E4:EH:N:1,2019-08-02,PIPO,20,LIVE
E4,E4:EH,E4:EH:N,E4:EH:N:1,2019-08-02,PIPO,10,LIVE
E4,E4:EH,E4:EH:N,E4:EH:N:1,2019-08-02,PILA,10,LIVE
E4,E4:EH,E4:EH:N,E4:EH:N:1,2019-08-02,CADE,10,LIVE
E4,E4:EH,E4:EH:N,E4:EH:N:1,2019-08-02,PILA,10,LIVE
E4,E4:EH,E4:EH:N,E4:EH:N:1,2019-08-02,CADE,10,LIVE
E4,E4:EH,E4:EH:N,E4:EH:N:1C,2019-08-02,PIPO,NV,LIVE
E4,E4:EH,E4:EH:N,E4:EH:N:1C,2019-08-02,PIJE,NV,LIVE
E4,E4:EH,E4:EH:N,E4:EH:N:1C,2019-08-02,PILA,NV,LIVE
E4,E4:EH,E4:EH:N,E4:EH:N:2,2019-08-02,PIPO,20,LIVE
E4,E4:EH,E4:EH:N,E4:EH:N:2,2019-08-02,PIJE,10,LIVE
E4,E4:EH,E4:EH:N,E4:EH:N:2,2019-08-02,PIJE,10,LIVE
E4,E4:EH,E4:EH:N,E4:EH:N:2,2019-08-02,PIJE,10,LIVE
E4,E4:EH,E4:EH:N,E4:EH:N:2,2019-08-02,PSME,10,LIVE
E4,E4:EH,E4:EH:N,E4:EH:N:2C,2019-08-02,PIPO,NV,LIVE
E4,E4:EH,E4:EH:N,E4:EH:N:2C,2019-08-02,PIJE,NV,LIVE
E4,E4:EH,E4:EH:N,E4:EH:N:2C,2019-08-02,PIPO,NV,LIVE
E4,E4:EH,E4:EH:N,E4:EH:N:2C,2019-08-02,PIPO,NV,LIVE
E4,E4:EH,E4:EH:N,E4:EH:N:2C,2019-08-02,PIPO,NV,LIVE
E4,E4:EH,E4:EH:N,E4:EH:N:3,2019-08-02,PIPO,20,LIVE
E4,E4:EH,E4:EH:N,E4:EH:N:3,2019-08-02,PIPO,40,LIVE
E4,E4:EH,E4:EH:N,E4:EH:N:3,2019-08-02,PIPO,30,LIVE
E4,E4:EH,E4:EH:S,E4:EH:S:1,2019-08-02,PSME,20,LIVE
E4,E4:EH,E4:EH:S,E4:EH:S:1,2019-08-02,PSME,10,LIVE
E4,E4:EH,E4:EH:S,E4:EH:S:1,2019-08-02,PSME,10,LIVE
E4,E4:EH,E4:EH:S,E4:EH:S:1,2019-08-02,PIJE,20,LIVE
E4,E4:EH,E4:EH:S,E4:EH:S:1C,2019-08-02,PSME,NV,LIVE
E4,E4:EH,E4:EH:S,E4:EH:S:1C,2019-08-02,PIJE,NV,LIVE
E4,E4:EH,E4:EH:S,E4:EH:S:1C,2019-08-02,PIJE,NV,LIVE
E4,E4:EH,E4:EH:S,E4:EH:S:2,2019-08-02,PIJE,10,LIVE
E4,E4:EH,E4:EH:S,E4:EH:S:2,2019-08-02,PIJE,20,LIVE
E4,E4:EH,E4:EH:S,E4:EH:S:2,2019-08-02,PIJE,10,LIVE
E4,E4:EH,E4:EH:S,E4:EH:S:2C,2019-08-02,PIJE,NV,LIVE
E4,E4:EH,E4:EH:S,E4:EH:S:2C,2019-08-02,PIJE,NV,LIVE
E4,E4:EH,E4:EH:S,E4:EH:S:2C,2019-08-02,PSME,NV,LIVE
E4,E4:EH,E4:EH:S,E4:EH:S:2C,2019-08-02,PSME,NV,LIVE
E4,E4:EH,E4:EH:S,E4:EH:S:2C,2019-08-02,PIJE,NV,LIVE
E4,E4:EH,E4:EH:S,E4:EH:S:2C,2019-08-02,PIJE,NV,LIVE
E4,E4:EH,E4:EH:S,E4:EH:S:2C,2019-08-02,PIJE,NV,LIVE
E4,E4:EH,E4:EH:S,E4:EH:S:3,2019-08-02,NONE,NA,NA
E4,E4:EN,E4:EN:M,E4:EN:M:1,2019-08-02,PIJE,20,LIVE
E4,E4:EN,E4:EN:M,E4:EN:M:1C,2019-08-02,PIPO,20,LIVE
E4,E4:EN,E4:EN:M,E4:EN:M:1C,2019-08-02,PIJE,30,LIVE
E4,E4:EN,E4:EN:M,E4:EN:M:1C,2019-08-02,PIPO,20,LIVE
E4,E4:EN,E4:EN:M,E4:EN:M:1C,2019-08-02,PIPO,20,LIVE
E4,E4:EN,E4:EN:M,E4:EN:M:1C,2019-08-02,PIPO,20,LIVE
E4,E4:EN,E4:EN:M,E4:EN:M:2,2019-08-02,NONE,NA,NA
E4,E4:EN,E4:EN:M,E4:EN:M:2C,2019-08-02,PIJE,30,LIVE
E4,E4:EN,E4:EN:M,E4:EN:M:2C,2019-08-02,PIPO,20,LIVE
E4,E4:EN,E4:EN:M,E4:EN:M:2C,2019-08-02,PIPO,20,LIVE
E4,E4:EN,E4:EN:M,E4:EN:M:3,2019-08-02,PIPO,10,LIVE
E4,E4:EN,E4:EN:M,E4:EN:M:3,2019-08-02,PIPO,10,LIVE
E4,E4:EN,E4:EN:M,E4:EN:M:3,2019-08-02,PIPO,20,LIVE
E4,E4:EN,E4:EN:N,E4:EN:N:1,2019-08-03,NONE,NA,NA
E4,E4:EN,E4:EN:N,E4:EN:N:1C,2019-08-03,PIJE,NV,LIVE
E4,E4:EN,E4:EN:N,E4:EN:N:1C,2019-08-03,PIJE,NV,LIVE
E4,E4:EN,E4:EN:N,E4:EN:N:1C,2019-08-03,PSME,NV,NR
E4,E4:EN,E4:EN:N,E4:EN:N:1C,2019-08-03,PIJE,NV,LIVE
E4,E4:EN,E4:EN:N,E4:EN:N:1C,2019-08-03,PIJE,NV,LIVE
E4,E4:EN,E4:EN:N,E4:EN:N:2,2019-08-03,PSME,20,LIVE
E4,E4:EN,E4:EN:N,E4:EN:N:2,2019-08-03,PIPO,30,LIVE
E4,E4:EN,E4:EN:N,E4:EN:N:2,2019-08-03,PILA,10,LIVE
E4,E4:EN,E4:EN:N,E4:EN:N:2,2019-08-03,PIJE,30,LIVE
E4,E4:EN,E4:EN:N,E4:EN:N:2C,2019-08-03,PIJE,NV,LIVE
E4,E4:EN,E4:EN:N,E4:EN:N:2C,2019-08-03,PIJE,NV,LIVE
E4,E4:EN,E4:EN:N,E4:EN:N:2C,2019-08-03,PIJE,NV,LIVE
E4,E4:EN,E4:EN:N,E4:EN:N:2C,2019-08-03,PIJE,NV,LIVE
E4,E4:EN,E4:EN:N,E4:EN:N:3,2019-08-03,PIJE,20,LIVE
E4,E4:EN,E4:EN:N,E4:EN:N:3,2019-08-03,PSME,30,LIVE
E4,E4:EN,E4:EN:N,E4:EN:N:3,2019-08-03,PIPO,NV,LIVE
E4,E4:EN,E4:EN:S,E4:EN:S:1,2019-08-03,PIPO,110,NR
E4,E4:EN,E4:EN:S,E4:EN:S:1,2019-08-03,PIJE,10,LIVE
E4,E4:EN,E4:EN:S,E4:EN:S:1C,2019-08-03,PIJE,NV,LIVE
E4,E4:EN,E4:EN:S,E4:EN:S:1C,2019-08-03,PIJE,NV,LIVE
E4,E4:EN,E4:EN:S,E4:EN:S:1C,2019-08-03,PIJE,NV,LIVE
E4,E4:EN,E4:EN:S,E4:EN:S:1C,2019-08-03,PIJE,NV,LIVE
E4,E4:EN,E4:EN:S,E4:EN:S:1C,2019-08-03,PIJE,NV,LIVE
E4,E4:EN,E4:EN:S,E4:EN:S:2,2019-08-02,PIPO,10,LIVE
E4,E4:EN,E4:EN:S,E4:EN:S:2,2019-08-02,PSME,10,LIVE
E4,E4:EN,E4:EN:S,E4:EN:S:2,2019-08-02,PIJE,10,LIVE
E4,E4:EN,E4:EN:S,E4:EN:S:2C,2019-08-02,PIJE,10,LIVE
E4,E4:EN,E4:EN:S,E4:EN:S:2C,2019-08-02,CADE,10,LIVE
E4,E4:EN,E4:EN:S,E4:EN:S:2C,2019-08-02,PSME,0,NR
E4,E4:EN,E4:EN:S,E4:EN:S:2C,2019-08-02,PIJE,20,LIVE
E4,E4:EN,E4:EN:S,E4:EN:S:2C,2019-08-02,PIJE,10,LIVE
E4,E4:EN,E4:EN:S,E4:EN:S:2C,2019-08-02,PIPO,10,LIVE
E4,E4:EN,E4:EN:S,E4:EN:S:3,2019-08-03,PIPO,20,LIVE
E4,E4:EN,E4:EN:S,E4:EN:S:3,2019-08-03,PIJE,20,LIVE
E4,E4:EN,E4:EN:S,E4:EN:S:3,2019-08-03,PIPO,20,LIVE
E4,E4:EN,E4:EN:S,E4:EN:S:3,2019-08-03,PIJE,30,LIVE
E4,E4:EN,E4:EN:S,E4:EN:S:3,2019-08-03,PIJE,30,LIVE
E5,E5:CG,E5:CG:M,E5:CG:M:1,2019-08-04,PILA,20,LIVE
E5,E5:CG,E5:CG:M,E5:CG:M:1,2019-08-04,PIJE,20,LIVE
E5,E5:CG,E5:CG:M,E5:CG:M:1,2019-08-04,PIPO,20,LIVE
E5,E5:CG,E5:CG:M,E5:CG:M:1,2019-08-04,PILA,10,LIVE
E5,E5:CG,E5:CG:M,E5:CG:M:1C,2019-08-04,PILA,NV,LIVE
E5,E5:CG,E5:CG:M,E5:CG:M:1C,2019-08-04,PIJE,NV,LIVE
E5,E5:CG,E5:CG:M,E5:CG:M:1C,2019-08-04,PILA,NV,LIVE
E5,E5:CG,E5:CG:M,E5:CG:M:1C,2019-08-04,PIJE,NV,LIVE
E5,E5:CG,E5:CG:M,E5:CG:M:2,2019-08-04,PILA,20,LIVE
E5,E5:CG,E5:CG:M,E5:CG:M:2,2019-08-04,PIJE,20,LIVE
E5,E5:CG,E5:CG:M,E5:CG:M:2,2019-08-04,PIPO,30,LIVE
E5,E5:CG,E5:CG:M,E5:CG:M:2,2019-08-04,PILA,20,LIVE
E5,E5:CG,E5:CG:M,E5:CG:M:2,2019-08-04,PILA,10,LIVE
E5,E5:CG,E5:CG:M,E5:CG:M:2C,2019-08-04,PILA,NV,LIVE
E5,E5:CG,E5:CG:M,E5:CG:M:2C,2019-08-04,PIJE,NV,LIVE
E5,E5:CG,E5:CG:M,E5:CG:M:2C,2019-08-04,PIJE,NV,LIVE
E5,E5:CG,E5:CG:M,E5:CG:M:2C,2019-08-04,PILA,NV,LIVE
E5,E5:CG,E5:CG:M,E5:CG:M:3,2019-08-04,PILA,10,LIVE
E5,E5:CG,E5:CG:N,E5:CG:N:1,2019-08-04,PIJE,20,LIVE
E5,E5:CG,E5:CG:N,E5:CG:N:1,2019-08-04,PIJE,10,LIVE
E5,E5:CG,E5:CG:N,E5:CG:N:1C,2019-08-04,PIPO,NV,LIVE
E5,E5:CG,E5:CG:N,E5:CG:N:1C,2019-08-04,PIPO,NV,LIVE
E5,E5:CG,E5:CG:N,E5:CG:N:1C,2019-08-04,PIJE,NV,LIVE
E5,E5:CG,E5:CG:N,E5:CG:N:2,2019-08-04,PIPO,20,LIVE
E5,E5:CG,E5:CG:N,E5:CG:N:2,2019-08-04,PIJE,20,LIVE
E5,E5:CG,E5:CG:N,E5:CG:N:2,2019-08-04,PIJE,20,LIVE
E5,E5:CG,E5:CG:N,E5:CG:N:2,2019-08-04,PIJE,20,LIVE
E5,E5:CG,E5:CG:N,E5:CG:N:2C,2019-08-04,PIJE,NV,LIVE
E5,E5:CG,E5:CG:N,E5:CG:N:2C,2019-08-04,PIJE,NV,LIVE
E5,E5:CG,E5:CG:N,E5:CG:N:2C,2019-08-04,PIPO,NV,LIVE
E5,E5:CG,E5:CG:N,E5:CG:N:2C,2019-08-04,PIJE,NV,LIVE
E5,E5:CG,E5:CG:N,E5:CG:N:2C,2019-08-04,PIJE,NV,LIVE
E5,E5:CG,E5:CG:N,E5:CG:N:2C,2019-08-04,PIJE,NV,LIVE
E5,E5:CG,E5:CG:N,E5:CG:N:2C,2019-08-04,PIPO,NV,LIVE
E5,E5:CG,E5:CG:N,E5:CG:N:3,2019-08-04,PIPO,20,LIVE
E5,E5:CG,E5:CG:S,E5:CG:S:1,2019-08-04,PIPO,10,LIVE
E5,E5:CG,E5:CG:S,E5:CG:S:1,2019-08-04,PSME,20,LIVE
E5,E5:CG,E5:CG:S,E5:CG:S:1,2019-08-04,PSME,20,LIVE
E5,E5:CG,E5:CG:S,E5:CG:S:1,2019-08-04,PSME,20,LIVE
E5,E5:CG,E5:CG:S,E5:CG:S:1,2019-08-04,PSME,10,LIVE
E5,E5:CG,E5:CG:S,E5:CG:S:1,2019-08-04,PSME,10,LIVE
E5,E5:CG,E5:CG:S,E5:CG:S:1C,2019-08-04,PIJE,NV,LIVE
E5,E5:CG,E5:CG:S,E5:CG:S:1C,2019-08-04,PSME,NV,LIVE
E5,E5:CG,E5:CG:S,E5:CG:S:1C,2019-08-04,PIJE,NV,LIVE
E5,E5:CG,E5:CG:S,E5:CG:S:1C,2019-08-04,PSME,NV,LIVE
E5,E5:CG,E5:CG:S,E5:CG:S:2,2019-08-04,PIPO,30,LIVE
E5,E5:CG,E5:CG:S,E5:CG:S:2,2019-08-04,PIPO,20,LIVE
E5,E5:CG,E5:CG:S,E5:CG:S:2,2019-08-04,PIPO,30,LIVE
E5,E5:CG,E5:CG:S,E5:CG:S:2,2019-08-04,PSME,10,LIVE
E5,E5:CG,E5:CG:S,E5:CG:S:2C,2019-08-04,CADE,NV,LIVE
E5,E5:CG,E5:CG:S,E5:CG:S:2C,2019-08-04,CADE,NV,LIVE
E5,E5:CG,E5:CG:S,E5:CG:S:3,2019-08-04,NONE,NA,NA
E5,E5:CH,E5:CH:M,E5:CH:M:1,2019-08-04,PIJE,20,LIVE
E5,E5:CH,E5:CH:M,E5:CH:M:1C,2019-08-04,PIJE,NV,LIVE
E5,E5:CH,E5:CH:M,E5:CH:M:1C,2019-08-04,PIJE,NV,LIVE
E5,E5:CH,E5:CH:M,E5:CH:M:1C,2019-08-04,PIPO,NV,LIVE
E5,E5:CH,E5:CH:M,E5:CH:M:1C,2019-08-04,PIPO,NV,LIVE
E5,E5:CH,E5:CH:M,E5:CH:M:1C,2019-08-04,PIJE,NV,LIVE
E5,E5:CH,E5:CH:M,E5:CH:M:2,2019-08-04,PIJE,20,LIVE
E5,E5:CH,E5:CH:M,E5:CH:M:2,2019-08-04,CADE,20,LIVE
E5,E5:CH,E5:CH:M,E5:CH:M:2C,2019-08-04,PSME,NV,LIVE
E5,E5:CH,E5:CH:M,E5:CH:M:2C,2019-08-04,CADE,NV,LIVE
E5,E5:CH,E5:CH:M,E5:CH:M:3,2019-08-04,PSME,10,LIVE
E5,E5:CH,E5:CH:N,E5:CH:N:1,2019-08-04,PIJE,10,LIVE
E5,E5:CH,E5:CH:N,E5:CH:N:1,2019-08-04,PIPO,30,LIVE
E5,E5:CH,E5:CH:N,E5:CH:N:1C,2019-08-04,PIPO,NV,LIVE
E5,E5:CH,E5:CH:N,E5:CH:N:1C,2019-08-04,PIJE,NV,LIVE
E5,E5:CH,E5:CH:N,E5:CH:N:1C,2019-08-04,PIJE,NV,LIVE
E5,E5:CH,E5:CH:N,E5:CH:N:1C,2019-08-04,PIPO,NV,LIVE
E5,E5:CH,E5:CH:N,E5:CH:N:2,2019-08-04,PIPO,30,LIVE
E5,E5:CH,E5:CH:N,E5:CH:N:2,2019-08-04,PIJE,30,LIVE
E5,E5:CH,E5:CH:N,E5:CH:N:2,2019-08-04,PIPO,20,LIVE
E5,E5:CH,E5:CH:N,E5:CH:N:2C,2019-08-04,PIJE,NV,LIVE
E5,E5:CH,E5:CH:N,E5:CH:N:2C,2019-08-04,PIPO,NV,LIVE
E5,E5:CH,E5:CH:N,E5:CH:N:2C,2019-08-04,PIPO,NV,LIVE
E5,E5:CH,E5:CH:N,E5:CH:N:3,2019-08-04,PSME,10,LIVE
E5,E5:CH,E5:CH:N,E5:CH:N:3,2019-08-04,PSME,20,LIVE
E5,E5:CH,E5:CH:N,E5:CH:N:3,2019-08-04,PIPO,20,LIVE
E5,E5:CH,E5:CH:N,E5:CH:N:3,2019-08-04,PIPO,20,LIVE
E5,E5:CH,E5:CH:N,E5:CH:N:3,2019-08-04,PIJE,20,LIVE
E5,E5:CH,E5:CH:S,E5:CH:S:1,2019-08-04,PIJE,20,LIVE
E5,E5:CH,E5:CH:S,E5:CH:S:1,2019-08-04,PIPO,20,LIVE
E5,E5:CH,E5:CH:S,E5:CH:S:1,2019-08-04,PIJE,20,LIVE
E5,E5:CH,E5:CH:S,E5:CH:S:1,2019-08-04,CADE,20,LIVE
E5,E5:CH,E5:CH:S,E5:CH:S:1,2019-08-04,PIPO,20,LIVE
E5,E5:CH,E5:CH:S,E5:CH:S:1C,2019-08-04,PIJE,NV,LIVE
E5,E5:CH,E5:CH:S,E5:CH:S:1C,2019-08-04,PILA,NV,LIVE
E5,E5:CH,E5:CH:S,E5:CH:S:1C,2019-08-04,PIPO,NV,LIVE
E5,E5:CH,E5:CH:S,E5:CH:S:1C,2019-08-04,PIPO,NV,DYING
E5,E5:CH,E5:CH:S,E5:CH:S:1C,2019-08-04,PIPO,NV,LIVE
E5,E5:CH,E5:CH:S,E5:CH:S:2,2019-08-04,PIPO,20,LIVE
E5,E5:CH,E5:CH:S,E5:CH:S:2,2019-08-04,PIPO,20,LIVE
E5,E5:CH,E5:CH:S,E5:CH:S:2,2019-08-04,PIPO,30,LIVE
E5,E5:CH,E5:CH:S,E5:CH:S:2C,2019-08-04,PIPO,NV,LIVE
E5,E5:CH,E5:CH:S,E5:CH:S:2C,2019-08-04,PIJE,NV,LIVE
E5,E5:CH,E5:CH:S,E5:CH:S:2C,2019-08-04,PIPO,NV,LIVE
E5,E5:CH,E5:CH:S,E5:CH:S:2C,2019-08-04,PIJE,NV,LIVE
E5,E5:CH,E5:CH:S,E5:CH:S:2C,2019-08-04,PIJE,NV,LIVE
E5,E5:CH,E5:CH:S,E5:CH:S:2C,2019-08-04,PIJE,NV,LIVE
E5,E5:CH,E5:CH:S,E5:CH:S:3,2019-08-04,PILA,10,LIVE
E5,E5:CH,E5:CH:S,E5:CH:S:3,2019-08-04,PIJE,20,LIVE
E5,E5:CN,E5:CN:M,E5:CN:M:1,2019-08-04,PIJE,10,LIVE
E5,E5:CN,E5:CN:M,E5:CN:M:1,2019-08-04,PIJE,10,LIVE
E5,E5:CN,E5:CN:M,E5:CN:M:1,2019-08-04,PILA,10,LIVE
E5,E5:CN,E5:CN:M,E5:CN:M:1C,2019-08-04,PILA,NV,LIVE
E5,E5:CN,E5:CN:M,E5:CN:M:1C,2019-08-04,PILA,NV,LIVE
E5,E5:CN,E5:CN:M,E5:CN:M:2,2019-08-04,PILA,10,LIVE
E5,E5:CN,E5:CN:M,E5:CN:M:2,2019-08-04,PILA,20,LIVE
E5,E5:CN,E5:CN:M,E5:CN:M:2,2019-08-04,PILA,20,LIVE
E5,E5:CN,E5:CN:M,E5:CN:M:2,2019-08-04,PILA,10,LIVE
E5,E5:CN,E5:CN:M,E5:CN:M:2,2019-08-04,PILA,10,LIVE
E5,E5:CN,E5:CN:M,E5:CN:M:2C,2019-08-04,PILA,NV,LIVE
E5,E5:CN,E5:CN:M,E5:CN:M:2C,2019-08-04,PIPO,NV,LIVE
E5,E5:CN,E5:CN:M,E5:CN:M:2C,2019-08-04,PILA,NV,LIVE
E5,E5:CN,E5:CN:M,E5:CN:M:2C,2019-08-04,PILA,NV,LIVE
E5,E5:CN,E5:CN:M,E5:CN:M:3,2019-08-04,PIJE,20,LIVE
E5,E5:CN,E5:CN:M,E5:CN:M:3,2019-08-04,PIJE,10,LIVE
E5,E5:CN,E5:CN:M,E5:CN:M:3,2019-08-04,PIPO,30,LIVE
E5,E5:CN,E5:CN:M,E5:CN:M:3,2019-08-04,PIPO,30,LIVE
E5,E5:CN,E5:CN:M,E5:CN:M:3,2019-08-04,PIPO,30,LIVE
E5,E5:CN,E5:CN:M,E5:CN:M:3,2019-08-04,PIPO,30,LIVE
E5,E5:CN,E5:CN:N,E5:CN:N:1,2019-08-04,PSME,20,LIVE
E5,E5:CN,E5:CN:N,E5:CN:N:1,2019-08-04,PSME,20,LIVE
E5,E5:CN,E5:CN:N,E5:CN:N:1,2019-08-04,PIJE,20,LIVE
E5,E5:CN,E5:CN:N,E5:CN:N:1C,2019-08-04,PIPO,NV,LIVE
E5,E5:CN,E5:CN:N,E5:CN:N:1C,2019-08-04,PIJE,NV,LIVE
E5,E5:CN,E5:CN:N,E5:CN:N:1C,2019-08-04,PIJE,NV,LIVE
E5,E5:CN,E5:CN:N,E5:CN:N:1C,2019-08-04,PIJE,NV,LIVE
E5,E5:CN,E5:CN:N,E5:CN:N:1C,2019-08-04,PIJE,NV,LIVE
E5,E5:CN,E5:CN:N,E5:CN:N:1C,2019-08-04,PIJE,NV,LIVE
E5,E5:CN,E5:CN:N,E5:CN:N:2,2019-08-04,PIPO,30,LIVE
E5,E5:CN,E5:CN:N,E5:CN:N:2,2019-08-04,PIJE,10,LIVE
E5,E5:CN,E5:CN:N,E5:CN:N:2C,2019-08-04,PIJE,NV,LIVE
E5,E5:CN,E5:CN:N,E5:CN:N:2C,2019-08-04,CADE,NV,LIVE
E5,E5:CN,E5:CN:N,E5:CN:N:2C,2019-08-04,PIPO,NV,LIVE
E5,E5:CN,E5:CN:N,E5:CN:N:2C,2019-08-04,PIJE,NV,LIVE
E5,E5:CN,E5:CN:N,E5:CN:N:3,2019-08-04,PIJE,20,LIVE
E5,E5:CN,E5:CN:N,E5:CN:N:3,2019-08-04,PIJE,10,LIVE
E5,E5:CN,E5:CN:N,E5:CN:N:3,2019-08-04,PIPO,20,LIVE
E5,E5:CN,E5:CN:N,E5:CN:N:3,2019-08-04,PIPO,20,LIVE
E5,E5:CN,E5:CN:S,E5:CN:S:1,2019-08-04,PSME,20,LIVE
E5,E5:CN,E5:CN:S,E5:CN:S:1,2019-08-04,PSME,20,LIVE
E5,E5:CN,E5:CN:S,E5:CN:S:1C,2019-08-04,PIJE,NV,LIVE
E5,E5:CN,E5:CN:S,E5:CN:S:1C,2019-08-04,PILA,NV,LIVE
E5,E5:CN,E5:CN:S,E5:CN:S:1C,2019-08-04,PILA,NV,LIVE
E5,E5:CN,E5:CN:S,E5:CN:S:2,2019-08-04,PILA,20,LIVE
E5,E5:CN,E5:CN:S,E5:CN:S:2C,2019-08-04,PSME,NV,LIVE
E5,E5:CN,E5:CN:S,E5:CN:S:2C,2019-08-04,PSME,NV,LIVE
E5,E5:CN,E5:CN:S,E5:CN:S:2C,2019-08-04,PIJE,NV,LIVE
E5,E5:CN,E5:CN:S,E5:CN:S:2C,2019-08-04,PIJE,NV,LIVE
E5,E5:CN,E5:CN:S,E5:CN:S:2C,2019-08-04,PIJE,NV,LIVE
E5,E5:CN,E5:CN:S,E5:CN:S:3,2019-08-04,PIJE,10,LIVE
E5,E5:CN,E5:CN:S,E5:CN:S:3,2019-08-04,PIJE,10,LIVE
E5,E5:EG,E5:EG:M,E5:EG:M:1,2019-08-04,PIJE,20,LIVE
E5,E5:EG,E5:EG:M,E5:EG:M:1,2019-08-04,PIPO,20,LIVE
E5,E5:EG,E5:EG:M,E5:EG:M:1C,2019-08-04,PIPO,NV,LIVE
E5,E5:EG,E5:EG:M,E5:EG:M:1C,2019-08-04,PIJE,NV,LIVE
E5,E5:EG,E5:EG:M,E5:EG:M:1C,2019-08-04,PIJE,NV,LIVE
E5,E5:EG,E5:EG:M,E5:EG:M:1C,2019-08-04,PIPO,NV,LIVE
E5,E5:EG,E5:EG:M,E5:EG:M:1C,2019-08-04,PIPO,NV,LIVE
E5,E5:EG,E5:EG:M,E5:EG:M:2,2019-08-04,PIJE,20,LIVE
E5,E5:EG,E5:EG:M,E5:EG:M:2,2019-08-04,PIJE,20,LIVE
E5,E5:EG,E5:EG:M,E5:EG:M:2,2019-08-04,PIJE,20,LIVE
E5,E5:EG,E5:EG:M,E5:EG:M:2,2019-08-04,PIJE,20,LIVE
E5,E5:EG,E5:EG:M,E5:EG:M:2,2019-08-04,PIJE,20,LIVE
E5,E5:EG,E5:EG:M,E5:EG:M:2,2019-08-04,PIJE,30,LIVE
E5,E5:EG,E5:EG:M,E5:EG:M:2C,2019-08-04,PIJE,NV,LIVE
E5,E5:EG,E5:EG:M,E5:EG:M:2C,2019-08-04,PIJE,NV,LIVE
E5,E5:EG,E5:EG:M,E5:EG:M:2C,2019-08-04,PIJE,NV,LIVE
E5,E5:EG,E5:EG:M,E5:EG:M:2C,2019-08-04,PIJE,NV,LIVE
E5,E5:EG,E5:EG:M,E5:EG:M:3,2019-08-04,PIJE,20,LIVE
E5,E5:EG,E5:EG:M,E5:EG:M:3,2019-08-04,PIJE,20,LIVE
E5,E5:EG,E5:EG:M,E5:EG:M:3,2019-08-04,PIJE,20,LIVE
E5,E5:EG,E5:EG:M,E5:EG:M:3,2019-08-04,PIJE,20,LIVE
E5,E5:EG,E5:EG:N,E5:EG:N:1,2019-08-04,PIJE,30,LIVE
E5,E5:EG,E5:EG:N,E5:EG:N:1,2019-08-04,PIJE,30,LIVE
E5,E5:EG,E5:EG:N,E5:EG:N:1,2019-08-04,PIJE,30,LIVE
E5,E5:EG,E5:EG:N,E5:EG:N:1C,2019-08-04,PIJE,NV,LIVE
E5,E5:EG,E5:EG:N,E5:EG:N:1C,2019-08-04,PIJE,NV,LIVE
E5,E5:EG,E5:EG:N,E5:EG:N:1C,2019-08-04,PIJE,NV,LIVE
E5,E5:EG,E5:EG:N,E5:EG:N:1C,2019-08-04,PIPO,NV,LIVE
E5,E5:EG,E5:EG:N,E5:EG:N:2,2019-08-04,PIPO,20,LIVE
E5,E5:EG,E5:EG:N,E5:EG:N:2,2019-08-04,PIPO,30,LIVE
E5,E5:EG,E5:EG:N,E5:EG:N:2,2019-08-04,PIPO,30,LIVE
E5,E5:EG,E5:EG:N,E5:EG:N:2,2019-08-04,PIPO,30,LIVE
E5,E5:EG,E5:EG:N,E5:EG:N:2,2019-08-04,PIPO,30,LIVE
E5,E5:EG,E5:EG:N,E5:EG:N:2C,2019-08-04,PIJE,NV,LIVE
E5,E5:EG,E5:EG:N,E5:EG:N:2C,2019-08-04,PIPO,NV,LIVE
E5,E5:EG,E5:EG:N,E5:EG:N:2C,2019-08-04,PIJE,NV,LIVE
E5,E5:EG,E5:EG:N,E5:EG:N:2C,2019-08-04,PIPO,NV,LIVE
E5,E5:EG,E5:EG:N,E5:EG:N:2C,2019-08-04,PIPO,NV,LIVE
E5,E5:EG,E5:EG:N,E5:EG:N:3,2019-08-04,PIJE,20,LIVE
E5,E5:EG,E5:EG:N,E5:EG:N:3,2019-08-04,PIJE,20,LIVE
E5,E5:EG,E5:EG:N,E5:EG:N:3,2019-08-04,PIPO,30,LIVE
E5,E5:EG,E5:EG:S,E5:EG:S:1,2019-08-04,NONE,NA,NA
E5,E5:EG,E5:EG:S,E5:EG:S:1C,2019-08-04,PSME,NV,LIVE
E5,E5:EG,E5:EG:S,E5:EG:S:1C,2019-08-04,PSME,NV,LIVE
E5,E5:EG,E5:EG:S,E5:EG:S:1C,2019-08-04,PILA,NV,LIVE
E5,E5:EG,E5:EG:S,E5:EG:S:1C,2019-08-04,PILA,NV,LIVE
E5,E5:EG,E5:EG:S,E5:EG:S:2,2019-08-04,CADE,NV,LIVE
E5,E5:EG,E5:EG:S,E5:EG:S:2,2019-08-04,PSME,NV,LIVE
E5,E5:EG,E5:EG:S,E5:EG:S:2C,2019-08-04,CADE,NV,LIVE
E5,E5:EG,E5:EG:S,E5:EG:S:2C,2019-08-04,CADE,NV,LIVE
E5,E5:EG,E5:EG:S,E5:EG:S:2C,2019-08-04,PILA,NV,LIVE
E5,E5:EG,E5:EG:S,E5:EG:S:2C,2019-08-04,PSME,NV,LIVE
E5,E5:EG,E5:EG:S,E5:EG:S:3,2019-08-04,CADE,10,LIVE
E5,E5:EG,E5:EG:S,E5:EG:S:3,2019-08-04,PIJE,10,LIVE
E5,E5:EH,E5:EH:M,E5:EH:M:1,2019-08-04,PIJE,10,LIVE
E5,E5:EH,E5:EH:M,E5:EH:M:1,2019-08-04,PIJE,20,LIVE
E5,E5:EH,E5:EH:M,E5:EH:M:1,2019-08-04,PIJE,20,LIVE
E5,E5:EH,E5:EH:M,E5:EH:M:1C,2019-08-04,PIJE,NV,LIVE
E5,E5:EH,E5:EH:M,E5:EH:M:1C,2019-08-04,CADE,NV,LIVE
E5,E5:EH,E5:EH:M,E5:EH:M:1C,2019-08-04,PIJE,NV,LIVE
E5,E5:EH,E5:EH:M,E5:EH:M:1C,2019-08-04,PIJE,NV,LIVE
E5,E5:EH,E5:EH:M,E5:EH:M:2,2019-08-04,NONE,NA,NA
E5,E5:EH,E5:EH:M,E5:EH:M:2C,2019-08-04,PIPO,NV,LIVE
E5,E5:EH,E5:EH:M,E5:EH:M:2C,2019-08-04,PIJE,NV,LIVE
E5,E5:EH,E5:EH:M,E5:EH:M:3,2019-08-04,NONE,NA,NA
E5,E5:EH,E5:EH:N,E5:EH:N:1,2019-08-04,PIJE,20,LIVE
E5,E5:EH,E5:EH:N,E5:EH:N:1,2019-08-04,PIPO,20,LIVE
E5,E5:EH,E5:EH:N,E5:EH:N:1,2019-08-04,PIJE,10,LIVE
E5,E5:EH,E5:EH:N,E5:EH:N:1C,2019-08-04,PIJE,NV,LIVE
E5,E5:EH,E5:EH:N,E5:EH:N:1C,2019-08-04,PIJE,NV,LIVE
E5,E5:EH,E5:EH:N,E5:EH:N:1C,2019-08-04,PIJE,NV,LIVE
E5,E5:EH,E5:EH:N,E5:EH:N:1C,2019-08-04,PIJE,NV,LIVE
E5,E5:EH,E5:EH:N,E5:EH:N:1C,2019-08-04,PIJE,NV,LIVE
E5,E5:EH,E5:EH:N,E5:EH:N:2,2019-08-04,PIPO,30,LIVE
E5,E5:EH,E5:EH:N,E5:EH:N:2C,2019-08-04,PIPO,NV,LIVE
E5,E5:EH,E5:EH:N,E5:EH:N:2C,2019-08-04,PIJE,NV,LIVE
E5,E5:EH,E5:EH:N,E5:EH:N:2C,2019-08-04,PIJE,NV,LIVE
E5,E5:EH,E5:EH:N,E5:EH:N:2C,2019-08-04,PIPO,NV,LIVE
E5,E5:EH,E5:EH:N,E5:EH:N:3,2019-08-04,PIPO,20,LIVE
E5,E5:EH,E5:EH:N,E5:EH:N:3,2019-08-04,PIPO,30,LIVE
E5,E5:EH,E5:EH:S,E5:EH:S:1,2019-08-04,PIJE,20,LIVE
E5,E5:EH,E5:EH:S,E5:EH:S:1,2019-08-04,PILA,20,LIVE
E5,E5:EH,E5:EH:S,E5:EH:S:1,2019-08-04,PILA,10,LIVE
E5,E5:EH,E5:EH:S,E5:EH:S:1,2019-08-04,PILA,10,LIVE
E5,E5:EH,E5:EH:S,E5:EH:S:1,2019-08-04,PIJE,20,LIVE
E5,E5:EH,E5:EH:S,E5:EH:S:1,2019-08-04,PIJE,10,DEAD
E5,E5:EH,E5:EH:S,E5:EH:S:1C,2019-08-04,PSME,NV,LIVE
E5,E5:EH,E5:EH:S,E5:EH:S:1C,2019-08-04,PSME,NV,LIVE
E5,E5:EH,E5:EH:S,E5:EH:S:1C,2019-08-04,PIJE,NV,DEAD
E5,E5:EH,E5:EH:S,E5:EH:S:1C,2019-08-04,PIJE,NV,LIVE
E5,E5:EH,E5:EH:S,E5:EH:S:1C,2019-08-04,PILA,NV,LIVE
E5,E5:EH,E5:EH:S,E5:EH:S:2,2019-08-04,PIPO,10,DEAD
E5,E5:EH,E5:EH:S,E5:EH:S:2,2019-08-04,PIJE,10,LIVE
E5,E5:EH,E5:EH:S,E5:EH:S:2,2019-08-04,PSME,20,LIVE
E5,E5:EH,E5:EH:S,E5:EH:S:2,2019-08-04,PILA,10,LIVE
E5,E5:EH,E5:EH:S,E5:EH:S:2,2019-08-04,PIJE,20,LIVE
E5,E5:EH,E5:EH:S,E5:EH:S:2,2019-08-04,PSME,20,LIVE
E5,E5:EH,E5:EH:S,E5:EH:S:2C,2019-08-04,PIJE,NV,LIVE
E5,E5:EH,E5:EH:S,E5:EH:S:2C,2019-08-04,PSME,NV,LIVE
E5,E5:EH,E5:EH:S,E5:EH:S:2C,2019-08-04,PSME,NV,LIVE
E5,E5:EH,E5:EH:S,E5:EH:S:2C,2019-08-04,PSME,NV,LIVE
E5,E5:EH,E5:EH:S,E5:EH:S:3,2019-08-04,PSME,20,LIVE
E5,E5:EH,E5:EH:S,E5:EH:S:3,2019-08-04,PSME,20,LIVE
E5,E5:EN,E5:EN:M,E5:EN:M:1,2019-08-04,PIPO,20,LIVE
E5,E5:EN,E5:EN:M,E5:EN:M:1C,2019-08-04,PIPO,NV,LIVE
E5,E5:EN,E5:EN:M,E5:EN:M:1C,2019-08-04,PIJE,NV,LIVE
E5,E5:EN,E5:EN:M,E5:EN:M:1C,2019-08-04,PIJE,NV,LIVE
E5,E5:EN,E5:EN:M,E5:EN:M:1C,2019-08-04,PIPO,NV,LIVE
E5,E5:EN,E5:EN:M,E5:EN:M:2,2019-08-04,NONE,NA,NA
E5,E5:EN,E5:EN:M,E5:EN:M:2C,2019-08-04,PIPO,NV,LIVE
E5,E5:EN,E5:EN:M,E5:EN:M:2C,2019-08-04,PIPO,NV,LIVE
E5,E5:EN,E5:EN:M,E5:EN:M:2C,2019-08-04,PILA,NV,LIVE
E5,E5:EN,E5:EN:M,E5:EN:M:2C,2019-08-04,PIPO,NV,LIVE
E5,E5:EN,E5:EN:M,E5:EN:M:3,2019-08-04,PSME,20,LIVE
E5,E5:EN,E5:EN:M,E5:EN:M:3,2019-08-04,PIPO,20,LIVE
E5,E5:EN,E5:EN:N,E5:EN:N:1,2019-08-04,PIPO,20,LIVE
E5,E5:EN,E5:EN:N,E5:EN:N:1,2019-08-04,PIPO,20,LIVE
E5,E5:EN,E5:EN:N,E5:EN:N:1,2019-08-04,PSME,20,LIVE
E5,E5:EN,E5:EN:N,E5:EN:N:1,2019-08-04,PSME,20,LIVE
E5,E5:EN,E5:EN:N,E5:EN:N:1,2019-08-04,PSME,20,LIVE
E5,E5:EN,E5:EN:N,E5:EN:N:1C,2019-08-04,PSME,NV,LIVE
E5,E5:EN,E5:EN:N,E5:EN:N:1C,2019-08-04,PSME,NV,LIVE
E5,E5:EN,E5:EN:N,E5:EN:N:1C,2019-08-04,PSME,NV,LIVE
E5,E5:EN,E5:EN:N,E5:EN:N:2,2019-08-04,PSME,20,LIVE
E5,E5:EN,E5:EN:N,E5:EN:N:2C,2019-08-04,PSME,NV,LIVE
E5,E5:EN,E5:EN:N,E5:EN:N:2C,2019-08-04,PIJE,NV,LIVE
E5,E5:EN,E5:EN:N,E5:EN:N:3,2019-08-04,PIJE,20,LIVE
E5,E5:EN,E5:EN:N,E5:EN:N:3,2019-08-04,PSME,20,LIVE
E5,E5:EN,E5:EN:N,E5:EN:N:3,2019-08-04,CADE,20,LIVE
E5,E5:EN,E5:EN:S,E5:EN:S:1,2019-08-04,PIJE,20,LIVE
E5,E5:EN,E5:EN:S,E5:EN:S:1,2019-08-04,PILA,10,LIVE
E5,E5:EN,E5:EN:S,E5:EN:S:1,2019-08-04,PIJE,20,LIVE
E5,E5:EN,E5:EN:S,E5:EN:S:1C,2019-08-04,PIJE,NV,LIVE
E5,E5:EN,E5:EN:S,E5:EN:S:1C,2019-08-04,PIJE,NV,LIVE
E5,E5:EN,E5:EN:S,E5:EN:S:1C,2019-08-04,PIPO,NV,LIVE
E5,E5:EN,E5:EN:S,E5:EN:S:1C,2019-08-04,PIJE,NV,LIVE
E5,E5:EN,E5:EN:S,E5:EN:S:2,2019-08-04,PIPO,20,LIVE
E5,E5:EN,E5:EN:S,E5:EN:S:2C,2019-08-04,PIJE,NV,LIVE
E5,E5:EN,E5:EN:S,E5:EN:S:2C,2019-08-04,PIJE,NV,LIVE
E5,E5:EN,E5:EN:S,E5:EN:S:2C,2019-08-04,PIJE,NV,LIVE
E5,E5:EN,E5:EN:S,E5:EN:S:3,2019-08-04,PIPO,40,LIVE
E5,E5:EN,E5:EN:S,E5:EN:S:3,2019-08-04,PIPO,30,LIVE
E5,E5:EN,E5:EN:S,E5:EN:S:3,2019-08-04,PIPO,20,LIVE