block,plot,transect,subtransect,date,location_m,litter_cm,duff_cm,fuel_cm
E1,E1:CG,E1:CG:M,E1:CG:M:1,2019-07-30,3,0,0,0
E1,E1:CG,E1:CG:M,E1:CG:M:1,2019-07-30,7,1,0,1
E1,E1:CG,E1:CG:M,E1:CG:M:1,2019-07-30,13,6,0,10
E1,E1:CG,E1:CG:M,E1:CG:M:1,2019-07-30,17,0,0,0
E1,E1:CG,E1:CG:M,E1:CG:M:1,2019-07-30,23,0,0,0
E1,E1:CG,E1:CG:M,E1:CG:M:1,2019-07-30,27,0,0,0
E1,E1:CG,E1:CG:M,E1:CG:M:2,2019-07-30,3,0,0,0
E1,E1:CG,E1:CG:M,E1:CG:M:2,2019-07-30,7,3,0,3
E1,E1:CG,E1:CG:M,E1:CG:M:2,2019-07-30,13,0,0,0
E1,E1:CG,E1:CG:M,E1:CG:M:2,2019-07-30,17,1,0,1
E1,E1:CG,E1:CG:M,E1:CG:M:2,2019-07-30,23,0,0,0
E1,E1:CG,E1:CG:M,E1:CG:M:2,2019-07-30,27,0,0,4
E1,E1:CG,E1:CG:M,E1:CG:M:3,2019-07-30,3,0,0,0
E1,E1:CG,E1:CG:M,E1:CG:M:3,2019-07-30,7,0,0,0
E1,E1:CG,E1:CG:M,E1:CG:M:3,2019-07-30,13,1,0,1
E1,E1:CG,E1:CG:M,E1:CG:M:3,2019-07-30,17,0,0,40
E1,E1:CG,E1:CG:M,E1:CG:M:3,2019-07-30,23,0,0,0
E1,E1:CG,E1:CG:M,E1:CG:M:3,2019-07-30,27,0,0,0
E1,E1:CG,E1:CG:N,E1:CG:N:1,2019-07-30,3,0,0,0
E1,E1:CG,E1:CG:N,E1:CG:N:1,2019-07-30,7,0,0,0
E1,E1:CG,E1:CG:N,E1:CG:N:1,2019-07-30,13,0,0,0
E1,E1:CG,E1:CG:N,E1:CG:N:1,2019-07-30,17,0,0,1
E1,E1:CG,E1:CG:N,E1:CG:N:1,2019-07-30,23,0,0,0
E1,E1:CG,E1:CG:N,E1:CG:N:1,2019-07-30,27,0,0,0
E1,E1:CG,E1:CG:N,E1:CG:N:2,2019-07-30,3,1,0,9
E1,E1:CG,E1:CG:N,E1:CG:N:2,2019-07-30,7,2,0,2
E1,E1:CG,E1:CG:N,E1:CG:N:2,2019-07-30,13,0,0,0
E1,E1:CG,E1:CG:N,E1:CG:N:2,2019-07-30,17,0,0,2
E1,E1:CG,E1:CG:N,E1:CG:N:2,2019-07-30,23,0,0,0
E1,E1:CG,E1:CG:N,E1:CG:N:2,2019-07-30,27,2,0,2
E1,E1:CG,E1:CG:N,E1:CG:N:3,2019-07-30,3,0,0,0
E1,E1:CG,E1:CG:N,E1:CG:N:3,2019-07-30,7,0,0,0
E1,E1:CG,E1:CG:N,E1:CG:N:3,2019-07-30,13,1,0,1
E1,E1:CG,E1:CG:N,E1:CG:N:3,2019-07-30,17,0,1,0
E1,E1:CG,E1:CG:N,E1:CG:N:3,2019-07-30,23,2,2,20
E1,E1:CG,E1:CG:N,E1:CG:N:3,2019-07-30,27,1,1,20
E1,E1:CG,E1:CG:S,E1:CG:S:1,2019-07-30,3,0,0,15
E1,E1:CG,E1:CG:S,E1:CG:S:1,2019-07-30,7,0,0,0
E1,E1:CG,E1:CG:S,E1:CG:S:1,2019-07-30,13,0,0,0
E1,E1:CG,E1:CG:S,E1:CG:S:1,2019-07-30,17,0,0,0
E1,E1:CG,E1:CG:S,E1:CG:S:1,2019-07-30,23,0,0,0
E1,E1:CG,E1:CG:S,E1:CG:S:1,2019-07-30,27,0,2,2
E1,E1:CG,E1:CG:S,E1:CG:S:2,2019-07-30,3,0,0,0
E1,E1:CG,E1:CG:S,E1:CG:S:2,2019-07-30,7,0,0,0
E1,E1:CG,E1:CG:S,E1:CG:S:2,2019-07-30,13,0,0,0
E1,E1:CG,E1:CG:S,E1:CG:S:2,2019-07-30,17,0,0,0
E1,E1:CG,E1:CG:S,E1:CG:S:2,2019-07-30,23,0,0,0
E1,E1:CG,E1:CG:S,E1:CG:S:2,2019-07-30,27,0,1,1
E1,E1:CG,E1:CG:S,E1:CG:S:3,2019-07-30,3,0,0,0
E1,E1:CG,E1:CG:S,E1:CG:S:3,2019-07-30,7,1,0,1
E1,E1:CG,E1:CG:S,E1:CG:S:3,2019-07-30,13,0,0,0
E1,E1:CG,E1:CG:S,E1:CG:S:3,2019-07-30,17,0,0,0
E1,E1:CG,E1:CG:S,E1:CG:S:3,2019-07-30,23,0,0,0
E1,E1:CG,E1:CG:S,E1:CG:S:3,2019-07-30,27,0,0,0
E1,E1:CH,E1:CH:M,E1:CH:M:1,2019-07-29,3,0,0,0
E1,E1:CH,E1:CH:M,E1:CH:M:1,2019-07-29,7,0,0,0
E1,E1:CH,E1:CH:M,E1:CH:M:1,2019-07-29,13,0,0,0
E1,E1:CH,E1:CH:M,E1:CH:M:1,2019-07-29,17,1,0,14
E1,E1:CH,E1:CH:M,E1:CH:M:1,2019-07-29,23,0,0,15
E1,E1:CH,E1:CH:M,E1:CH:M:1,2019-07-29,27,1,0,0
E1,E1:CH,E1:CH:M,E1:CH:M:2,2019-07-29,3,1,0,1
E1,E1:CH,E1:CH:M,E1:CH:M:2,2019-07-29,7,2,0,2
E1,E1:CH,E1:CH:M,E1:CH:M:2,2019-07-29,13,0,0,0
E1,E1:CH,E1:CH:M,E1:CH:M:2,2019-07-29,17,0,0,0
E1,E1:CH,E1:CH:M,E1:CH:M:2,2019-07-29,23,1,0,1
E1,E1:CH,E1:CH:M,E1:CH:M:2,2019-07-29,27,2,0,2
E1,E1:CH,E1:CH:M,E1:CH:M:3,2019-07-29,3,0,0,0
E1,E1:CH,E1:CH:M,E1:CH:M:3,2019-07-29,7,0,0,8
E1,E1:CH,E1:CH:M,E1:CH:M:3,2019-07-29,13,0,0,0
E1,E1:CH,E1:CH:M,E1:CH:M:3,2019-07-29,17,0,0,0
E1,E1:CH,E1:CH:M,E1:CH:M:3,2019-07-29,23,5,0,36
E1,E1:CH,E1:CH:M,E1:CH:M:3,2019-07-29,27,1,0,1
E1,E1:CH,E1:CH:N,E1:CH:N:1,2019-07-29,3,3,0,28
E1,E1:CH,E1:CH:N,E1:CH:N:1,2019-07-29,7,0,0,0
E1,E1:CH,E1:CH:N,E1:CH:N:1,2019-07-29,13,1,0,1
E1,E1:CH,E1:CH:N,E1:CH:N:1,2019-07-29,17,2,0,2
E1,E1:CH,E1:CH:N,E1:CH:N:1,2019-07-29,23,0,0,0
E1,E1:CH,E1:CH:N,E1:CH:N:1,2019-07-29,27,3,0,3
E1,E1:CH,E1:CH:N,E1:CH:N:2,2019-07-29,3,0,0,0
E1,E1:CH,E1:CH:N,E1:CH:N:2,2019-07-29,7,1,0,1
E1,E1:CH,E1:CH:N,E1:CH:N:2,2019-07-29,13,0,0,0
E1,E1:CH,E1:CH:N,E1:CH:N:2,2019-07-29,17,1,0,1
E1,E1:CH,E1:CH:N,E1:CH:N:2,2019-07-29,23,2,0,2
E1,E1:CH,E1:CH:N,E1:CH:N:2,2019-07-29,27,2,0,2
E1,E1:CH,E1:CH:N,E1:CH:N:3,2019-07-29,3,0,0,0
E1,E1:CH,E1:CH:N,E1:CH:N:3,2019-07-29,7,0,0,0
E1,E1:CH,E1:CH:N,E1:CH:N:3,2019-07-29,13,0,0,0
E1,E1:CH,E1:CH:N,E1:CH:N:3,2019-07-29,17,2,0,2
E1,E1:CH,E1:CH:N,E1:CH:N:3,2019-07-29,23,0,0,0
E1,E1:CH,E1:CH:N,E1:CH:N:3,2019-07-29,27,NA,NA,NA
E1,E1:CH,E1:CH:S,E1:CH:S:1,2019-07-30,3,0,0,0
E1,E1:CH,E1:CH:S,E1:CH:S:1,2019-07-30,7,2,0,2
E1,E1:CH,E1:CH:S,E1:CH:S:1,2019-07-30,13,1,0,1
E1,E1:CH,E1:CH:S,E1:CH:S:1,2019-07-30,17,2,0,2
E1,E1:CH,E1:CH:S,E1:CH:S:1,2019-07-30,23,3,1,3
E1,E1:CH,E1:CH:S,E1:CH:S:1,2019-07-30,27,1,0,4
E1,E1:CH,E1:CH:S,E1:CH:S:2,2019-07-30,3,0,0,3
E1,E1:CH,E1:CH:S,E1:CH:S:2,2019-07-30,7,0,0,0
E1,E1:CH,E1:CH:S,E1:CH:S:2,2019-07-30,13,1,0,2
E1,E1:CH,E1:CH:S,E1:CH:S:2,2019-07-30,17,1,0,1
E1,E1:CH,E1:CH:S,E1:CH:S:2,2019-07-30,23,0,0,0
E1,E1:CH,E1:CH:S,E1:CH:S:2,2019-07-30,27,3,0,7
E1,E1:CH,E1:CH:S,E1:CH:S:3,2019-07-30,3,0,0,0
E1,E1:CH,E1:CH:S,E1:CH:S:3,2019-07-30,7,0,0,0
E1,E1:CH,E1:CH:S,E1:CH:S:3,2019-07-30,13,2,0,10
E1,E1:CH,E1:CH:S,E1:CH:S:3,2019-07-30,17,0,0,13
E1,E1:CH,E1:CH:S,E1:CH:S:3,2019-07-30,23,1,0,1
E1,E1:CH,E1:CH:S,E1:CH:S:3,2019-07-30,27,0,0,4
E1,E1:CN,E1:CN:M,E1:CN:M:1,2019-07-30,3,0,0,0
E1,E1:CN,E1:CN:M,E1:CN:M:1,2019-07-30,7,1,0,1
E1,E1:CN,E1:CN:M,E1:CN:M:1,2019-07-30,13,0,0,0
E1,E1:CN,E1:CN:M,E1:CN:M:1,2019-07-30,17,0,0,0
E1,E1:CN,E1:CN:M,E1:CN:M:1,2019-07-30,23,1,0,1
E1,E1:CN,E1:CN:M,E1:CN:M:1,2019-07-30,27,2,0,2
E1,E1:CN,E1:CN:M,E1:CN:M:2,2019-07-30,3,0,0,0
E1,E1:CN,E1:CN:M,E1:CN:M:2,2019-07-30,7,0,0,0
E1,E1:CN,E1:CN:M,E1:CN:M:2,2019-07-30,13,0,0,0
E1,E1:CN,E1:CN:M,E1:CN:M:2,2019-07-30,17,0,0,0
E1,E1:CN,E1:CN:M,E1:CN:M:2,2019-07-30,23,1,0,1
E1,E1:CN,E1:CN:M,E1:CN:M:2,2019-07-30,27,0,0,0
E1,E1:CN,E1:CN:M,E1:CN:M:3,2019-07-30,3,1,0,6
E1,E1:CN,E1:CN:M,E1:CN:M:3,2019-07-30,7,0,0,0
E1,E1:CN,E1:CN:M,E1:CN:M:3,2019-07-30,13,0,0,0
E1,E1:CN,E1:CN:M,E1:CN:M:3,2019-07-30,17,0,0,0
E1,E1:CN,E1:CN:M,E1:CN:M:3,2019-07-30,23,1,0,1
E1,E1:CN,E1:CN:M,E1:CN:M:3,2019-07-30,27,1,0,1
E1,E1:CN,E1:CN:N,E1:CN:N:1,2019-07-30,3,0,0,6
E1,E1:CN,E1:CN:N,E1:CN:N:1,2019-07-30,7,1,0,26
E1,E1:CN,E1:CN:N,E1:CN:N:1,2019-07-30,13,0,0,0
E1,E1:CN,E1:CN:N,E1:CN:N:1,2019-07-30,17,0,0,5
E1,E1:CN,E1:CN:N,E1:CN:N:1,2019-07-30,23,0,0,0
E1,E1:CN,E1:CN:N,E1:CN:N:1,2019-07-30,27,0,0,0
E1,E1:CN,E1:CN:N,E1:CN:N:2,2019-07-30,3,0,0,0
E1,E1:CN,E1:CN:N,E1:CN:N:2,2019-07-30,7,1,0,4
E1,E1:CN,E1:CN:N,E1:CN:N:2,2019-07-30,13,0,0,0
E1,E1:CN,E1:CN:N,E1:CN:N:2,2019-07-30,17,1,0,1
E1,E1:CN,E1:CN:N,E1:CN:N:2,2019-07-30,23,2,0,5
E1,E1:CN,E1:CN:N,E1:CN:N:2,2019-07-30,27,0,0,0
E1,E1:CN,E1:CN:N,E1:CN:N:3,2019-07-30,3,0,0,0
E1,E1:CN,E1:CN:N,E1:CN:N:3,2019-07-30,7,0,1,0
E1,E1:CN,E1:CN:N,E1:CN:N:3,2019-07-30,13,0,1,0
E1,E1:CN,E1:CN:N,E1:CN:N:3,2019-07-30,17,4,1,8
E1,E1:CN,E1:CN:N,E1:CN:N:3,2019-07-30,23,0,0,0
E1,E1:CN,E1:CN:N,E1:CN:N:3,2019-07-30,27,2,0,2
E1,E1:CN,E1:CN:S,E1:CN:S:1,2019-07-30,3,0,0,14
E1,E1:CN,E1:CN:S,E1:CN:S:1,2019-07-30,7,0,0,0
E1,E1:CN,E1:CN:S,E1:CN:S:1,2019-07-30,13,0,0,0
E1,E1:CN,E1:CN:S,E1:CN:S:1,2019-07-30,17,0.5,0,0.5
E1,E1:CN,E1:CN:S,E1:CN:S:1,2019-07-30,23,1,0,8
E1,E1:CN,E1:CN:S,E1:CN:S:1,2019-07-30,27,0,0,0
E1,E1:CN,E1:CN:S,E1:CN:S:2,2019-07-30,3,0,0,0
E1,E1:CN,E1:CN:S,E1:CN:S:2,2019-07-30,7,0,0,0
E1,E1:CN,E1:CN:S,E1:CN:S:2,2019-07-30,13,0,0,0
E1,E1:CN,E1:CN:S,E1:CN:S:2,2019-07-30,17,1,0,1
E1,E1:CN,E1:CN:S,E1:CN:S:2,2019-07-30,23,0,1,0
E1,E1:CN,E1:CN:S,E1:CN:S:2,2019-07-30,27,1,0,5
E1,E1:CN,E1:CN:S,E1:CN:S:3,2019-07-30,3,0,0,0
E1,E1:CN,E1:CN:S,E1:CN:S:3,2019-07-30,7,0,0,0
E1,E1:CN,E1:CN:S,E1:CN:S:3,2019-07-30,13,0,0,0
E1,E1:CN,E1:CN:S,E1:CN:S:3,2019-07-30,17,2,0,2
E1,E1:CN,E1:CN:S,E1:CN:S:3,2019-07-30,23,0,0,0
E1,E1:CN,E1:CN:S,E1:CN:S:3,2019-07-30,27,0,0,0
E1,E1:EG,E1:EG:M,E1:EG:M:1,2019-07-30,3,0,0,12
E1,E1:EG,E1:EG:M,E1:EG:M:1,2019-07-30,7,0,0,20
E1,E1:EG,E1:EG:M,E1:EG:M:1,2019-07-30,13,0,0,0
E1,E1:EG,E1:EG:M,E1:EG:M:1,2019-07-30,17,0.5,0,0.5
E1,E1:EG,E1:EG:M,E1:EG:M:1,2019-07-30,23,4,0,4
E1,E1:EG,E1:EG:M,E1:EG:M:1,2019-07-30,27,1,0,4
E1,E1:EG,E1:EG:M,E1:EG:M:2,2019-07-30,3,0,0,0
E1,E1:EG,E1:EG:M,E1:EG:M:2,2019-07-30,7,0,0,2
E1,E1:EG,E1:EG:M,E1:EG:M:2,2019-07-30,13,0,0,3
E1,E1:EG,E1:EG:M,E1:EG:M:2,2019-07-30,17,5,0,5
E1,E1:EG,E1:EG:M,E1:EG:M:2,2019-07-30,23,0,0,0
E1,E1:EG,E1:EG:M,E1:EG:M:2,2019-07-30,27,3,0,36
E1,E1:EG,E1:EG:M,E1:EG:M:3,2019-07-30,3,0,0,0
E1,E1:EG,E1:EG:M,E1:EG:M:3,2019-07-30,7,0,0,0
E1,E1:EG,E1:EG:M,E1:EG:M:3,2019-07-30,13,NA,NA,NA
E1,E1:EG,E1:EG:M,E1:EG:M:3,2019-07-30,17,NA,NA,NA
E1,E1:EG,E1:EG:M,E1:EG:M:3,2019-07-30,23,NA,NA,NA
E1,E1:EG,E1:EG:M,E1:EG:M:3,2019-07-30,27,NA,NA,NA
E1,E1:EG,E1:EG:N,E1:EG:N:1,2019-07-30,3,0,0,0
E1,E1:EG,E1:EG:N,E1:EG:N:1,2019-07-30,7,0,0,0
E1,E1:EG,E1:EG:N,E1:EG:N:1,2019-07-30,13,0,0,0
E1,E1:EG,E1:EG:N,E1:EG:N:1,2019-07-30,17,2,0,2
E1,E1:EG,E1:EG:N,E1:EG:N:1,2019-07-30,23,0,0,0
E1,E1:EG,E1:EG:N,E1:EG:N:1,2019-07-30,27,0,0,0
E1,E1:EG,E1:EG:N,E1:EG:N:2,2019-07-30,3,0,0,0
E1,E1:EG,E1:EG:N,E1:EG:N:2,2019-07-30,7,1,0,3
E1,E1:EG,E1:EG:N,E1:EG:N:2,2019-07-30,13,0,0,6
E1,E1:EG,E1:EG:N,E1:EG:N:2,2019-07-30,17,0,0,0
E1,E1:EG,E1:EG:N,E1:EG:N:2,2019-07-30,23,0,0,0
E1,E1:EG,E1:EG:N,E1:EG:N:2,2019-07-30,27,0,0,0
E1,E1:EG,E1:EG:N,E1:EG:N:3,2019-07-30,3,0,0,3
E1,E1:EG,E1:EG:N,E1:EG:N:3,2019-07-30,7,NA,NA,NA
E1,E1:EG,E1:EG:N,E1:EG:N:3,2019-07-30,13,NA,NA,NA
E1,E1:EG,E1:EG:N,E1:EG:N:3,2019-07-30,17,NA,NA,NA
E1,E1:EG,E1:EG:N,E1:EG:N:3,2019-07-30,23,NA,NA,NA
E1,E1:EG,E1:EG:N,E1:EG:N:3,2019-07-30,27,NA,NA,NA
E1,E1:EG,E1:EG:S,E1:EG:S:1,2019-07-30,3,0,0,3
E1,E1:EG,E1:EG:S,E1:EG:S:1,2019-07-30,7,0,0,0
E1,E1:EG,E1:EG:S,E1:EG:S:1,2019-07-30,13,2,0,2
E1,E1:EG,E1:EG:S,E1:EG:S:1,2019-07-30,17,0,0,2
E1,E1:EG,E1:EG:S,E1:EG:S:1,2019-07-30,23,1,0,1
E1,E1:EG,E1:EG:S,E1:EG:S:1,2019-07-30,27,0,0,1
E1,E1:EG,E1:EG:S,E1:EG:S:2,2019-07-30,3,4,0,4
E1,E1:EG,E1:EG:S,E1:EG:S:2,2019-07-30,7,2,0,2
E1,E1:EG,E1:EG:S,E1:EG:S:2,2019-07-30,13,0,0,0
E1,E1:EG,E1:EG:S,E1:EG:S:2,2019-07-30,17,0,0,0
E1,E1:EG,E1:EG:S,E1:EG:S:2,2019-07-30,23,0,0,0
E1,E1:EG,E1:EG:S,E1:EG:S:2,2019-07-30,27,0,0,0
E1,E1:EG,E1:EG:S,E1:EG:S:3,2019-07-30,3,2,0,2
E1,E1:EG,E1:EG:S,E1:EG:S:3,2019-07-30,7,0,0,0
E1,E1:EG,E1:EG:S,E1:EG:S:3,2019-07-30,13,0,0,22
E1,E1:EG,E1:EG:S,E1:EG:S:3,2019-07-30,17,0,0,0
E1,E1:EG,E1:EG:S,E1:EG:S:3,2019-07-30,23,2,0,10
E1,E1:EG,E1:EG:S,E1:EG:S:3,2019-07-30,27,0,0,0
E1,E1:EH,E1:EH:M,E1:EH:M:1,2019-07-30,3,0,0,0
E1,E1:EH,E1:EH:M,E1:EH:M:1,2019-07-30,7,0,0,12
E1,E1:EH,E1:EH:M,E1:EH:M:1,2019-07-30,13,1,0,10
E1,E1:EH,E1:EH:M,E1:EH:M:1,2019-07-30,17,0,0,0
E1,E1:EH,E1:EH:M,E1:EH:M:1,2019-07-30,23,1,0,1
E1,E1:EH,E1:EH:M,E1:EH:M:1,2019-07-30,27,0,0,9
E1,E1:EH,E1:EH:M,E1:EH:M:2,2019-07-30,3,3,0,3
E1,E1:EH,E1:EH:M,E1:EH:M:2,2019-07-30,7,0,0,0
E1,E1:EH,E1:EH:M,E1:EH:M:2,2019-07-30,13,1,0,1
E1,E1:EH,E1:EH:M,E1:EH:M:2,2019-07-30,17,0,0,0
E1,E1:EH,E1:EH:M,E1:EH:M:2,2019-07-30,23,0,0,0
E1,E1:EH,E1:EH:M,E1:EH:M:2,2019-07-30,27,0,0,0
E1,E1:EH,E1:EH:M,E1:EH:M:3,2019-07-30,3,0,0,0
E1,E1:EH,E1:EH:M,E1:EH:M:3,2019-07-30,7,1,0,1
E1,E1:EH,E1:EH:M,E1:EH:M:3,2019-07-30,13,0,0,0
E1,E1:EH,E1:EH:M,E1:EH:M:3,2019-07-30,17,2,0,2
E1,E1:EH,E1:EH:M,E1:EH:M:3,2019-07-30,23,0,0,0
E1,E1:EH,E1:EH:M,E1:EH:M:3,2019-07-30,27,6,0,6
E1,E1:EH,E1:EH:N,E1:EH:N:1,2019-07-30,3,2,0,2
E1,E1:EH,E1:EH:N,E1:EH:N:1,2019-07-30,7,3,0,3
E1,E1:EH,E1:EH:N,E1:EH:N:1,2019-07-30,13,3,1,3
E1,E1:EH,E1:EH:N,E1:EH:N:1,2019-07-30,17,2,0,2
E1,E1:EH,E1:EH:N,E1:EH:N:1,2019-07-30,23,2,0,2
E1,E1:EH,E1:EH:N,E1:EH:N:1,2019-07-30,27,0,2,0
E1,E1:EH,E1:EH:N,E1:EH:N:2,2019-07-30,3,1,0,33
E1,E1:EH,E1:EH:N,E1:EH:N:2,2019-07-30,7,1,0,1
E1,E1:EH,E1:EH:N,E1:EH:N:2,2019-07-30,13,0,0,0
E1,E1:EH,E1:EH:N,E1:EH:N:2,2019-07-30,17,0,0,0
E1,E1:EH,E1:EH:N,E1:EH:N:2,2019-07-30,23,0,0,25
E1,E1:EH,E1:EH:N,E1:EH:N:2,2019-07-30,27,0,0,0
E1,E1:EH,E1:EH:N,E1:EH:N:3,2019-07-30,3,0,0,0
E1,E1:EH,E1:EH:N,E1:EH:N:3,2019-07-30,7,0,0,0
E1,E1:EH,E1:EH:N,E1:EH:N:3,2019-07-30,13,0,1,0
E1,E1:EH,E1:EH:N,E1:EH:N:3,2019-07-30,17,0,0,0
E1,E1:EH,E1:EH:N,E1:EH:N:3,2019-07-30,23,0,0,0
E1,E1:EH,E1:EH:N,E1:EH:N:3,2019-07-30,27,2,0,14
E1,E1:EH,E1:EH:S,E1:EH:S:1,2019-07-30,3,0,0,0
E1,E1:EH,E1:EH:S,E1:EH:S:1,2019-07-30,7,0,0,0
E1,E1:EH,E1:EH:S,E1:EH:S:1,2019-07-30,13,1,0,1
E1,E1:EH,E1:EH:S,E1:EH:S:1,2019-07-30,17,2,0,5
E1,E1:EH,E1:EH:S,E1:EH:S:1,2019-07-30,23,0.5,0,0.5
E1,E1:EH,E1:EH:S,E1:EH:S:1,2019-07-30,27,0,0,0
E1,E1:EH,E1:EH:S,E1:EH:S:2,2019-07-30,3,4,0,4
E1,E1:EH,E1:EH:S,E1:EH:S:2,2019-07-30,7,1,1,7
E1,E1:EH,E1:EH:S,E1:EH:S:2,2019-07-30,13,0,0,0
E1,E1:EH,E1:EH:S,E1:EH:S:2,2019-07-30,17,0,0,0
E1,E1:EH,E1:EH:S,E1:EH:S:2,2019-07-30,23,0,0,3
E1,E1:EH,E1:EH:S,E1:EH:S:2,2019-07-30,27,0,0,0
E1,E1:EH,E1:EH:S,E1:EH:S:3,2019-07-30,3,1,0,1
E1,E1:EH,E1:EH:S,E1:EH:S:3,2019-07-30,7,0,0,0
E1,E1:EH,E1:EH:S,E1:EH:S:3,2019-07-30,13,0,0,0
E1,E1:EH,E1:EH:S,E1:EH:S:3,2019-07-30,17,2,0,2
E1,E1:EH,E1:EH:S,E1:EH:S:3,2019-07-30,23,1,0,1
E1,E1:EH,E1:EH:S,E1:EH:S:3,2019-07-30,27,1,0,1
E1,E1:EN,E1:EN:M,E1:EN:M:1,2019-07-30,3,0,0,6
E1,E1:EN,E1:EN:M,E1:EN:M:1,2019-07-30,7,1,0,1
E1,E1:EN,E1:EN:M,E1:EN:M:1,2019-07-30,13,1,0,1
E1,E1:EN,E1:EN:M,E1:EN:M:1,2019-07-30,17,1,0,1
E1,E1:EN,E1:EN:M,E1:EN:M:1,2019-07-30,23,0,0,0
E1,E1:EN,E1:EN:M,E1:EN:M:1,2019-07-30,27,0,0,0
E1,E1:EN,E1:EN:M,E1:EN:M:2,2019-07-30,3,0,0,0
E1,E1:EN,E1:EN:M,E1:EN:M:2,2019-07-30,7,1,0,1
E1,E1:EN,E1:EN:M,E1:EN:M:2,2019-07-30,13,0,0,0
E1,E1:EN,E1:EN:M,E1:EN:M:2,2019-07-30,17,1,0,1
E1,E1:EN,E1:EN:M,E1:EN:M:2,2019-07-30,23,0,0,0
E1,E1:EN,E1:EN:M,E1:EN:M:2,2019-07-30,27,0,0,0
E1,E1:EN,E1:EN:M,E1:EN:M:3,2019-07-30,3,0,0,0
E1,E1:EN,E1:EN:M,E1:EN:M:3,2019-07-30,7,0,0,0
E1,E1:EN,E1:EN:M,E1:EN:M:3,2019-07-30,13,0,0,0
E1,E1:EN,E1:EN:M,E1:EN:M:3,2019-07-30,17,0,0,0
E1,E1:EN,E1:EN:M,E1:EN:M:3,2019-07-30,23,1,0,1
E1,E1:EN,E1:EN:M,E1:EN:M:3,2019-07-30,27,0,0,0
E1,E1:EN,E1:EN:N,E1:EN:N:1,2019-07-30,3,0,0,0
E1,E1:EN,E1:EN:N,E1:EN:N:1,2019-07-30,7,0,0,0
E1,E1:EN,E1:EN:N,E1:EN:N:1,2019-07-30,13,2,0,5
E1,E1:EN,E1:EN:N,E1:EN:N:1,2019-07-30,17,0,0,0
E1,E1:EN,E1:EN:N,E1:EN:N:1,2019-07-30,23,0,0,0
E1,E1:EN,E1:EN:N,E1:EN:N:1,2019-07-30,27,0,0,0
E1,E1:EN,E1:EN:N,E1:EN:N:2,2019-07-30,3,0,0,0
E1,E1:EN,E1:EN:N,E1:EN:N:2,2019-07-30,7,4,1,4
E1,E1:EN,E1:EN:N,E1:EN:N:2,2019-07-30,13,0,2,0
E1,E1:EN,E1:EN:N,E1:EN:N:2,2019-07-30,17,0,1,0
E1,E1:EN,E1:EN:N,E1:EN:N:2,2019-07-30,23,4,0,4
E1,E1:EN,E1:EN:N,E1:EN:N:2,2019-07-30,27,1,0,1
E1,E1:EN,E1:EN:N,E1:EN:N:3,2019-07-30,3,0,0,0
E1,E1:EN,E1:EN:N,E1:EN:N:3,2019-07-30,7,0,0,0
E1,E1:EN,E1:EN:N,E1:EN:N:3,2019-07-30,13,0,2,0
E1,E1:EN,E1:EN:N,E1:EN:N:3,2019-07-30,17,4,1,4
E1,E1:EN,E1:EN:N,E1:EN:N:3,2019-07-30,23,7,2,14
E1,E1:EN,E1:EN:N,E1:EN:N:3,2019-07-30,27,0,0,0
E1,E1:EN,E1:EN:S,E1:EN:S:1,2019-07-30,3,1,0,1
E1,E1:EN,E1:EN:S,E1:EN:S:1,2019-07-30,7,1,0,1
E1,E1:EN,E1:EN:S,E1:EN:S:1,2019-07-30,13,0,0,0
E1,E1:EN,E1:EN:S,E1:EN:S:1,2019-07-30,17,1,0,1
E1,E1:EN,E1:EN:S,E1:EN:S:1,2019-07-30,23,0,0,0
E1,E1:EN,E1:EN:S,E1:EN:S:1,2019-07-30,27,1,0,1
E1,E1:EN,E1:EN:S,E1:EN:S:2,2019-07-30,3,0,0,0
E1,E1:EN,E1:EN:S,E1:EN:S:2,2019-07-30,7,1,0,1
E1,E1:EN,E1:EN:S,E1:EN:S:2,2019-07-30,13,0,0,0
E1,E1:EN,E1:EN:S,E1:EN:S:2,2019-07-30,17,0,0,0
E1,E1:EN,E1:EN:S,E1:EN:S:2,2019-07-30,23,0,0,0
E1,E1:EN,E1:EN:S,E1:EN:S:2,2019-07-30,27,2,0,2
E1,E1:EN,E1:EN:S,E1:EN:S:3,2019-07-30,3,1,0,0
E1,E1:EN,E1:EN:S,E1:EN:S:3,2019-07-30,7,1,0,1
E1,E1:EN,E1:EN:S,E1:EN:S:3,2019-07-30,13,0,0,0
E1,E1:EN,E1:EN:S,E1:EN:S:3,2019-07-30,17,1,0,1
E1,E1:EN,E1:EN:S,E1:EN:S:3,2019-07-30,23,2,0,2
E1,E1:EN,E1:EN:S,E1:EN:S:3,2019-07-30,27,2,0,2
E2,E2:CG,E2:CG:M,E2:CG:M:1,2019-07-31,3,0,0,0
E2,E2:CG,E2:CG:M,E2:CG:M:1,2019-07-31,7,1,0,1
E2,E2:CG,E2:CG:M,E2:CG:M:1,2019-07-31,13,0,0,45
E2,E2:CG,E2:CG:M,E2:CG:M:1,2019-07-31,17,0,0,0
E2,E2:CG,E2:CG:M,E2:CG:M:1,2019-07-31,23,0,0,0
E2,E2:CG,E2:CG:M,E2:CG:M:1,2019-07-31,27,1,0,1
E2,E2:CG,E2:CG:M,E2:CG:M:2,2019-07-31,3,0,0,3
E2,E2:CG,E2:CG:M,E2:CG:M:2,2019-07-31,7,0,0,0
E2,E2:CG,E2:CG:M,E2:CG:M:2,2019-07-31,13,0,0,0
E2,E2:CG,E2:CG:M,E2:CG:M:2,2019-07-31,17,0,0,0
E2,E2:CG,E2:CG:M,E2:CG:M:2,2019-07-31,23,0,0,0
E2,E2:CG,E2:CG:M,E2:CG:M:2,2019-07-31,27,0,0,0
E2,E2:CG,E2:CG:M,E2:CG:M:3,2019-07-31,3,0,0,0
E2,E2:CG,E2:CG:M,E2:CG:M:3,2019-07-31,7,1,0,1
E2,E2:CG,E2:CG:M,E2:CG:M:3,2019-07-31,13,0,0,0
E2,E2:CG,E2:CG:M,E2:CG:M:3,2019-07-31,17,0,0,0
E2,E2:CG,E2:CG:M,E2:CG:M:3,2019-07-31,23,0,0,0
E2,E2:CG,E2:CG:M,E2:CG:M:3,2019-07-31,27,0,0,50
E2,E2:CG,E2:CG:N,E2:CG:N:1,2019-07-31,3,1,0,1
E2,E2:CG,E2:CG:N,E2:CG:N:1,2019-07-31,7,1,0,1
E2,E2:CG,E2:CG:N,E2:CG:N:1,2019-07-31,13,0,0,0
E2,E2:CG,E2:CG:N,E2:CG:N:1,2019-07-31,17,2,0,2
E2,E2:CG,E2:CG:N,E2:CG:N:1,2019-07-31,23,0,0,0
E2,E2:CG,E2:CG:N,E2:CG:N:1,2019-07-31,27,0,0,0
E2,E2:CG,E2:CG:N,E2:CG:N:2,2019-07-31,3,0,0,0
E2,E2:CG,E2:CG:N,E2:CG:N:2,2019-07-31,7,0,0,0
E2,E2:CG,E2:CG:N,E2:CG:N:2,2019-07-31,13,0,0,0
E2,E2:CG,E2:CG:N,E2:CG:N:2,2019-07-31,17,0,0,0
E2,E2:CG,E2:CG:N,E2:CG:N:2,2019-07-31,23,3,0,3
E2,E2:CG,E2:CG:N,E2:CG:N:2,2019-07-31,27,0,0,0
E2,E2:CG,E2:CG:N,E2:CG:N:3,2019-07-31,3,2,0,2
E2,E2:CG,E2:CG:N,E2:CG:N:3,2019-07-31,7,0,0,0
E2,E2:CG,E2:CG:N,E2:CG:N:3,2019-07-31,13,0,0,0
E2,E2:CG,E2:CG:N,E2:CG:N:3,2019-07-31,17,0,0,0
E2,E2:CG,E2:CG:N,E2:CG:N:3,2019-07-31,23,0,0,0
E2,E2:CG,E2:CG:N,E2:CG:N:3,2019-07-31,27,0,0,0
E2,E2:CG,E2:CG:S,E2:CG:S:1,2019-07-31,3,NA,NA,NA
E2,E2:CG,E2:CG:S,E2:CG:S:1,2019-07-31,7,NA,NA,NA
E2,E2:CG,E2:CG:S,E2:CG:S:1,2019-07-31,13,0,0,2
E2,E2:CG,E2:CG:S,E2:CG:S:1,2019-07-31,17,0,0,3
E2,E2:CG,E2:CG:S,E2:CG:S:1,2019-07-31,23,0,0,1
E2,E2:CG,E2:CG:S,E2:CG:S:1,2019-07-31,27,NA,NA,NA
E2,E2:CG,E2:CG:S,E2:CG:S:2,2019-07-31,3,2,0,4
E2,E2:CG,E2:CG:S,E2:CG:S:2,2019-07-31,7,1,0,1
E2,E2:CG,E2:CG:S,E2:CG:S:2,2019-07-31,13,1,0,1
E2,E2:CG,E2:CG:S,E2:CG:S:2,2019-07-31,17,1,0,0
E2,E2:CG,E2:CG:S,E2:CG:S:2,2019-07-31,23,1,0,1
E2,E2:CG,E2:CG:S,E2:CG:S:2,2019-07-31,27,NV,NV,NV
E2,E2:CG,E2:CG:S,E2:CG:S:3,2019-07-31,3,1,0,4
E2,E2:CG,E2:CG:S,E2:CG:S:3,2019-07-31,7,1,0,1
E2,E2:CG,E2:CG:S,E2:CG:S:3,2019-07-31,13,0,0,0
E2,E2:CG,E2:CG:S,E2:CG:S:3,2019-07-31,17,0,0,0
E2,E2:CG,E2:CG:S,E2:CG:S:3,2019-07-31,23,0,0,0
E2,E2:CG,E2:CG:S,E2:CG:S:3,2019-07-31,27,4,0,4
E2,E2:CH,E2:CH:M,E2:CH:M:1,2019-07-31,3,1,0,1
E2,E2:CH,E2:CH:M,E2:CH:M:1,2019-07-31,7,0,0,0
E2,E2:CH,E2:CH:M,E2:CH:M:1,2019-07-31,13,0,0,0
E2,E2:CH,E2:CH:M,E2:CH:M:1,2019-07-31,17,2,0,2
E2,E2:CH,E2:CH:M,E2:CH:M:1,2019-07-31,23,0,0,0
E2,E2:CH,E2:CH:M,E2:CH:M:1,2019-07-31,27,0,0,0
E2,E2:CH,E2:CH:M,E2:CH:M:2,2019-07-31,3,0.5,0,0.5
E2,E2:CH,E2:CH:M,E2:CH:M:2,2019-07-31,7,0,0,0
E2,E2:CH,E2:CH:M,E2:CH:M:2,2019-07-31,13,0,0,7
E2,E2:CH,E2:CH:M,E2:CH:M:2,2019-07-31,17,0,0,0
E2,E2:CH,E2:CH:M,E2:CH:M:2,2019-07-31,23,1,0,1
E2,E2:CH,E2:CH:M,E2:CH:M:2,2019-07-31,27,4,0,4
E2,E2:CH,E2:CH:M,E2:CH:M:3,2019-07-31,3,0,0,0
E2,E2:CH,E2:CH:M,E2:CH:M:3,2019-07-31,7,0,0,0
E2,E2:CH,E2:CH:M,E2:CH:M:3,2019-07-31,13,0,0,0
E2,E2:CH,E2:CH:M,E2:CH:M:3,2019-07-31,17,0,0,0
E2,E2:CH,E2:CH:M,E2:CH:M:3,2019-07-31,23,0,0,0
E2,E2:CH,E2:CH:M,E2:CH:M:3,2019-07-31,27,0,0,0
E2,E2:CH,E2:CH:N,E2:CH:N:1,2019-07-31,3,0,0,0
E2,E2:CH,E2:CH:N,E2:CH:N:1,2019-07-31,7,1,0,1
E2,E2:CH,E2:CH:N,E2:CH:N:1,2019-07-31,13,1,0,1
E2,E2:CH,E2:CH:N,E2:CH:N:1,2019-07-31,17,0,0,0
E2,E2:CH,E2:CH:N,E2:CH:N:1,2019-07-31,23,1,0,1
E2,E2:CH,E2:CH:N,E2:CH:N:1,2019-07-31,27,0,0,0
E2,E2:CH,E2:CH:N,E2:CH:N:2,2019-07-31,3,1,0,1
E2,E2:CH,E2:CH:N,E2:CH:N:2,2019-07-31,7,0,0,0
E2,E2:CH,E2:CH:N,E2:CH:N:2,2019-07-31,13,0,0,0
E2,E2:CH,E2:CH:N,E2:CH:N:2,2019-07-31,17,0,0,1
E2,E2:CH,E2:CH:N,E2:CH:N:2,2019-07-31,23,0,0,0
E2,E2:CH,E2:CH:N,E2:CH:N:2,2019-07-31,27,0,0,0
E2,E2:CH,E2:CH:N,E2:CH:N:3,2019-07-31,3,0,0,0
E2,E2:CH,E2:CH:N,E2:CH:N:3,2019-07-31,7,0,0,8
E2,E2:CH,E2:CH:N,E2:CH:N:3,2019-07-31,13,0,0,1
E2,E2:CH,E2:CH:N,E2:CH:N:3,2019-07-31,17,3,0,3
E2,E2:CH,E2:CH:N,E2:CH:N:3,2019-07-31,23,2,0,2
E2,E2:CH,E2:CH:N,E2:CH:N:3,2019-07-31,27,2,0,13
E2,E2:CH,E2:CH:S,E2:CH:S:1,2019-07-31,3,3,0,3
E2,E2:CH,E2:CH:S,E2:CH:S:1,2019-07-31,7,4,0,4
E2,E2:CH,E2:CH:S,E2:CH:S:1,2019-07-31,13,1,0,1
E2,E2:CH,E2:CH:S,E2:CH:S:1,2019-07-31,17,1,0,1
E2,E2:CH,E2:CH:S,E2:CH:S:1,2019-07-31,23,3,0,10
E2,E2:CH,E2:CH:S,E2:CH:S:1,2019-07-31,27,0,0,7
E2,E2:CH,E2:CH:S,E2:CH:S:2,2019-07-31,3,1,0,23
E2,E2:CH,E2:CH:S,E2:CH:S:2,2019-07-31,7,1,0,5
E2,E2:CH,E2:CH:S,E2:CH:S:2,2019-07-31,13,3,0,3
E2,E2:CH,E2:CH:S,E2:CH:S:2,2019-07-31,17,0,0,0
E2,E2:CH,E2:CH:S,E2:CH:S:2,2019-07-31,23,3,2,3
E2,E2:CH,E2:CH:S,E2:CH:S:2,2019-07-31,27,0,0,1
E2,E2:CH,E2:CH:S,E2:CH:S:3,2019-07-31,3,0,0,0
E2,E2:CH,E2:CH:S,E2:CH:S:3,2019-07-31,7,0,0,0
E2,E2:CH,E2:CH:S,E2:CH:S:3,2019-07-31,13,2,1,7
E2,E2:CH,E2:CH:S,E2:CH:S:3,2019-07-31,17,0,0,0
E2,E2:CH,E2:CH:S,E2:CH:S:3,2019-07-31,23,2,0,2
E2,E2:CH,E2:CH:S,E2:CH:S:3,2019-07-31,27,0,0,0
E2,E2:CN,E2:CN:M,E2:CN:M:1,2019-07-31,3,0,0,0
E2,E2:CN,E2:CN:M,E2:CN:M:1,2019-07-31,7,0,0,0
E2,E2:CN,E2:CN:M,E2:CN:M:1,2019-07-31,13,1,0,1
E2,E2:CN,E2:CN:M,E2:CN:M:1,2019-07-31,17,1,0,1
E2,E2:CN,E2:CN:M,E2:CN:M:1,2019-07-31,23,2,0,2
E2,E2:CN,E2:CN:M,E2:CN:M:1,2019-07-31,27,0,0,0
E2,E2:CN,E2:CN:M,E2:CN:M:2,2019-07-31,3,3,0,3
E2,E2:CN,E2:CN:M,E2:CN:M:2,2019-07-31,7,10,0,10
E2,E2:CN,E2:CN:M,E2:CN:M:2,2019-07-31,13,2,0,2
E2,E2:CN,E2:CN:M,E2:CN:M:2,2019-07-31,17,0,0,0
E2,E2:CN,E2:CN:M,E2:CN:M:2,2019-07-31,23,0,0,0
E2,E2:CN,E2:CN:M,E2:CN:M:2,2019-07-31,27,0.5,0,0.5
E2,E2:CN,E2:CN:M,E2:CN:M:3,2019-07-31,3,0,1,0
E2,E2:CN,E2:CN:M,E2:CN:M:3,2019-07-31,7,0,0,0
E2,E2:CN,E2:CN:M,E2:CN:M:3,2019-07-31,13,NA,NA,NA
E2,E2:CN,E2:CN:M,E2:CN:M:3,2019-07-31,17,NA,NA,NA
E2,E2:CN,E2:CN:M,E2:CN:M:3,2019-07-31,23,NA,NA,NA
E2,E2:CN,E2:CN:M,E2:CN:M:3,2019-07-31,27,NA,NA,NA
E2,E2:CN,E2:CN:N,E2:CN:N:1,2019-07-31,3,0,0,0
E2,E2:CN,E2:CN:N,E2:CN:N:1,2019-07-31,7,0,0,0
E2,E2:CN,E2:CN:N,E2:CN:N:1,2019-07-31,13,3,0,3
E2,E2:CN,E2:CN:N,E2:CN:N:1,2019-07-31,17,4,0,9
E2,E2:CN,E2:CN:N,E2:CN:N:1,2019-07-31,23,0,0,0
E2,E2:CN,E2:CN:N,E2:CN:N:1,2019-07-31,27,0,0,0
E2,E2:CN,E2:CN:N,E2:CN:N:2,2019-07-31,3,2,0,2
E2,E2:CN,E2:CN:N,E2:CN:N:2,2019-07-31,7,3,0,7
E2,E2:CN,E2:CN:N,E2:CN:N:2,2019-07-31,13,0,0,0
E2,E2:CN,E2:CN:N,E2:CN:N:2,2019-07-31,17,2,0,2
E2,E2:CN,E2:CN:N,E2:CN:N:2,2019-07-31,23,2,0,2
E2,E2:CN,E2:CN:N,E2:CN:N:2,2019-07-31,27,4,0,6
E2,E2:CN,E2:CN:N,E2:CN:N:3,2019-07-31,3,0,0,0
E2,E2:CN,E2:CN:N,E2:CN:N:3,2019-07-31,7,4,0,15
E2,E2:CN,E2:CN:N,E2:CN:N:3,2019-07-31,13,NA,NA,NA
E2,E2:CN,E2:CN:N,E2:CN:N:3,2019-07-31,17,NA,NA,NA
E2,E2:CN,E2:CN:N,E2:CN:N:3,2019-07-31,23,NA,NA,NA
E2,E2:CN,E2:CN:N,E2:CN:N:3,2019-07-31,27,NA,NA,NA
E2,E2:CN,E2:CN:S,E2:CN:S:1,2019-07-31,3,0,0,1
E2,E2:CN,E2:CN:S,E2:CN:S:1,2019-07-31,7,0,0,0
E2,E2:CN,E2:CN:S,E2:CN:S:1,2019-07-31,13,7,2,10
E2,E2:CN,E2:CN:S,E2:CN:S:1,2019-07-31,17,5,2,5
E2,E2:CN,E2:CN:S,E2:CN:S:1,2019-07-31,23,2,0,2
E2,E2:CN,E2:CN:S,E2:CN:S:1,2019-07-31,27,0,0,2
E2,E2:CN,E2:CN:S,E2:CN:S:2,2019-07-31,3,2,0,2
E2,E2:CN,E2:CN:S,E2:CN:S:2,2019-07-31,7,0,0,0
E2,E2:CN,E2:CN:S,E2:CN:S:2,2019-07-31,13,0,0,0
E2,E2:CN,E2:CN:S,E2:CN:S:2,2019-07-31,17,0,0,1
E2,E2:CN,E2:CN:S,E2:CN:S:2,2019-07-31,23,1,0,1
E2,E2:CN,E2:CN:S,E2:CN:S:2,2019-07-31,27,2,0,2
E2,E2:CN,E2:CN:S,E2:CN:S:3,2019-07-31,3,NA,NA,NA
E2,E2:CN,E2:CN:S,E2:CN:S:3,2019-07-31,7,NA,NA,NA
E2,E2:CN,E2:CN:S,E2:CN:S:3,2019-07-31,13,NA,NA,NA
E2,E2:CN,E2:CN:S,E2:CN:S:3,2019-07-31,17,NA,NA,NA
E2,E2:CN,E2:CN:S,E2:CN:S:3,2019-07-31,23,NA,NA,NA
E2,E2:CN,E2:CN:S,E2:CN:S:3,2019-07-31,27,NA,NA,NA
E2,E2:EG,E2:EG:M,E2:EG:M:1,2019-07-31,3,0,0,0
E2,E2:EG,E2:EG:M,E2:EG:M:1,2019-07-31,7,0,0,0
E2,E2:EG,E2:EG:M,E2:EG:M:1,2019-07-31,13,3,0,3
E2,E2:EG,E2:EG:M,E2:EG:M:1,2019-07-31,17,4,0,8
E2,E2:EG,E2:EG:M,E2:EG:M:1,2019-07-31,23,5,7,5
E2,E2:EG,E2:EG:M,E2:EG:M:1,2019-07-31,27,2,0,11
E2,E2:EG,E2:EG:M,E2:EG:M:2,2019-07-31,3,0,0,29
E2,E2:EG,E2:EG:M,E2:EG:M:2,2019-07-31,7,0,0,0
E2,E2:EG,E2:EG:M,E2:EG:M:2,2019-07-31,13,2,0,2
E2,E2:EG,E2:EG:M,E2:EG:M:2,2019-07-31,17,4,3,8
E2,E2:EG,E2:EG:M,E2:EG:M:2,2019-07-31,23,1,0,1
E2,E2:EG,E2:EG:M,E2:EG:M:2,2019-07-31,27,0,0,0
E2,E2:EG,E2:EG:M,E2:EG:M:3,2019-07-31,3,1,0,1
E2,E2:EG,E2:EG:M,E2:EG:M:3,2019-07-31,7,3,0,3
E2,E2:EG,E2:EG:M,E2:EG:M:3,2019-07-31,13,2,0,2
E2,E2:EG,E2:EG:M,E2:EG:M:3,2019-07-31,17,0,0,0
E2,E2:EG,E2:EG:M,E2:EG:M:3,2019-07-31,23,0,0,0
E2,E2:EG,E2:EG:M,E2:EG:M:3,2019-07-31,27,4,0,4
E2,E2:EG,E2:EG:N,E2:EG:N:1,2019-07-31,3,0,0,2
E2,E2:EG,E2:EG:N,E2:EG:N:1,2019-07-31,7,1,0,4
E2,E2:EG,E2:EG:N,E2:EG:N:1,2019-07-31,13,0,0,0
E2,E2:EG,E2:EG:N,E2:EG:N:1,2019-07-31,17,0,0,0
E2,E2:EG,E2:EG:N,E2:EG:N:1,2019-07-31,23,0,0,0
E2,E2:EG,E2:EG:N,E2:EG:N:1,2019-07-31,27,0,0,0
E2,E2:EG,E2:EG:N,E2:EG:N:2,2019-07-31,3,0,0,0
E2,E2:EG,E2:EG:N,E2:EG:N:2,2019-07-31,7,0,0,0
E2,E2:EG,E2:EG:N,E2:EG:N:2,2019-07-31,13,2,0,21
E2,E2:EG,E2:EG:N,E2:EG:N:2,2019-07-31,17,2,0,2
E2,E2:EG,E2:EG:N,E2:EG:N:2,2019-07-31,23,0,0,0
E2,E2:EG,E2:EG:N,E2:EG:N:2,2019-07-31,27,6,0,6
E2,E2:EG,E2:EG:N,E2:EG:N:3,2019-07-31,3,1,0,4
E2,E2:EG,E2:EG:N,E2:EG:N:3,2019-07-31,7,0,0,0
E2,E2:EG,E2:EG:N,E2:EG:N:3,2019-07-31,13,0,0,0
E2,E2:EG,E2:EG:N,E2:EG:N:3,2019-07-31,17,3,0,3
E2,E2:EG,E2:EG:N,E2:EG:N:3,2019-07-31,23,0,0,0
E2,E2:EG,E2:EG:N,E2:EG:N:3,2019-07-31,27,0,0,0
E2,E2:EG,E2:EG:S,E2:EG:S:1,2019-07-31,3,1,0,1
E2,E2:EG,E2:EG:S,E2:EG:S:1,2019-07-31,7,0,0,0
E2,E2:EG,E2:EG:S,E2:EG:S:1,2019-07-31,13,3,0,3
E2,E2:EG,E2:EG:S,E2:EG:S:1,2019-07-31,17,0,0,0
E2,E2:EG,E2:EG:S,E2:EG:S:1,2019-07-31,23,1,0,1
E2,E2:EG,E2:EG:S,E2:EG:S:1,2019-07-31,27,0,0,0
E2,E2:EG,E2:EG:S,E2:EG:S:2,2019-07-31,3,0,0,0
E2,E2:EG,E2:EG:S,E2:EG:S:2,2019-07-31,7,0,0,1
E2,E2:EG,E2:EG:S,E2:EG:S:2,2019-07-31,13,0,0,0
E2,E2:EG,E2:EG:S,E2:EG:S:2,2019-07-31,17,0,0,0
E2,E2:EG,E2:EG:S,E2:EG:S:2,2019-07-31,23,0,0,0
E2,E2:EG,E2:EG:S,E2:EG:S:2,2019-07-31,27,0,0,0
E2,E2:EG,E2:EG:S,E2:EG:S:3,2019-07-31,3,0,0,5
E2,E2:EG,E2:EG:S,E2:EG:S:3,2019-07-31,7,0,0,2
E2,E2:EG,E2:EG:S,E2:EG:S:3,2019-07-31,13,0,0,0
E2,E2:EG,E2:EG:S,E2:EG:S:3,2019-07-31,17,0.5,0,0.5
E2,E2:EG,E2:EG:S,E2:EG:S:3,2019-07-31,23,0,0,0
E2,E2:EG,E2:EG:S,E2:EG:S:3,2019-07-31,27,5,0,5
E2,E2:EH,E2:EH:M,E2:EH:M:1,2019-07-31,3,1,0,1
E2,E2:EH,E2:EH:M,E2:EH:M:1,2019-07-31,7,1,0,1
E2,E2:EH,E2:EH:M,E2:EH:M:1,2019-07-31,13,1,0,1
E2,E2:EH,E2:EH:M,E2:EH:M:1,2019-07-31,17,2,0,2
E2,E2:EH,E2:EH:M,E2:EH:M:1,2019-07-31,23,1,0,1
E2,E2:EH,E2:EH:M,E2:EH:M:1,2019-07-31,27,0,0,0
E2,E2:EH,E2:EH:M,E2:EH:M:2,2019-07-31,3,3,0,3
E2,E2:EH,E2:EH:M,E2:EH:M:2,2019-07-31,7,0,0,14
E2,E2:EH,E2:EH:M,E2:EH:M:2,2019-07-31,13,0,0,0
E2,E2:EH,E2:EH:M,E2:EH:M:2,2019-07-31,17,1,0,23
E2,E2:EH,E2:EH:M,E2:EH:M:2,2019-07-31,23,0,0,24
E2,E2:EH,E2:EH:M,E2:EH:M:2,2019-07-31,27,0,0,0
E2,E2:EH,E2:EH:M,E2:EH:M:3,2019-07-31,3,0,0,0
E2,E2:EH,E2:EH:M,E2:EH:M:3,2019-07-31,7,0,0,0
E2,E2:EH,E2:EH:M,E2:EH:M:3,2019-07-31,13,0,1,0
E2,E2:EH,E2:EH:M,E2:EH:M:3,2019-07-31,17,0,0,0
E2,E2:EH,E2:EH:M,E2:EH:M:3,2019-07-31,23,0,0,5
E2,E2:EH,E2:EH:M,E2:EH:M:3,2019-07-31,27,0,0,0
E2,E2:EH,E2:EH:N,E2:EH:N:1,2019-07-31,3,2,0,2
E2,E2:EH,E2:EH:N,E2:EH:N:1,2019-07-31,7,2,0,2
E2,E2:EH,E2:EH:N,E2:EH:N:1,2019-07-31,13,0,0,0
E2,E2:EH,E2:EH:N,E2:EH:N:1,2019-07-31,17,2,0,14
E2,E2:EH,E2:EH:N,E2:EH:N:1,2019-07-31,23,1,0,1
E2,E2:EH,E2:EH:N,E2:EH:N:1,2019-07-31,27,2,0,13
E2,E2:EH,E2:EH:N,E2:EH:N:2,2019-07-31,3,0,0,1
E2,E2:EH,E2:EH:N,E2:EH:N:2,2019-07-31,7,2,0,2
E2,E2:EH,E2:EH:N,E2:EH:N:2,2019-07-31,13,5,0,5
E2,E2:EH,E2:EH:N,E2:EH:N:2,2019-07-31,17,1,0,1
E2,E2:EH,E2:EH:N,E2:EH:N:2,2019-07-31,23,4,0,4
E2,E2:EH,E2:EH:N,E2:EH:N:2,2019-07-31,27,6,0,6
E2,E2:EH,E2:EH:N,E2:EH:N:3,2019-07-31,3,3,0,3
E2,E2:EH,E2:EH:N,E2:EH:N:3,2019-07-31,7,1,0,1
E2,E2:EH,E2:EH:N,E2:EH:N:3,2019-07-31,13,2,0,6
E2,E2:EH,E2:EH:N,E2:EH:N:3,2019-07-31,17,0,0,0
E2,E2:EH,E2:EH:N,E2:EH:N:3,2019-07-31,23,0,0,0
E2,E2:EH,E2:EH:N,E2:EH:N:3,2019-07-31,27,0,0,11
E2,E2:EH,E2:EH:S,E2:EH:S:1,2019-07-31,3,0,0,0
E2,E2:EH,E2:EH:S,E2:EH:S:1,2019-07-31,7,1,0,1
E2,E2:EH,E2:EH:S,E2:EH:S:1,2019-07-31,13,0,0,0
E2,E2:EH,E2:EH:S,E2:EH:S:1,2019-07-31,17,0,0,0
E2,E2:EH,E2:EH:S,E2:EH:S:1,2019-07-31,23,0,0,0
E2,E2:EH,E2:EH:S,E2:EH:S:1,2019-07-31,27,0,0,0
E2,E2:EH,E2:EH:S,E2:EH:S:2,2019-07-31,3,0,0,0
E2,E2:EH,E2:EH:S,E2:EH:S:2,2019-07-31,7,0,0,0
E2,E2:EH,E2:EH:S,E2:EH:S:2,2019-07-31,13,1,0,1
E2,E2:EH,E2:EH:S,E2:EH:S:2,2019-07-31,17,0,0,0
E2,E2:EH,E2:EH:S,E2:EH:S:2,2019-07-31,23,2,0,2
E2,E2:EH,E2:EH:S,E2:EH:S:2,2019-07-31,27,1,0,1
E2,E2:EH,E2:EH:S,E2:EH:S:3,2019-07-31,3,3,0,3
E2,E2:EH,E2:EH:S,E2:EH:S:3,2019-07-31,7,1,0,1
E2,E2:EH,E2:EH:S,E2:EH:S:3,2019-07-31,13,0,0,0
E2,E2:EH,E2:EH:S,E2:EH:S:3,2019-07-31,17,1,0,1
E2,E2:EH,E2:EH:S,E2:EH:S:3,2019-07-31,23,17,0,17
E2,E2:EH,E2:EH:S,E2:EH:S:3,2019-07-31,27,0,0,0
E2,E2:EN,E2:EN:M,E2:EN:M:1,2019-07-31,3,0,0,7
E2,E2:EN,E2:EN:M,E2:EN:M:1,2019-07-31,7,0,0,2
E2,E2:EN,E2:EN:M,E2:EN:M:1,2019-07-31,13,0,0,0
E2,E2:EN,E2:EN:M,E2:EN:M:1,2019-07-31,17,0,0,0
E2,E2:EN,E2:EN:M,E2:EN:M:1,2019-07-31,23,1,0,3
E2,E2:EN,E2:EN:M,E2:EN:M:1,2019-07-31,27,0,0,0
E2,E2:EN,E2:EN:M,E2:EN:M:2,2019-07-31,3,4,0,4
E2,E2:EN,E2:EN:M,E2:EN:M:2,2019-07-31,7,2,0,2
E2,E2:EN,E2:EN:M,E2:EN:M:2,2019-07-31,13,1,0,1
E2,E2:EN,E2:EN:M,E2:EN:M:2,2019-07-31,17,0,0,3
E2,E2:EN,E2:EN:M,E2:EN:M:2,2019-07-31,23,0,0,10
E2,E2:EN,E2:EN:M,E2:EN:M:2,2019-07-31,27,0,0,0
E2,E2:EN,E2:EN:M,E2:EN:M:3,2019-07-31,3,NV,NV,NV
E2,E2:EN,E2:EN:M,E2:EN:M:3,2019-07-31,7,4,0,14
E2,E2:EN,E2:EN:M,E2:EN:M:3,2019-07-31,13,2,0,2
E2,E2:EN,E2:EN:M,E2:EN:M:3,2019-07-31,17,2,0,12
E2,E2:EN,E2:EN:M,E2:EN:M:3,2019-07-31,23,2,0,2
E2,E2:EN,E2:EN:M,E2:EN:M:3,2019-07-31,27,0,0,0
E2,E2:EN,E2:EN:N,E2:EN:N:1,2019-07-31,3,1,0,1
E2,E2:EN,E2:EN:N,E2:EN:N:1,2019-07-31,7,1,0,1
E2,E2:EN,E2:EN:N,E2:EN:N:1,2019-07-31,13,0,0,0
E2,E2:EN,E2:EN:N,E2:EN:N:1,2019-07-31,17,0,0,0
E2,E2:EN,E2:EN:N,E2:EN:N:1,2019-07-31,23,0,0,0
E2,E2:EN,E2:EN:N,E2:EN:N:1,2019-07-31,27,0,0,0
E2,E2:EN,E2:EN:N,E2:EN:N:2,2019-07-31,3,0,0,0
E2,E2:EN,E2:EN:N,E2:EN:N:2,2019-07-31,7,0.5,0,0.5
E2,E2:EN,E2:EN:N,E2:EN:N:2,2019-07-31,13,3,0,7
E2,E2:EN,E2:EN:N,E2:EN:N:2,2019-07-31,17,0,0,0
E2,E2:EN,E2:EN:N,E2:EN:N:2,2019-07-31,23,2,0,2
E2,E2:EN,E2:EN:N,E2:EN:N:2,2019-07-31,27,0,0,0
E2,E2:EN,E2:EN:N,E2:EN:N:3,2019-07-31,3,0,0,0
E2,E2:EN,E2:EN:N,E2:EN:N:3,2019-07-31,7,1,0,1
E2,E2:EN,E2:EN:N,E2:EN:N:3,2019-07-31,13,0,0,1
E2,E2:EN,E2:EN:N,E2:EN:N:3,2019-07-31,17,0,0,0
E2,E2:EN,E2:EN:N,E2:EN:N:3,2019-07-31,23,0,0,0
E2,E2:EN,E2:EN:N,E2:EN:N:3,2019-07-31,27,0,0,5
E2,E2:EN,E2:EN:S,E2:EN:S:1,2019-07-31,3,1,0,1
E2,E2:EN,E2:EN:S,E2:EN:S:1,2019-07-31,7,1,0,1
E2,E2:EN,E2:EN:S,E2:EN:S:1,2019-07-31,13,0,0,0
E2,E2:EN,E2:EN:S,E2:EN:S:1,2019-07-31,17,0,0,0
E2,E2:EN,E2:EN:S,E2:EN:S:1,2019-07-31,23,3,0,3
E2,E2:EN,E2:EN:S,E2:EN:S:1,2019-07-31,27,1,0,1
E2,E2:EN,E2:EN:S,E2:EN:S:2,2019-07-31,3,0,0,0
E2,E2:EN,E2:EN:S,E2:EN:S:2,2019-07-31,7,0,0,0
E2,E2:EN,E2:EN:S,E2:EN:S:2,2019-07-31,13,0,0,0
E2,E2:EN,E2:EN:S,E2:EN:S:2,2019-07-31,17,0,0,0
E2,E2:EN,E2:EN:S,E2:EN:S:2,2019-07-31,23,0,0,0
E2,E2:EN,E2:EN:S,E2:EN:S:2,2019-07-31,27,0,0,0
E2,E2:EN,E2:EN:S,E2:EN:S:3,2019-07-31,3,0,0,0
E2,E2:EN,E2:EN:S,E2:EN:S:3,2019-07-31,7,0,0,0
E2,E2:EN,E2:EN:S,E2:EN:S:3,2019-07-31,13,0,0,0
E2,E2:EN,E2:EN:S,E2:EN:S:3,2019-07-31,17,1,0,1
E2,E2:EN,E2:EN:S,E2:EN:S:3,2019-07-31,23,0,0,0
E2,E2:EN,E2:EN:S,E2:EN:S:3,2019-07-31,27,0,0,7
E3,E3:CG,E3:CG:M,E3:CG:M:1,2019-08-01,3,2,0,2
E3,E3:CG,E3:CG:M,E3:CG:M:1,2019-08-01,7,1,0,1
E3,E3:CG,E3:CG:M,E3:CG:M:1,2019-08-01,13,1,0,1
E3,E3:CG,E3:CG:M,E3:CG:M:1,2019-08-01,17,3,0,3
E3,E3:CG,E3:CG:M,E3:CG:M:1,2019-08-01,23,1.5,0,1.5
E3,E3:CG,E3:CG:M,E3:CG:M:1,2019-08-01,27,1,0,4
E3,E3:CG,E3:CG:M,E3:CG:M:2,2019-08-01,3,0,0,5
E3,E3:CG,E3:CG:M,E3:CG:M:2,2019-08-01,7,0,0,0
E3,E3:CG,E3:CG:M,E3:CG:M:2,2019-08-01,13,6,0,6
E3,E3:CG,E3:CG:M,E3:CG:M:2,2019-08-01,17,0,0,0
E3,E3:CG,E3:CG:M,E3:CG:M:2,2019-08-01,23,2,0,15
E3,E3:CG,E3:CG:M,E3:CG:M:2,2019-08-01,27,3,0,3
E3,E3:CG,E3:CG:M,E3:CG:M:3,2019-08-01,3,0,0,25
E3,E3:CG,E3:CG:M,E3:CG:M:3,2019-08-01,7,0,0,8
E3,E3:CG,E3:CG:M,E3:CG:M:3,2019-08-01,13,0,0,0
E3,E3:CG,E3:CG:M,E3:CG:M:3,2019-08-01,17,0,0,0
E3,E3:CG,E3:CG:M,E3:CG:M:3,2019-08-01,23,6,0,6
E3,E3:CG,E3:CG:M,E3:CG:M:3,2019-08-01,27,0,0,0
E3,E3:CG,E3:CG:N,E3:CG:N:1,2019-08-01,3,4,2,11
E3,E3:CG,E3:CG:N,E3:CG:N:1,2019-08-01,7,1,0,1
E3,E3:CG,E3:CG:N,E3:CG:N:1,2019-08-01,13,0,0,0
E3,E3:CG,E3:CG:N,E3:CG:N:1,2019-08-01,17,0,0,0
E3,E3:CG,E3:CG:N,E3:CG:N:1,2019-08-01,23,5,2,5
E3,E3:CG,E3:CG:N,E3:CG:N:1,2019-08-01,27,0,0,0
E3,E3:CG,E3:CG:N,E3:CG:N:2,2019-08-01,3,3,0,3
E3,E3:CG,E3:CG:N,E3:CG:N:2,2019-08-01,7,0,2,0
E3,E3:CG,E3:CG:N,E3:CG:N:2,2019-08-01,13,0,0,0
E3,E3:CG,E3:CG:N,E3:CG:N:2,2019-08-01,17,4,0,18
E3,E3:CG,E3:CG:N,E3:CG:N:2,2019-08-01,23,4,0,4
E3,E3:CG,E3:CG:N,E3:CG:N:2,2019-08-01,27,0,0,1
E3,E3:CG,E3:CG:N,E3:CG:N:3,2019-08-01,3,2,0,15
E3,E3:CG,E3:CG:N,E3:CG:N:3,2019-08-01,7,0,1,0
E3,E3:CG,E3:CG:N,E3:CG:N:3,2019-08-01,13,2,0,2
E3,E3:CG,E3:CG:N,E3:CG:N:3,2019-08-01,17,0,0,0
E3,E3:CG,E3:CG:N,E3:CG:N:3,2019-08-01,23,1,0,1
E3,E3:CG,E3:CG:N,E3:CG:N:3,2019-08-01,27,0,1,0
E3,E3:CG,E3:CG:S,E3:CG:S:1,2019-08-01,3,0,0,2
E3,E3:CG,E3:CG:S,E3:CG:S:1,2019-08-01,7,2,0,40
E3,E3:CG,E3:CG:S,E3:CG:S:1,2019-08-01,13,0,0,2
E3,E3:CG,E3:CG:S,E3:CG:S:1,2019-08-01,17,3,2,3
E3,E3:CG,E3:CG:S,E3:CG:S:1,2019-08-01,23,4,0,17
E3,E3:CG,E3:CG:S,E3:CG:S:1,2019-08-01,27,0,0,0
E3,E3:CG,E3:CG:S,E3:CG:S:2,2019-08-01,3,0,0,0
E3,E3:CG,E3:CG:S,E3:CG:S:2,2019-08-01,7,0,0,4
E3,E3:CG,E3:CG:S,E3:CG:S:2,2019-08-01,13,0,0,0
E3,E3:CG,E3:CG:S,E3:CG:S:2,2019-08-01,17,0,0,0
E3,E3:CG,E3:CG:S,E3:CG:S:2,2019-08-01,23,3,1,3
E3,E3:CG,E3:CG:S,E3:CG:S:2,2019-08-01,27,0,0,0
E3,E3:CG,E3:CG:S,E3:CG:S:3,2019-08-01,3,1,0,1
E3,E3:CG,E3:CG:S,E3:CG:S:3,2019-08-01,7,0,0,0
E3,E3:CG,E3:CG:S,E3:CG:S:3,2019-08-01,13,4,0,0
E3,E3:CG,E3:CG:S,E3:CG:S:3,2019-08-01,17,3,0,5
E3,E3:CG,E3:CG:S,E3:CG:S:3,2019-08-01,23,0,0,0
E3,E3:CG,E3:CG:S,E3:CG:S:3,2019-08-01,27,0,0,18
E3,E3:CH,E3:CH:M,E3:CH:M:1,2019-08-01,3,2,0,2
E3,E3:CH,E3:CH:M,E3:CH:M:1,2019-08-01,7,0,0,0
E3,E3:CH,E3:CH:M,E3:CH:M:1,2019-08-01,13,1,0,1
E3,E3:CH,E3:CH:M,E3:CH:M:1,2019-08-01,17,3,0,3
E3,E3:CH,E3:CH:M,E3:CH:M:1,2019-08-01,23,1,0,1
E3,E3:CH,E3:CH:M,E3:CH:M:1,2019-08-01,27,1,0,1
E3,E3:CH,E3:CH:M,E3:CH:M:2,2019-08-01,3,0,0,0
E3,E3:CH,E3:CH:M,E3:CH:M:2,2019-08-01,7,0.5,0,7
E3,E3:CH,E3:CH:M,E3:CH:M:2,2019-08-01,13,0,0,0
E3,E3:CH,E3:CH:M,E3:CH:M:2,2019-08-01,17,0,0,1
E3,E3:CH,E3:CH:M,E3:CH:M:2,2019-08-01,23,0,0,0
E3,E3:CH,E3:CH:M,E3:CH:M:2,2019-08-01,27,0,0,0
E3,E3:CH,E3:CH:M,E3:CH:M:3,2019-08-01,3,0,0,0
E3,E3:CH,E3:CH:M,E3:CH:M:3,2019-08-01,7,0,0,4
E3,E3:CH,E3:CH:M,E3:CH:M:3,2019-08-01,13,1,0,2
E3,E3:CH,E3:CH:M,E3:CH:M:3,2019-08-01,17,2,0,2
E3,E3:CH,E3:CH:M,E3:CH:M:3,2019-08-01,23,0,0,0
E3,E3:CH,E3:CH:M,E3:CH:M:3,2019-08-01,27,0,0,0
E3,E3:CH,E3:CH:N,E3:CH:N:1,2019-08-01,3,0,0,0
E3,E3:CH,E3:CH:N,E3:CH:N:1,2019-08-01,7,2,1,2
E3,E3:CH,E3:CH:N,E3:CH:N:1,2019-08-01,13,0,0,0
E3,E3:CH,E3:CH:N,E3:CH:N:1,2019-08-01,17,5,0,5
E3,E3:CH,E3:CH:N,E3:CH:N:1,2019-08-01,23,0,0,0
E3,E3:CH,E3:CH:N,E3:CH:N:1,2019-08-01,27,0,0,0
E3,E3:CH,E3:CH:N,E3:CH:N:2,2019-08-01,3,0,0,0
E3,E3:CH,E3:CH:N,E3:CH:N:2,2019-08-01,7,0,0,0
E3,E3:CH,E3:CH:N,E3:CH:N:2,2019-08-01,13,4,0,4
E3,E3:CH,E3:CH:N,E3:CH:N:2,2019-08-01,17,0,0,5
E3,E3:CH,E3:CH:N,E3:CH:N:2,2019-08-01,23,0,2,0
E3,E3:CH,E3:CH:N,E3:CH:N:2,2019-08-01,27,0,0,0
E3,E3:CH,E3:CH:N,E3:CH:N:3,2019-08-01,3,4,0,4
E3,E3:CH,E3:CH:N,E3:CH:N:3,2019-08-01,7,0,0,0
E3,E3:CH,E3:CH:N,E3:CH:N:3,2019-08-01,13,2,1,2
E3,E3:CH,E3:CH:N,E3:CH:N:3,2019-08-01,17,3,2,3
E3,E3:CH,E3:CH:N,E3:CH:N:3,2019-08-01,23,0,0,0
E3,E3:CH,E3:CH:N,E3:CH:N:3,2019-08-01,27,5,2,5
E3,E3:CH,E3:CH:S,E3:CH:S:1,2019-08-01,3,1,0,1
E3,E3:CH,E3:CH:S,E3:CH:S:1,2019-08-01,7,0,0,4
E3,E3:CH,E3:CH:S,E3:CH:S:1,2019-08-01,13,2,0,2
E3,E3:CH,E3:CH:S,E3:CH:S:1,2019-08-01,17,1,0,1
E3,E3:CH,E3:CH:S,E3:CH:S:1,2019-08-01,23,6,0,6
E3,E3:CH,E3:CH:S,E3:CH:S:1,2019-08-01,27,2,0,2
E3,E3:CH,E3:CH:S,E3:CH:S:2,2019-08-01,3,4,2,12
E3,E3:CH,E3:CH:S,E3:CH:S:2,2019-08-01,7,0,1,0
E3,E3:CH,E3:CH:S,E3:CH:S:2,2019-08-01,13,2,0,2
E3,E3:CH,E3:CH:S,E3:CH:S:2,2019-08-01,17,2,0,2
E3,E3:CH,E3:CH:S,E3:CH:S:2,2019-08-01,23,0,0,0
E3,E3:CH,E3:CH:S,E3:CH:S:2,2019-08-01,27,1,0,1
E3,E3:CH,E3:CH:S,E3:CH:S:3,2019-08-01,3,0,0,0
E3,E3:CH,E3:CH:S,E3:CH:S:3,2019-08-01,7,0,0,0
E3,E3:CH,E3:CH:S,E3:CH:S:3,2019-08-01,13,0,0,51
E3,E3:CH,E3:CH:S,E3:CH:S:3,2019-08-01,17,0,0,0
E3,E3:CH,E3:CH:S,E3:CH:S:3,2019-08-01,23,0,0,6
E3,E3:CH,E3:CH:S,E3:CH:S:3,2019-08-01,27,0,0,0
E3,E3:CN,E3:CN:M,E3:CN:M:1,2019-08-01,3,6,0,6
E3,E3:CN,E3:CN:M,E3:CN:M:1,2019-08-01,7,1,0,1
E3,E3:CN,E3:CN:M,E3:CN:M:1,2019-08-01,13,0,0,0
E3,E3:CN,E3:CN:M,E3:CN:M:1,2019-08-01,17,0,0,0
E3,E3:CN,E3:CN:M,E3:CN:M:1,2019-08-01,23,0,0,0
E3,E3:CN,E3:CN:M,E3:CN:M:1,2019-08-01,27,0,0,0
E3,E3:CN,E3:CN:M,E3:CN:M:2,2019-08-01,3,0,0,10
E3,E3:CN,E3:CN:M,E3:CN:M:2,2019-08-01,7,0,0,0
E3,E3:CN,E3:CN:M,E3:CN:M:2,2019-08-01,13,6,0,6
E3,E3:CN,E3:CN:M,E3:CN:M:2,2019-08-01,17,0,0,0
E3,E3:CN,E3:CN:M,E3:CN:M:2,2019-08-01,23,3,0,3
E3,E3:CN,E3:CN:M,E3:CN:M:2,2019-08-01,27,7,0,7
E3,E3:CN,E3:CN:M,E3:CN:M:3,2019-08-01,3,1,0,1
E3,E3:CN,E3:CN:M,E3:CN:M:3,2019-08-01,7,1,0,1
E3,E3:CN,E3:CN:M,E3:CN:M:3,2019-08-01,13,0,0,5
E3,E3:CN,E3:CN:M,E3:CN:M:3,2019-08-01,17,0,0,0
E3,E3:CN,E3:CN:M,E3:CN:M:3,2019-08-01,23,0,0,7
E3,E3:CN,E3:CN:M,E3:CN:M:3,2019-08-01,27,0,0,2
E3,E3:CN,E3:CN:N,E3:CN:N:1,2019-08-01,3,1,0,1
E3,E3:CN,E3:CN:N,E3:CN:N:1,2019-08-01,7,0,0,0
E3,E3:CN,E3:CN:N,E3:CN:N:1,2019-08-01,13,3,0,3
E3,E3:CN,E3:CN:N,E3:CN:N:1,2019-08-01,17,0,0,0
E3,E3:CN,E3:CN:N,E3:CN:N:1,2019-08-01,23,0,0,0
E3,E3:CN,E3:CN:N,E3:CN:N:1,2019-08-01,27,3,0,3
E3,E3:CN,E3:CN:N,E3:CN:N:2,2019-08-01,3,4,0,4
E3,E3:CN,E3:CN:N,E3:CN:N:2,2019-08-01,7,4,0,8
E3,E3:CN,E3:CN:N,E3:CN:N:2,2019-08-01,13,3,2,3
E3,E3:CN,E3:CN:N,E3:CN:N:2,2019-08-01,17,2,0,2
E3,E3:CN,E3:CN:N,E3:CN:N:2,2019-08-01,23,0,0,0
E3,E3:CN,E3:CN:N,E3:CN:N:2,2019-08-01,27,0,0,0
E3,E3:CN,E3:CN:N,E3:CN:N:3,2019-08-01,3,4,0,14
E3,E3:CN,E3:CN:N,E3:CN:N:3,2019-08-01,7,0,0,0
E3,E3:CN,E3:CN:N,E3:CN:N:3,2019-08-01,13,1,0,1
E3,E3:CN,E3:CN:N,E3:CN:N:3,2019-08-01,17,0,0,16
E3,E3:CN,E3:CN:N,E3:CN:N:3,2019-08-01,23,0,0,0
E3,E3:CN,E3:CN:N,E3:CN:N:3,2019-08-01,27,0,0,0
E3,E3:CN,E3:CN:S,E3:CN:S:1,2019-08-01,3,1,0,1
E3,E3:CN,E3:CN:S,E3:CN:S:1,2019-08-01,7,0,0,1
E3,E3:CN,E3:CN:S,E3:CN:S:1,2019-08-01,13,0,0,0
E3,E3:CN,E3:CN:S,E3:CN:S:1,2019-08-01,17,2,0,4
E3,E3:CN,E3:CN:S,E3:CN:S:1,2019-08-01,23,0,0,0
E3,E3:CN,E3:CN:S,E3:CN:S:1,2019-08-01,27,2,0,10
E3,E3:CN,E3:CN:S,E3:CN:S:2,2019-08-01,3,5,2,5
E3,E3:CN,E3:CN:S,E3:CN:S:2,2019-08-01,7,7,1,7
E3,E3:CN,E3:CN:S,E3:CN:S:2,2019-08-01,13,3,2,5
E3,E3:CN,E3:CN:S,E3:CN:S:2,2019-08-01,17,3,4,10
E3,E3:CN,E3:CN:S,E3:CN:S:2,2019-08-01,23,0,0,1
E3,E3:CN,E3:CN:S,E3:CN:S:2,2019-08-01,27,1,0,1
E3,E3:CN,E3:CN:S,E3:CN:S:3,2019-08-01,3,1,0,1
E3,E3:CN,E3:CN:S,E3:CN:S:3,2019-08-01,7,0,0,4
E3,E3:CN,E3:CN:S,E3:CN:S:3,2019-08-01,13,0,0,0
E3,E3:CN,E3:CN:S,E3:CN:S:3,2019-08-01,17,0,0,0
E3,E3:CN,E3:CN:S,E3:CN:S:3,2019-08-01,23,1,0,1
E3,E3:CN,E3:CN:S,E3:CN:S:3,2019-08-01,27,2,0,7
E3,E3:EG,E3:EG:M,E3:EG:M:1,2019-08-01,3,0,0,0
E3,E3:EG,E3:EG:M,E3:EG:M:1,2019-08-01,7,0,0,0
E3,E3:EG,E3:EG:M,E3:EG:M:1,2019-08-01,13,1,0,1
E3,E3:EG,E3:EG:M,E3:EG:M:1,2019-08-01,17,0,0,12
E3,E3:EG,E3:EG:M,E3:EG:M:1,2019-08-01,23,0,0,0
E3,E3:EG,E3:EG:M,E3:EG:M:1,2019-08-01,27,0,0,0
E3,E3:EG,E3:EG:M,E3:EG:M:2,2019-08-01,3,0,0,0
E3,E3:EG,E3:EG:M,E3:EG:M:2,2019-08-01,7,0,0,6
E3,E3:EG,E3:EG:M,E3:EG:M:2,2019-08-01,13,0,0,0
E3,E3:EG,E3:EG:M,E3:EG:M:2,2019-08-01,17,0,0,0
E3,E3:EG,E3:EG:M,E3:EG:M:2,2019-08-01,23,0,0,0
E3,E3:EG,E3:EG:M,E3:EG:M:2,2019-08-01,27,0,0,5
E3,E3:EG,E3:EG:M,E3:EG:M:3,2019-08-01,3,0,0,0
E3,E3:EG,E3:EG:M,E3:EG:M:3,2019-08-01,7,1,0,1
E3,E3:EG,E3:EG:M,E3:EG:M:3,2019-08-01,13,1,0,11
E3,E3:EG,E3:EG:M,E3:EG:M:3,2019-08-01,17,0,0,0
E3,E3:EG,E3:EG:M,E3:EG:M:3,2019-08-01,23,1,0,11
E3,E3:EG,E3:EG:M,E3:EG:M:3,2019-08-01,27,0,0,0
E3,E3:EG,E3:EG:N,E3:EG:N:1,2019-08-01,3,0,0,0
E3,E3:EG,E3:EG:N,E3:EG:N:1,2019-08-01,7,0,0,0
E3,E3:EG,E3:EG:N,E3:EG:N:1,2019-08-01,13,2,0,4
E3,E3:EG,E3:EG:N,E3:EG:N:1,2019-08-01,17,1,0,1
E3,E3:EG,E3:EG:N,E3:EG:N:1,2019-08-01,23,0,0,0
E3,E3:EG,E3:EG:N,E3:EG:N:1,2019-08-01,27,1,0,1
E3,E3:EG,E3:EG:N,E3:EG:N:2,2019-08-01,3,3,1,30
E3,E3:EG,E3:EG:N,E3:EG:N:2,2019-08-01,7,0,0,0
E3,E3:EG,E3:EG:N,E3:EG:N:2,2019-08-01,13,0,0,0
E3,E3:EG,E3:EG:N,E3:EG:N:2,2019-08-01,17,0,0,0
E3,E3:EG,E3:EG:N,E3:EG:N:2,2019-08-01,23,0,0,2
E3,E3:EG,E3:EG:N,E3:EG:N:2,2019-08-01,27,0,0,1
E3,E3:EG,E3:EG:N,E3:EG:N:3,2019-08-01,3,0,0,10
E3,E3:EG,E3:EG:N,E3:EG:N:3,2019-08-01,7,0,0,3
E3,E3:EG,E3:EG:N,E3:EG:N:3,2019-08-01,13,0,0,0
E3,E3:EG,E3:EG:N,E3:EG:N:3,2019-08-01,17,0,0,0
E3,E3:EG,E3:EG:N,E3:EG:N:3,2019-08-01,23,0,0,1
E3,E3:EG,E3:EG:N,E3:EG:N:3,2019-08-01,27,0,0,0
E3,E3:EG,E3:EG:S,E3:EG:S:1,2019-08-01,3,0,0,0
E3,E3:EG,E3:EG:S,E3:EG:S:1,2019-08-01,7,0,0,0
E3,E3:EG,E3:EG:S,E3:EG:S:1,2019-08-01,13,0,0,20
E3,E3:EG,E3:EG:S,E3:EG:S:1,2019-08-01,17,0,0,0
E3,E3:EG,E3:EG:S,E3:EG:S:1,2019-08-01,23,1,0,0
E3,E3:EG,E3:EG:S,E3:EG:S:1,2019-08-01,27,0,0,0
E3,E3:EG,E3:EG:S,E3:EG:S:2,2019-08-01,3,0,0,0
E3,E3:EG,E3:EG:S,E3:EG:S:2,2019-08-01,7,0,0,0
E3,E3:EG,E3:EG:S,E3:EG:S:2,2019-08-01,13,0,0,0
E3,E3:EG,E3:EG:S,E3:EG:S:2,2019-08-01,17,0,0,0
E3,E3:EG,E3:EG:S,E3:EG:S:2,2019-08-01,23,0,0,4
E3,E3:EG,E3:EG:S,E3:EG:S:2,2019-08-01,27,0,0,3
E3,E3:EG,E3:EG:S,E3:EG:S:3,2019-08-01,3,2,0,2
E3,E3:EG,E3:EG:S,E3:EG:S:3,2019-08-01,7,1,0,1
E3,E3:EG,E3:EG:S,E3:EG:S:3,2019-08-01,13,1,0,1
E3,E3:EG,E3:EG:S,E3:EG:S:3,2019-08-01,17,NA,NA,NA
E3,E3:EG,E3:EG:S,E3:EG:S:3,2019-08-01,23,NA,NA,NA
E3,E3:EG,E3:EG:S,E3:EG:S:3,2019-08-01,27,NA,NA,NA
E3,E3:EH,E3:EH:M,E3:EH:M:1,2019-08-01,3,0,0,0
E3,E3:EH,E3:EH:M,E3:EH:M:1,2019-08-01,7,0,0,0
E3,E3:EH,E3:EH:M,E3:EH:M:1,2019-08-01,13,0,0,0
E3,E3:EH,E3:EH:M,E3:EH:M:1,2019-08-01,17,0,0,2
E3,E3:EH,E3:EH:M,E3:EH:M:1,2019-08-01,23,2,0,2
E3,E3:EH,E3:EH:M,E3:EH:M:1,2019-08-01,27,2,0,2
E3,E3:EH,E3:EH:M,E3:EH:M:2,2019-08-01,3,0,0,0
E3,E3:EH,E3:EH:M,E3:EH:M:2,2019-08-01,7,0,0,0
E3,E3:EH,E3:EH:M,E3:EH:M:2,2019-08-01,13,0,0,0
E3,E3:EH,E3:EH:M,E3:EH:M:2,2019-08-01,17,0,0,0
E3,E3:EH,E3:EH:M,E3:EH:M:2,2019-08-01,23,0,0,0
E3,E3:EH,E3:EH:M,E3:EH:M:2,2019-08-01,27,1,0,1
E3,E3:EH,E3:EH:M,E3:EH:M:3,2019-08-01,3,0,0,0
E3,E3:EH,E3:EH:M,E3:EH:M:3,2019-08-01,7,1,2,1
E3,E3:EH,E3:EH:M,E3:EH:M:3,2019-08-01,13,0,0,0
E3,E3:EH,E3:EH:M,E3:EH:M:3,2019-08-01,17,0,0,4
E3,E3:EH,E3:EH:M,E3:EH:M:3,2019-08-01,23,0,0,0
E3,E3:EH,E3:EH:M,E3:EH:M:3,2019-08-01,27,0,0,0
E3,E3:EH,E3:EH:N,E3:EH:N:1,2019-08-01,3,0,0,0
E3,E3:EH,E3:EH:N,E3:EH:N:1,2019-08-01,7,2,0,9
E3,E3:EH,E3:EH:N,E3:EH:N:1,2019-08-01,13,0,0,6
E3,E3:EH,E3:EH:N,E3:EH:N:1,2019-08-01,17,3,0,3
E3,E3:EH,E3:EH:N,E3:EH:N:1,2019-08-01,23,8,0,71
E3,E3:EH,E3:EH:N,E3:EH:N:1,2019-08-01,27,0,0,0
E3,E3:EH,E3:EH:N,E3:EH:N:2,2019-08-01,3,0,0,0
E3,E3:EH,E3:EH:N,E3:EH:N:2,2019-08-01,7,1,0,1
E3,E3:EH,E3:EH:N,E3:EH:N:2,2019-08-01,13,0,0,0
E3,E3:EH,E3:EH:N,E3:EH:N:2,2019-08-01,17,1,0,2
E3,E3:EH,E3:EH:N,E3:EH:N:2,2019-08-01,23,0,0,1
E3,E3:EH,E3:EH:N,E3:EH:N:2,2019-08-01,27,0,0,0
E3,E3:EH,E3:EH:N,E3:EH:N:3,2019-08-01,3,0,0,4
E3,E3:EH,E3:EH:N,E3:EH:N:3,2019-08-01,7,0,0,0
E3,E3:EH,E3:EH:N,E3:EH:N:3,2019-08-01,13,1,0,1
E3,E3:EH,E3:EH:N,E3:EH:N:3,2019-08-01,17,0,0,0
E3,E3:EH,E3:EH:N,E3:EH:N:3,2019-08-01,23,0,0,0
E3,E3:EH,E3:EH:N,E3:EH:N:3,2019-08-01,27,0,0,6
E3,E3:EH,E3:EH:S,E3:EH:S:1,2019-08-01,3,0,0,0
E3,E3:EH,E3:EH:S,E3:EH:S:1,2019-08-01,7,2,0,2
E3,E3:EH,E3:EH:S,E3:EH:S:1,2019-08-01,13,0,0,0
E3,E3:EH,E3:EH:S,E3:EH:S:1,2019-08-01,17,1,0,1
E3,E3:EH,E3:EH:S,E3:EH:S:1,2019-08-01,23,0,0,0
E3,E3:EH,E3:EH:S,E3:EH:S:1,2019-08-01,27,0,0,0
E3,E3:EH,E3:EH:S,E3:EH:S:2,2019-08-01,3,0,0,0
E3,E3:EH,E3:EH:S,E3:EH:S:2,2019-08-01,7,0,0,0.5
E3,E3:EH,E3:EH:S,E3:EH:S:2,2019-08-01,13,1,0,1
E3,E3:EH,E3:EH:S,E3:EH:S:2,2019-08-01,17,0,0,0
E3,E3:EH,E3:EH:S,E3:EH:S:2,2019-08-01,23,0,0,0
E3,E3:EH,E3:EH:S,E3:EH:S:2,2019-08-01,27,5,0,5
E3,E3:EH,E3:EH:S,E3:EH:S:3,2019-08-01,3,0,0,0
E3,E3:EH,E3:EH:S,E3:EH:S:3,2019-08-01,7,0,0,0
E3,E3:EH,E3:EH:S,E3:EH:S:3,2019-08-01,13,0,0,0
E3,E3:EH,E3:EH:S,E3:EH:S:3,2019-08-01,17,0,0,0
E3,E3:EH,E3:EH:S,E3:EH:S:3,2019-08-01,23,0,0,1
E3,E3:EH,E3:EH:S,E3:EH:S:3,2019-08-01,27,0,0,0
E3,E3:EN,E3:EN:M,E3:EN:M:1,2019-08-01,3,1,0,1
E3,E3:EN,E3:EN:M,E3:EN:M:1,2019-08-01,7,2,0,2
E3,E3:EN,E3:EN:M,E3:EN:M:1,2019-08-01,13,3,0,3
E3,E3:EN,E3:EN:M,E3:EN:M:1,2019-08-01,17,2,0,2
E3,E3:EN,E3:EN:M,E3:EN:M:1,2019-08-01,23,0,0,0
E3,E3:EN,E3:EN:M,E3:EN:M:1,2019-08-01,27,2,0,2
E3,E3:EN,E3:EN:M,E3:EN:M:2,2019-08-01,3,0,0,0
E3,E3:EN,E3:EN:M,E3:EN:M:2,2019-08-01,7,0,0,0
E3,E3:EN,E3:EN:M,E3:EN:M:2,2019-08-01,13,0,0,0
E3,E3:EN,E3:EN:M,E3:EN:M:2,2019-08-01,17,5,0,6
E3,E3:EN,E3:EN:M,E3:EN:M:2,2019-08-01,23,0,0,30
E3,E3:EN,E3:EN:M,E3:EN:M:2,2019-08-01,27,0,0,0
E3,E3:EN,E3:EN:M,E3:EN:M:3,2019-08-01,3,1,0,1
E3,E3:EN,E3:EN:M,E3:EN:M:3,2019-08-01,7,1,0,2
E3,E3:EN,E3:EN:M,E3:EN:M:3,2019-08-01,13,0,0,0
E3,E3:EN,E3:EN:M,E3:EN:M:3,2019-08-01,17,0,0,0
E3,E3:EN,E3:EN:M,E3:EN:M:3,2019-08-01,23,0,2,4
E3,E3:EN,E3:EN:M,E3:EN:M:3,2019-08-01,27,1,0,1
E3,E3:EN,E3:EN:N,E3:EN:N:1,2019-08-01,3,0,0,0
E3,E3:EN,E3:EN:N,E3:EN:N:1,2019-08-01,7,0,0,0
E3,E3:EN,E3:EN:N,E3:EN:N:1,2019-08-01,13,0,0,1
E3,E3:EN,E3:EN:N,E3:EN:N:1,2019-08-01,17,2,0,3
E3,E3:EN,E3:EN:N,E3:EN:N:1,2019-08-01,23,0,0,0
E3,E3:EN,E3:EN:N,E3:EN:N:1,2019-08-01,27,0,0,0
E3,E3:EN,E3:EN:N,E3:EN:N:2,2019-08-01,3,0,0,2
E3,E3:EN,E3:EN:N,E3:EN:N:2,2019-08-01,7,0,0,0
E3,E3:EN,E3:EN:N,E3:EN:N:2,2019-08-01,13,0,0,0
E3,E3:EN,E3:EN:N,E3:EN:N:2,2019-08-01,17,0,0,0
E3,E3:EN,E3:EN:N,E3:EN:N:2,2019-08-01,23,0,0,0
E3,E3:EN,E3:EN:N,E3:EN:N:2,2019-08-01,27,0,0,2
E3,E3:EN,E3:EN:N,E3:EN:N:3,2019-08-01,3,2,0,2
E3,E3:EN,E3:EN:N,E3:EN:N:3,2019-08-01,7,0,0,0
E3,E3:EN,E3:EN:N,E3:EN:N:3,2019-08-01,13,0,0,0
E3,E3:EN,E3:EN:N,E3:EN:N:3,2019-08-01,17,1,0,1
E3,E3:EN,E3:EN:N,E3:EN:N:3,2019-08-01,23,2,0,3
E3,E3:EN,E3:EN:N,E3:EN:N:3,2019-08-01,27,1,0,3
E3,E3:EN,E3:EN:S,E3:EN:S:1,2019-08-01,3,3,0,3
E3,E3:EN,E3:EN:S,E3:EN:S:1,2019-08-01,7,2,0,2
E3,E3:EN,E3:EN:S,E3:EN:S:1,2019-08-01,13,0,0,0
E3,E3:EN,E3:EN:S,E3:EN:S:1,2019-08-01,17,0,0,0
E3,E3:EN,E3:EN:S,E3:EN:S:1,2019-08-01,23,0,0,0
E3,E3:EN,E3:EN:S,E3:EN:S:1,2019-08-01,27,0,0,0
E3,E3:EN,E3:EN:S,E3:EN:S:2,2019-08-01,3,2,0,2
E3,E3:EN,E3:EN:S,E3:EN:S:2,2019-08-01,7,0,0,0
E3,E3:EN,E3:EN:S,E3:EN:S:2,2019-08-01,13,0,0,0
E3,E3:EN,E3:EN:S,E3:EN:S:2,2019-08-01,17,1,0,1
E3,E3:EN,E3:EN:S,E3:EN:S:2,2019-08-01,23,3,0,3
E3,E3:EN,E3:EN:S,E3:EN:S:2,2019-08-01,27,NV,NV,NV
E3,E3:EN,E3:EN:S,E3:EN:S:3,2019-08-01,3,1,0,1
E3,E3:EN,E3:EN:S,E3:EN:S:3,2019-08-01,7,0,0,0
E3,E3:EN,E3:EN:S,E3:EN:S:3,2019-08-01,13,3,0,3
E3,E3:EN,E3:EN:S,E3:EN:S:3,2019-08-01,17,6,0,6
E3,E3:EN,E3:EN:S,E3:EN:S:3,2019-08-01,23,1,0,1
E3,E3:EN,E3:EN:S,E3:EN:S:3,2019-08-01,27,0,0,0
E4,E4:CG,E4:CG:M,E4:CG:M:1,2019-08-03,3,2,0,12
E4,E4:CG,E4:CG:M,E4:CG:M:1,2019-08-03,7,0,0,0
E4,E4:CG,E4:CG:M,E4:CG:M:1,2019-08-03,13,0,0,0
E4,E4:CG,E4:CG:M,E4:CG:M:1,2019-08-03,17,5,0,30
E4,E4:CG,E4:CG:M,E4:CG:M:1,2019-08-03,23,1,0,1
E4,E4:CG,E4:CG:M,E4:CG:M:1,2019-08-03,27,0,0,7
E4,E4:CG,E4:CG:M,E4:CG:M:2,2019-08-03,3,0,0,0
E4,E4:CG,E4:CG:M,E4:CG:M:2,2019-08-03,7,0,0,2
E4,E4:CG,E4:CG:M,E4:CG:M:2,2019-08-03,13,3,0,4
E4,E4:CG,E4:CG:M,E4:CG:M:2,2019-08-03,17,3,0,3
E4,E4:CG,E4:CG:M,E4:CG:M:2,2019-08-03,23,2,0,2
E4,E4:CG,E4:CG:M,E4:CG:M:2,2019-08-03,27,4,0,4
E4,E4:CG,E4:CG:M,E4:CG:M:3,2019-08-03,3,13,0,13
E4,E4:CG,E4:CG:M,E4:CG:M:3,2019-08-03,7,5,0,5
E4,E4:CG,E4:CG:M,E4:CG:M:3,2019-08-03,13,0,0,0
E4,E4:CG,E4:CG:M,E4:CG:M:3,2019-08-03,17,1,0,1
E4,E4:CG,E4:CG:M,E4:CG:M:3,2019-08-03,23,0,0,0
E4,E4:CG,E4:CG:M,E4:CG:M:3,2019-08-03,27,0,0,0
E4,E4:CG,E4:CG:N,E4:CG:N:1,2019-08-03,3,0,0,14
E4,E4:CG,E4:CG:N,E4:CG:N:1,2019-08-03,7,0,0,0
E4,E4:CG,E4:CG:N,E4:CG:N:1,2019-08-03,13,0,0,0
E4,E4:CG,E4:CG:N,E4:CG:N:1,2019-08-03,17,0,0,0
E4,E4:CG,E4:CG:N,E4:CG:N:1,2019-08-03,23,0,0,0
E4,E4:CG,E4:CG:N,E4:CG:N:1,2019-08-03,27,0,0,0
E4,E4:CG,E4:CG:N,E4:CG:N:2,2019-08-03,3,1,0,1
E4,E4:CG,E4:CG:N,E4:CG:N:2,2019-08-03,7,1,0,1
E4,E4:CG,E4:CG:N,E4:CG:N:2,2019-08-03,13,1,0,15
E4,E4:CG,E4:CG:N,E4:CG:N:2,2019-08-03,17,0,0,0
E4,E4:CG,E4:CG:N,E4:CG:N:2,2019-08-03,23,0,0,0
E4,E4:CG,E4:CG:N,E4:CG:N:2,2019-08-03,27,1,0,1
E4,E4:CG,E4:CG:N,E4:CG:N:3,2019-08-03,3,0,0,0
E4,E4:CG,E4:CG:N,E4:CG:N:3,2019-08-03,7,1,0,1
E4,E4:CG,E4:CG:N,E4:CG:N:3,2019-08-03,13,1,0,1
E4,E4:CG,E4:CG:N,E4:CG:N:3,2019-08-03,17,0,0,0
E4,E4:CG,E4:CG:N,E4:CG:N:3,2019-08-03,23,8,0,8
E4,E4:CG,E4:CG:N,E4:CG:N:3,2019-08-03,27,0,0,2
E4,E4:CG,E4:CG:S,E4:CG:S:1,2019-08-03,3,0,0,0
E4,E4:CG,E4:CG:S,E4:CG:S:1,2019-08-03,7,0,0,0
E4,E4:CG,E4:CG:S,E4:CG:S:1,2019-08-03,13,0,0,0
E4,E4:CG,E4:CG:S,E4:CG:S:1,2019-08-03,17,0,0,0
E4,E4:CG,E4:CG:S,E4:CG:S:1,2019-08-03,23,0,0,0
E4,E4:CG,E4:CG:S,E4:CG:S:1,2019-08-03,27,0,0,0
E4,E4:CG,E4:CG:S,E4:CG:S:2,2019-08-03,3,1,1,1
E4,E4:CG,E4:CG:S,E4:CG:S:2,2019-08-03,7,0,0,3
E4,E4:CG,E4:CG:S,E4:CG:S:2,2019-08-03,13,0,0,0
E4,E4:CG,E4:CG:S,E4:CG:S:2,2019-08-03,17,0,0,0
E4,E4:CG,E4:CG:S,E4:CG:S:2,2019-08-03,23,1,0,18
E4,E4:CG,E4:CG:S,E4:CG:S:2,2019-08-03,27,2,0,2
E4,E4:CG,E4:CG:S,E4:CG:S:3,2019-08-03,3,1,0,1
E4,E4:CG,E4:CG:S,E4:CG:S:3,2019-08-03,7,0,0,14
E4,E4:CG,E4:CG:S,E4:CG:S:3,2019-08-03,13,0,0,0
E4,E4:CG,E4:CG:S,E4:CG:S:3,2019-08-03,17,1,0,1
E4,E4:CG,E4:CG:S,E4:CG:S:3,2019-08-03,23,0,0,0
E4,E4:CG,E4:CG:S,E4:CG:S:3,2019-08-03,27,0,0,1
E4,E4:CH,E4:CH:M,E4:CH:M:1,2019-08-03,3,0,0,0
E4,E4:CH,E4:CH:M,E4:CH:M:1,2019-08-03,7,2,0,2
E4,E4:CH,E4:CH:M,E4:CH:M:1,2019-08-03,13,0,0,0
E4,E4:CH,E4:CH:M,E4:CH:M:1,2019-08-03,17,0,0,0
E4,E4:CH,E4:CH:M,E4:CH:M:1,2019-08-03,23,0,0,0
E4,E4:CH,E4:CH:M,E4:CH:M:1,2019-08-03,27,0,0,0
E4,E4:CH,E4:CH:M,E4:CH:M:2,2019-08-03,3,0,0,0
E4,E4:CH,E4:CH:M,E4:CH:M:2,2019-08-03,7,0,0,25
E4,E4:CH,E4:CH:M,E4:CH:M:2,2019-08-03,13,0,0,3
E4,E4:CH,E4:CH:M,E4:CH:M:2,2019-08-03,17,0,0,0
E4,E4:CH,E4:CH:M,E4:CH:M:2,2019-08-03,23,0,0,0
E4,E4:CH,E4:CH:M,E4:CH:M:2,2019-08-03,27,0,0,2
E4,E4:CH,E4:CH:M,E4:CH:M:3,2019-08-03,3,0,0,0
E4,E4:CH,E4:CH:M,E4:CH:M:3,2019-08-03,7,0,0,0
E4,E4:CH,E4:CH:M,E4:CH:M:3,2019-08-03,13,0,0,0
E4,E4:CH,E4:CH:M,E4:CH:M:3,2019-08-03,17,0,0,0
E4,E4:CH,E4:CH:M,E4:CH:M:3,2019-08-03,23,0,0,0
E4,E4:CH,E4:CH:M,E4:CH:M:3,2019-08-03,27,0,0,0
E4,E4:CH,E4:CH:N,E4:CH:N:1,2019-08-03,3,0,0,0
E4,E4:CH,E4:CH:N,E4:CH:N:1,2019-08-03,7,0,0,0
E4,E4:CH,E4:CH:N,E4:CH:N:1,2019-08-03,13,2,0,2
E4,E4:CH,E4:CH:N,E4:CH:N:1,2019-08-03,17,0,0,1
E4,E4:CH,E4:CH:N,E4:CH:N:1,2019-08-03,23,0,0,0
E4,E4:CH,E4:CH:N,E4:CH:N:1,2019-08-03,27,0,0,0
E4,E4:CH,E4:CH:N,E4:CH:N:2,2019-08-03,3,3,0,3
E4,E4:CH,E4:CH:N,E4:CH:N:2,2019-08-03,7,0,0,0
E4,E4:CH,E4:CH:N,E4:CH:N:2,2019-08-03,13,3,0,3
E4,E4:CH,E4:CH:N,E4:CH:N:2,2019-08-03,17,0,0,0
E4,E4:CH,E4:CH:N,E4:CH:N:2,2019-08-03,23,0,0,0
E4,E4:CH,E4:CH:N,E4:CH:N:2,2019-08-03,27,10,0,20
E4,E4:CH,E4:CH:N,E4:CH:N:3,2019-08-03,3,7,0,7
E4,E4:CH,E4:CH:N,E4:CH:N:3,2019-08-03,7,0,0,0
E4,E4:CH,E4:CH:N,E4:CH:N:3,2019-08-03,13,0,0,15
E4,E4:CH,E4:CH:N,E4:CH:N:3,2019-08-03,17,0,0,0
E4,E4:CH,E4:CH:N,E4:CH:N:3,2019-08-03,23,0,0,0
E4,E4:CH,E4:CH:N,E4:CH:N:3,2019-08-03,27,0,0,0
E4,E4:CH,E4:CH:S,E4:CH:S:1,2019-08-03,3,0,0,0
E4,E4:CH,E4:CH:S,E4:CH:S:1,2019-08-03,7,2,0,2
E4,E4:CH,E4:CH:S,E4:CH:S:1,2019-08-03,13,0,0,0
E4,E4:CH,E4:CH:S,E4:CH:S:1,2019-08-03,17,0,0,0
E4,E4:CH,E4:CH:S,E4:CH:S:1,2019-08-03,23,0,0,0
E4,E4:CH,E4:CH:S,E4:CH:S:1,2019-08-03,27,0,0,3
E4,E4:CH,E4:CH:S,E4:CH:S:2,2019-08-03,3,0,0,0
E4,E4:CH,E4:CH:S,E4:CH:S:2,2019-08-03,7,1,0,1
E4,E4:CH,E4:CH:S,E4:CH:S:2,2019-08-03,13,1,0,18
E4,E4:CH,E4:CH:S,E4:CH:S:2,2019-08-03,17,0,0,0
E4,E4:CH,E4:CH:S,E4:CH:S:2,2019-08-03,23,1,0,1
E4,E4:CH,E4:CH:S,E4:CH:S:2,2019-08-03,27,1,0,1
E4,E4:CH,E4:CH:S,E4:CH:S:3,2019-08-03,3,0,0,0
E4,E4:CH,E4:CH:S,E4:CH:S:3,2019-08-03,7,0,0,0
E4,E4:CH,E4:CH:S,E4:CH:S:3,2019-08-03,13,0,0,0
E4,E4:CH,E4:CH:S,E4:CH:S:3,2019-08-03,17,2,0,2
E4,E4:CH,E4:CH:S,E4:CH:S:3,2019-08-03,23,1,0,1
E4,E4:CH,E4:CH:S,E4:CH:S:3,2019-08-03,27,0,0,0
E4,E4:CN,E4:CN:M,E4:CN:M:1,2019-08-03,3,0,0,0
E4,E4:CN,E4:CN:M,E4:CN:M:1,2019-08-03,7,0,0,0
E4,E4:CN,E4:CN:M,E4:CN:M:1,2019-08-03,13,0,0,0
E4,E4:CN,E4:CN:M,E4:CN:M:1,2019-08-03,17,0,0,0
E4,E4:CN,E4:CN:M,E4:CN:M:1,2019-08-03,23,0,0,2
E4,E4:CN,E4:CN:M,E4:CN:M:1,2019-08-03,27,0,0,0
E4,E4:CN,E4:CN:M,E4:CN:M:2,2019-08-03,3,0,0,0
E4,E4:CN,E4:CN:M,E4:CN:M:2,2019-08-03,7,0,0,2
E4,E4:CN,E4:CN:M,E4:CN:M:2,2019-08-03,13,1,1,3
E4,E4:CN,E4:CN:M,E4:CN:M:2,2019-08-03,17,0,0,0
E4,E4:CN,E4:CN:M,E4:CN:M:2,2019-08-03,23,1,0,2
E4,E4:CN,E4:CN:M,E4:CN:M:2,2019-08-03,27,2,2,2
E4,E4:CN,E4:CN:M,E4:CN:M:3,2019-08-03,3,1,0,1
E4,E4:CN,E4:CN:M,E4:CN:M:3,2019-08-03,7,1,0,1
E4,E4:CN,E4:CN:M,E4:CN:M:3,2019-08-03,13,0,0,60
E4,E4:CN,E4:CN:M,E4:CN:M:3,2019-08-03,17,0,0,0
E4,E4:CN,E4:CN:M,E4:CN:M:3,2019-08-03,23,1,0,1
E4,E4:CN,E4:CN:M,E4:CN:M:3,2019-08-03,27,0,0,0
E4,E4:CN,E4:CN:N,E4:CN:N:1,2019-08-03,3,4,0,4
E4,E4:CN,E4:CN:N,E4:CN:N:1,2019-08-03,7,2,0,2
E4,E4:CN,E4:CN:N,E4:CN:N:1,2019-08-03,13,0,0,0
E4,E4:CN,E4:CN:N,E4:CN:N:1,2019-08-03,17,0,0,20
E4,E4:CN,E4:CN:N,E4:CN:N:1,2019-08-03,23,0,0,0
E4,E4:CN,E4:CN:N,E4:CN:N:1,2019-08-03,27,0,0,4
E4,E4:CN,E4:CN:N,E4:CN:N:2,2019-08-03,3,1,0,1
E4,E4:CN,E4:CN:N,E4:CN:N:2,2019-08-03,7,0,0,13
E4,E4:CN,E4:CN:N,E4:CN:N:2,2019-08-03,13,1,0,1
E4,E4:CN,E4:CN:N,E4:CN:N:2,2019-08-03,17,2,0,2
E4,E4:CN,E4:CN:N,E4:CN:N:2,2019-08-03,23,1,0,1
E4,E4:CN,E4:CN:N,E4:CN:N:2,2019-08-03,27,0,0,0
E4,E4:CN,E4:CN:N,E4:CN:N:3,2019-08-03,3,0,0,0
E4,E4:CN,E4:CN:N,E4:CN:N:3,2019-08-03,7,0,0,0
E4,E4:CN,E4:CN:N,E4:CN:N:3,2019-08-03,13,0,0,8
E4,E4:CN,E4:CN:N,E4:CN:N:3,2019-08-03,17,1,0,1
E4,E4:CN,E4:CN:N,E4:CN:N:3,2019-08-03,23,0,0,0
E4,E4:CN,E4:CN:N,E4:CN:N:3,2019-08-03,27,0,0,5
E4,E4:CN,E4:CN:S,E4:CN:S:1,2019-08-03,3,0,0,0
E4,E4:CN,E4:CN:S,E4:CN:S:1,2019-08-03,7,0,0,0
E4,E4:CN,E4:CN:S,E4:CN:S:1,2019-08-03,13,0,0,0
E4,E4:CN,E4:CN:S,E4:CN:S:1,2019-08-03,17,0,0,3
E4,E4:CN,E4:CN:S,E4:CN:S:1,2019-08-03,23,0,0,0
E4,E4:CN,E4:CN:S,E4:CN:S:1,2019-08-03,27,0,0,0
E4,E4:CN,E4:CN:S,E4:CN:S:2,2019-08-03,3,0,0,0
E4,E4:CN,E4:CN:S,E4:CN:S:2,2019-08-03,7,1,0,1
E4,E4:CN,E4:CN:S,E4:CN:S:2,2019-08-03,13,3,0,3
E4,E4:CN,E4:CN:S,E4:CN:S:2,2019-08-03,17,2,0,2
E4,E4:CN,E4:CN:S,E4:CN:S:2,2019-08-03,23,2,0,2
E4,E4:CN,E4:CN:S,E4:CN:S:2,2019-08-03,27,1,0,1
E4,E4:CN,E4:CN:S,E4:CN:S:3,2019-08-03,3,1,0,1
E4,E4:CN,E4:CN:S,E4:CN:S:3,2019-08-03,7,0,0,0
E4,E4:CN,E4:CN:S,E4:CN:S:3,2019-08-03,13,0,0,0
E4,E4:CN,E4:CN:S,E4:CN:S:3,2019-08-03,17,0,0,0
E4,E4:CN,E4:CN:S,E4:CN:S:3,2019-08-03,23,0,0,0
E4,E4:CN,E4:CN:S,E4:CN:S:3,2019-08-03,27,0,0,0
E4,E4:EG,E4:EG:M,E4:EG:M:1,2019-08-03,3,0,0,0
E4,E4:EG,E4:EG:M,E4:EG:M:1,2019-08-03,7,2,0,2
E4,E4:EG,E4:EG:M,E4:EG:M:1,2019-08-03,13,0,0,0
E4,E4:EG,E4:EG:M,E4:EG:M:1,2019-08-03,17,0,0,2
E4,E4:EG,E4:EG:M,E4:EG:M:1,2019-08-03,23,0,0,0
E4,E4:EG,E4:EG:M,E4:EG:M:1,2019-08-03,27,1,0,1
E4,E4:EG,E4:EG:M,E4:EG:M:2,2019-08-03,3,0,0,0
E4,E4:EG,E4:EG:M,E4:EG:M:2,2019-08-03,7,0,0,0
E4,E4:EG,E4:EG:M,E4:EG:M:2,2019-08-03,13,0,0,0
E4,E4:EG,E4:EG:M,E4:EG:M:2,2019-08-03,17,0,0,2
E4,E4:EG,E4:EG:M,E4:EG:M:2,2019-08-03,23,0,0,0
E4,E4:EG,E4:EG:M,E4:EG:M:2,2019-08-03,27,NA,NA,NA
E4,E4:EG,E4:EG:M,E4:EG:M:3,2019-08-03,3,0,0,15
E4,E4:EG,E4:EG:M,E4:EG:M:3,2019-08-03,7,0,0,0
E4,E4:EG,E4:EG:M,E4:EG:M:3,2019-08-03,13,2,0,2
E4,E4:EG,E4:EG:M,E4:EG:M:3,2019-08-03,17,0,0,28
E4,E4:EG,E4:EG:M,E4:EG:M:3,2019-08-03,23,3,0,3
E4,E4:EG,E4:EG:M,E4:EG:M:3,2019-08-03,27,0,0,0
E4,E4:EG,E4:EG:N,E4:EG:N:1,2019-08-03,3,0,0,0
E4,E4:EG,E4:EG:N,E4:EG:N:1,2019-08-03,7,0,0,0
E4,E4:EG,E4:EG:N,E4:EG:N:1,2019-08-03,13,0,0,0
E4,E4:EG,E4:EG:N,E4:EG:N:1,2019-08-03,17,0,0,0
E4,E4:EG,E4:EG:N,E4:EG:N:1,2019-08-03,23,0,0,0
E4,E4:EG,E4:EG:N,E4:EG:N:1,2019-08-03,27,0,0,0
E4,E4:EG,E4:EG:N,E4:EG:N:2,2019-08-03,3,0,0,0
E4,E4:EG,E4:EG:N,E4:EG:N:2,2019-08-03,7,0,0,0
E4,E4:EG,E4:EG:N,E4:EG:N:2,2019-08-03,13,0,0,2
E4,E4:EG,E4:EG:N,E4:EG:N:2,2019-08-03,17,0,0,0
E4,E4:EG,E4:EG:N,E4:EG:N:2,2019-08-03,23,0,0,0
E4,E4:EG,E4:EG:N,E4:EG:N:2,2019-08-03,27,0,0,0
E4,E4:EG,E4:EG:N,E4:EG:N:3,2019-08-03,3,1,0,2
E4,E4:EG,E4:EG:N,E4:EG:N:3,2019-08-03,7,1,0,1
E4,E4:EG,E4:EG:N,E4:EG:N:3,2019-08-03,13,0,0,0
E4,E4:EG,E4:EG:N,E4:EG:N:3,2019-08-03,17,0,0,0
E4,E4:EG,E4:EG:N,E4:EG:N:3,2019-08-03,23,0,0,0
E4,E4:EG,E4:EG:N,E4:EG:N:3,2019-08-03,27,0,0,1
E4,E4:EG,E4:EG:S,E4:EG:S:1,2019-08-03,3,0,0,1
E4,E4:EG,E4:EG:S,E4:EG:S:1,2019-08-03,7,0,0,0
E4,E4:EG,E4:EG:S,E4:EG:S:1,2019-08-03,13,0,0,0
E4,E4:EG,E4:EG:S,E4:EG:S:1,2019-08-03,17,0,0,0
E4,E4:EG,E4:EG:S,E4:EG:S:1,2019-08-03,23,0,0,0
E4,E4:EG,E4:EG:S,E4:EG:S:1,2019-08-03,27,0,0,3
E4,E4:EG,E4:EG:S,E4:EG:S:2,2019-08-03,3,0,0,0
E4,E4:EG,E4:EG:S,E4:EG:S:2,2019-08-03,7,0,0,0
E4,E4:EG,E4:EG:S,E4:EG:S:2,2019-08-03,13,0,0,0
E4,E4:EG,E4:EG:S,E4:EG:S:2,2019-08-03,17,0,0,0
E4,E4:EG,E4:EG:S,E4:EG:S:2,2019-08-03,23,0,0,0
E4,E4:EG,E4:EG:S,E4:EG:S:2,2019-08-03,27,0,0,3
E4,E4:EG,E4:EG:S,E4:EG:S:3,2019-08-03,3,0,0,3
E4,E4:EG,E4:EG:S,E4:EG:S:3,2019-08-03,7,2,0,2
E4,E4:EG,E4:EG:S,E4:EG:S:3,2019-08-03,13,0,0,0
E4,E4:EG,E4:EG:S,E4:EG:S:3,2019-08-03,17,1,0,1
E4,E4:EG,E4:EG:S,E4:EG:S:3,2019-08-03,23,0,0,2
E4,E4:EG,E4:EG:S,E4:EG:S:3,2019-08-03,27,NA,NA,NA
E4,E4:EH,E4:EH:M,E4:EH:M:1,2019-08-02,3,0,1,0
E4,E4:EH,E4:EH:M,E4:EH:M:1,2019-08-02,7,1,0,1
E4,E4:EH,E4:EH:M,E4:EH:M:1,2019-08-02,13,0,0,0
E4,E4:EH,E4:EH:M,E4:EH:M:1,2019-08-02,17,0,0,0
E4,E4:EH,E4:EH:M,E4:EH:M:1,2019-08-02,23,0,0,0
E4,E4:EH,E4:EH:M,E4:EH:M:1,2019-08-02,27,2,0,2
E4,E4:EH,E4:EH:M,E4:EH:M:2,2019-08-02,3,0,0,0
E4,E4:EH,E4:EH:M,E4:EH:M:2,2019-08-02,7,1,9,15
E4,E4:EH,E4:EH:M,E4:EH:M:2,2019-08-02,13,0,0,0
E4,E4:EH,E4:EH:M,E4:EH:M:2,2019-08-02,17,1,0,1
E4,E4:EH,E4:EH:M,E4:EH:M:2,2019-08-02,23,0,0,0
E4,E4:EH,E4:EH:M,E4:EH:M:2,2019-08-02,27,0,0,0
E4,E4:EH,E4:EH:M,E4:EH:M:3,2019-08-02,3,0,0,0
E4,E4:EH,E4:EH:M,E4:EH:M:3,2019-08-02,7,0,0,0
E4,E4:EH,E4:EH:M,E4:EH:M:3,2019-08-02,13,1,0,1
E4,E4:EH,E4:EH:M,E4:EH:M:3,2019-08-02,17,1,0,8
E4,E4:EH,E4:EH:M,E4:EH:M:3,2019-08-02,23,2,0,2
E4,E4:EH,E4:EH:M,E4:EH:M:3,2019-08-02,27,0,0,0
E4,E4:EH,E4:EH:N,E4:EH:N:1,2019-08-02,3,0,0,0
E4,E4:EH,E4:EH:N,E4:EH:N:1,2019-08-02,7,0,0,0
E4,E4:EH,E4:EH:N,E4:EH:N:1,2019-08-02,13,3,0,3
E4,E4:EH,E4:EH:N,E4:EH:N:1,2019-08-02,17,0,0,6
E4,E4:EH,E4:EH:N,E4:EH:N:1,2019-08-02,23,0,0,1
E4,E4:EH,E4:EH:N,E4:EH:N:1,2019-08-02,27,0,0,5
E4,E4:EH,E4:EH:N,E4:EH:N:2,2019-08-02,3,0,0,15
E4,E4:EH,E4:EH:N,E4:EH:N:2,2019-08-02,7,0,0,31
E4,E4:EH,E4:EH:N,E4:EH:N:2,2019-08-02,13,0,0,0
E4,E4:EH,E4:EH:N,E4:EH:N:2,2019-08-02,17,0,0,0
E4,E4:EH,E4:EH:N,E4:EH:N:2,2019-08-02,23,0,0,0
E4,E4:EH,E4:EH:N,E4:EH:N:2,2019-08-02,27,0,0,0
E4,E4:EH,E4:EH:N,E4:EH:N:3,2019-08-02,3,0,0,0
E4,E4:EH,E4:EH:N,E4:EH:N:3,2019-08-02,7,3,0,3
E4,E4:EH,E4:EH:N,E4:EH:N:3,2019-08-02,13,1,0,11
E4,E4:EH,E4:EH:N,E4:EH:N:3,2019-08-02,17,0,0,0
E4,E4:EH,E4:EH:N,E4:EH:N:3,2019-08-02,23,0,0,0
E4,E4:EH,E4:EH:N,E4:EH:N:3,2019-08-02,27,0,0,8
E4,E4:EH,E4:EH:S,E4:EH:S:1,2019-08-02,3,0,0,2
E4,E4:EH,E4:EH:S,E4:EH:S:1,2019-08-02,7,0,0,4
E4,E4:EH,E4:EH:S,E4:EH:S:1,2019-08-02,13,4,0,0
E4,E4:EH,E4:EH:S,E4:EH:S:1,2019-08-02,17,0,0,0
E4,E4:EH,E4:EH:S,E4:EH:S:1,2019-08-02,23,0,0,0
E4,E4:EH,E4:EH:S,E4:EH:S:1,2019-08-02,27,1,0,1
E4,E4:EH,E4:EH:S,E4:EH:S:2,2019-08-02,3,0,0,5
E4,E4:EH,E4:EH:S,E4:EH:S:2,2019-08-02,7,0,0,0
E4,E4:EH,E4:EH:S,E4:EH:S:2,2019-08-02,13,0,0,0
E4,E4:EH,E4:EH:S,E4:EH:S:2,2019-08-02,17,0,0,0
E4,E4:EH,E4:EH:S,E4:EH:S:2,2019-08-02,23,0,0,0
E4,E4:EH,E4:EH:S,E4:EH:S:2,2019-08-02,27,0,0,0
E4,E4:EH,E4:EH:S,E4:EH:S:3,2019-08-02,3,1,0,1
E4,E4:EH,E4:EH:S,E4:EH:S:3,2019-08-02,7,0,0,17
E4,E4:EH,E4:EH:S,E4:EH:S:3,2019-08-02,13,0,0,0
E4,E4:EH,E4:EH:S,E4:EH:S:3,2019-08-02,17,0,0,0
E4,E4:EH,E4:EH:S,E4:EH:S:3,2019-08-02,23,0,0,0
E4,E4:EH,E4:EH:S,E4:EH:S:3,2019-08-02,27,0,0,3
E4,E4:EN,E4:EN:M,E4:EN:M:1,2019-08-02,3,0,0,0
E4,E4:EN,E4:EN:M,E4:EN:M:1,2019-08-02,7,0,0,0
E4,E4:EN,E4:EN:M,E4:EN:M:1,2019-08-02,13,0,0,0
E4,E4:EN,E4:EN:M,E4:EN:M:1,2019-08-02,17,0,0,0
E4,E4:EN,E4:EN:M,E4:EN:M:1,2019-08-02,23,0,0,0
E4,E4:EN,E4:EN:M,E4:EN:M:1,2019-08-02,27,0,0,0
E4,E4:EN,E4:EN:M,E4:EN:M:2,2019-08-02,3,0,0,0
E4,E4:EN,E4:EN:M,E4:EN:M:2,2019-08-02,7,0,0,0
E4,E4:EN,E4:EN:M,E4:EN:M:2,2019-08-02,13,0,0,25
E4,E4:EN,E4:EN:M,E4:EN:M:2,2019-08-02,17,0,0,35
E4,E4:EN,E4:EN:M,E4:EN:M:2,2019-08-02,23,0,0,1
E4,E4:EN,E4:EN:M,E4:EN:M:2,2019-08-02,27,0,0,0
E4,E4:EN,E4:EN:M,E4:EN:M:3,2019-08-02,3,0,0,0
E4,E4:EN,E4:EN:M,E4:EN:M:3,2019-08-02,7,0,0,0
E4,E4:EN,E4:EN:M,E4:EN:M:3,2019-08-02,13,0,0,5
E4,E4:EN,E4:EN:M,E4:EN:M:3,2019-08-02,17,1,0,1
E4,E4:EN,E4:EN:M,E4:EN:M:3,2019-08-02,23,1,0,1
E4,E4:EN,E4:EN:M,E4:EN:M:3,2019-08-02,27,0,0,0
E4,E4:EN,E4:EN:N,E4:EN:N:1,2019-08-02,3,0,0,6
E4,E4:EN,E4:EN:N,E4:EN:N:1,2019-08-02,7,0,0,0
E4,E4:EN,E4:EN:N,E4:EN:N:1,2019-08-02,13,2,0,2
E4,E4:EN,E4:EN:N,E4:EN:N:1,2019-08-02,17,1,0,5
E4,E4:EN,E4:EN:N,E4:EN:N:1,2019-08-02,23,0,0,2
E4,E4:EN,E4:EN:N,E4:EN:N:1,2019-08-02,27,0,0,0
E4,E4:EN,E4:EN:N,E4:EN:N:2,2019-08-02,3,0,0,0
E4,E4:EN,E4:EN:N,E4:EN:N:2,2019-08-02,7,0,0,0
E4,E4:EN,E4:EN:N,E4:EN:N:2,2019-08-02,13,0,0,5
E4,E4:EN,E4:EN:N,E4:EN:N:2,2019-08-02,17,0,0,0
E4,E4:EN,E4:EN:N,E4:EN:N:2,2019-08-02,23,1,0,1
E4,E4:EN,E4:EN:N,E4:EN:N:2,2019-08-02,27,0,0,3
E4,E4:EN,E4:EN:N,E4:EN:N:3,2019-08-02,3,0,0,0
E4,E4:EN,E4:EN:N,E4:EN:N:3,2019-08-02,7,3,0,3
E4,E4:EN,E4:EN:N,E4:EN:N:3,2019-08-02,13,0,0,7
E4,E4:EN,E4:EN:N,E4:EN:N:3,2019-08-02,17,0,0,0
E4,E4:EN,E4:EN:N,E4:EN:N:3,2019-08-02,23,0,0,0
E4,E4:EN,E4:EN:N,E4:EN:N:3,2019-08-02,27,0,0,0
E4,E4:EN,E4:EN:S,E4:EN:S:1,2019-08-02,3,0,0,3
E4,E4:EN,E4:EN:S,E4:EN:S:1,2019-08-02,7,0,0,0
E4,E4:EN,E4:EN:S,E4:EN:S:1,2019-08-02,13,2,3,2
E4,E4:EN,E4:EN:S,E4:EN:S:1,2019-08-02,17,0,0,0
E4,E4:EN,E4:EN:S,E4:EN:S:1,2019-08-02,23,1,0,2
E4,E4:EN,E4:EN:S,E4:EN:S:1,2019-08-02,27,0,0,0
E4,E4:EN,E4:EN:S,E4:EN:S:2,2019-08-02,3,0,0,0
E4,E4:EN,E4:EN:S,E4:EN:S:2,2019-08-02,7,0,0,10
E4,E4:EN,E4:EN:S,E4:EN:S:2,2019-08-02,13,0,0,0
E4,E4:EN,E4:EN:S,E4:EN:S:2,2019-08-02,17,0,0,0
E4,E4:EN,E4:EN:S,E4:EN:S:2,2019-08-02,23,1,0,2
E4,E4:EN,E4:EN:S,E4:EN:S:2,2019-08-02,27,0,0,9
E4,E4:EN,E4:EN:S,E4:EN:S:3,2019-08-02,3,0,0,1
E4,E4:EN,E4:EN:S,E4:EN:S:3,2019-08-02,7,1,0,1
E4,E4:EN,E4:EN:S,E4:EN:S:3,2019-08-02,13,0,0,0
E4,E4:EN,E4:EN:S,E4:EN:S:3,2019-08-02,17,0,0,0
E4,E4:EN,E4:EN:S,E4:EN:S:3,2019-08-02,23,0,0,65
E4,E4:EN,E4:EN:S,E4:EN:S:3,2019-08-02,27,0,0,40
E5,E5:CG,E5:CG:M,E5:CG:M:1,2019-08-04,3,0,0,2
E5,E5:CG,E5:CG:M,E5:CG:M:1,2019-08-04,7,0,0,1
E5,E5:CG,E5:CG:M,E5:CG:M:1,2019-08-04,13,0,0,0
E5,E5:CG,E5:CG:M,E5:CG:M:1,2019-08-04,17,0,0,0
E5,E5:CG,E5:CG:M,E5:CG:M:1,2019-08-04,23,0,0,0
E5,E5:CG,E5:CG:M,E5:CG:M:1,2019-08-04,27,0,0,0
E5,E5:CG,E5:CG:M,E5:CG:M:2,2019-08-04,3,0,0,0
E5,E5:CG,E5:CG:M,E5:CG:M:2,2019-08-04,7,0,0,0
E5,E5:CG,E5:CG:M,E5:CG:M:2,2019-08-04,13,0,0,0
E5,E5:CG,E5:CG:M,E5:CG:M:2,2019-08-04,17,0,0,4
E5,E5:CG,E5:CG:M,E5:CG:M:2,2019-08-04,23,1,0,1
E5,E5:CG,E5:CG:M,E5:CG:M:2,2019-08-04,27,0,0,0
E5,E5:CG,E5:CG:M,E5:CG:M:3,2019-08-04,3,0,0,0
E5,E5:CG,E5:CG:M,E5:CG:M:3,2019-08-04,7,0,0,0
E5,E5:CG,E5:CG:M,E5:CG:M:3,2019-08-04,13,0,0,0
E5,E5:CG,E5:CG:M,E5:CG:M:3,2019-08-04,17,3,0,3
E5,E5:CG,E5:CG:M,E5:CG:M:3,2019-08-04,23,0,0,0
E5,E5:CG,E5:CG:M,E5:CG:M:3,2019-08-04,27,0,0,0
E5,E5:CG,E5:CG:N,E5:CG:N:1,2019-08-04,3,0,0,6
E5,E5:CG,E5:CG:N,E5:CG:N:1,2019-08-04,7,1,0,1
E5,E5:CG,E5:CG:N,E5:CG:N:1,2019-08-04,13,0,0,0
E5,E5:CG,E5:CG:N,E5:CG:N:1,2019-08-04,17,0,0,17
E5,E5:CG,E5:CG:N,E5:CG:N:1,2019-08-04,23,1,0,1
E5,E5:CG,E5:CG:N,E5:CG:N:1,2019-08-04,27,3,0,3
E5,E5:CG,E5:CG:N,E5:CG:N:2,2019-08-04,3,0,0,0
E5,E5:CG,E5:CG:N,E5:CG:N:2,2019-08-04,7,0,0,0
E5,E5:CG,E5:CG:N,E5:CG:N:2,2019-08-04,13,1,0,55
E5,E5:CG,E5:CG:N,E5:CG:N:2,2019-08-04,17,0,0,0
E5,E5:CG,E5:CG:N,E5:CG:N:2,2019-08-04,23,0,0,1
E5,E5:CG,E5:CG:N,E5:CG:N:2,2019-08-04,27,0,0,0
E5,E5:CG,E5:CG:N,E5:CG:N:3,2019-08-04,3,2,0,8
E5,E5:CG,E5:CG:N,E5:CG:N:3,2019-08-04,7,1,0,1
E5,E5:CG,E5:CG:N,E5:CG:N:3,2019-08-04,13,3,0,30
E5,E5:CG,E5:CG:N,E5:CG:N:3,2019-08-04,17,0,0,0
E5,E5:CG,E5:CG:N,E5:CG:N:3,2019-08-04,23,0,0,5
E5,E5:CG,E5:CG:N,E5:CG:N:3,2019-08-04,27,1,0,6
E5,E5:CG,E5:CG:S,E5:CG:S:1,2019-08-04,3,0,0,0
E5,E5:CG,E5:CG:S,E5:CG:S:1,2019-08-04,7,1,0,1
E5,E5:CG,E5:CG:S,E5:CG:S:1,2019-08-04,13,0,0,0
E5,E5:CG,E5:CG:S,E5:CG:S:1,2019-08-04,17,0,0,1
E5,E5:CG,E5:CG:S,E5:CG:S:1,2019-08-04,23,0,0,0
E5,E5:CG,E5:CG:S,E5:CG:S:1,2019-08-04,27,0,0,0
E5,E5:CG,E5:CG:S,E5:CG:S:2,2019-08-04,3,0,0,0
E5,E5:CG,E5:CG:S,E5:CG:S:2,2019-08-04,7,0,0,0
E5,E5:CG,E5:CG:S,E5:CG:S:2,2019-08-04,13,0,0,0
E5,E5:CG,E5:CG:S,E5:CG:S:2,2019-08-04,17,0,0,3
E5,E5:CG,E5:CG:S,E5:CG:S:2,2019-08-04,23,0,0,0
E5,E5:CG,E5:CG:S,E5:CG:S:2,2019-08-04,27,0,0,0
E5,E5:CG,E5:CG:S,E5:CG:S:3,2019-08-04,3,0,0,0
E5,E5:CG,E5:CG:S,E5:CG:S:3,2019-08-04,7,0,0,9
E5,E5:CG,E5:CG:S,E5:CG:S:3,2019-08-04,13,0,0,0
E5,E5:CG,E5:CG:S,E5:CG:S:3,2019-08-04,17,0,0,0
E5,E5:CG,E5:CG:S,E5:CG:S:3,2019-08-04,23,0,0,0
E5,E5:CG,E5:CG:S,E5:CG:S:3,2019-08-04,27,0,0,0
E5,E5:CH,E5:CH:M,E5:CH:M:1,2019-08-04,3,0,0,0
E5,E5:CH,E5:CH:M,E5:CH:M:1,2019-08-04,7,0,0,0
E5,E5:CH,E5:CH:M,E5:CH:M:1,2019-08-04,13,0,0,5
E5,E5:CH,E5:CH:M,E5:CH:M:1,2019-08-04,17,0,0,0
E5,E5:CH,E5:CH:M,E5:CH:M:1,2019-08-04,23,0,0,1
E5,E5:CH,E5:CH:M,E5:CH:M:1,2019-08-04,27,0,0,2
E5,E5:CH,E5:CH:M,E5:CH:M:2,2019-08-04,3,0,0,0
E5,E5:CH,E5:CH:M,E5:CH:M:2,2019-08-04,7,0,0,0
E5,E5:CH,E5:CH:M,E5:CH:M:2,2019-08-04,13,0,0,32
E5,E5:CH,E5:CH:M,E5:CH:M:2,2019-08-04,17,0,0,0
E5,E5:CH,E5:CH:M,E5:CH:M:2,2019-08-04,23,0,0,0
E5,E5:CH,E5:CH:M,E5:CH:M:2,2019-08-04,27,0,0,2
E5,E5:CH,E5:CH:M,E5:CH:M:3,2019-08-04,3,0,0,5
E5,E5:CH,E5:CH:M,E5:CH:M:3,2019-08-04,7,0,0,0
E5,E5:CH,E5:CH:M,E5:CH:M:3,2019-08-04,13,0,0,1
E5,E5:CH,E5:CH:M,E5:CH:M:3,2019-08-04,17,0,0,0
E5,E5:CH,E5:CH:M,E5:CH:M:3,2019-08-04,23,0,0,10
E5,E5:CH,E5:CH:M,E5:CH:M:3,2019-08-04,27,0,0,0
E5,E5:CH,E5:CH:N,E5:CH:N:1,2019-08-04,3,0,0,0
E5,E5:CH,E5:CH:N,E5:CH:N:1,2019-08-04,7,0,0,2
E5,E5:CH,E5:CH:N,E5:CH:N:1,2019-08-04,13,0,0,0
E5,E5:CH,E5:CH:N,E5:CH:N:1,2019-08-04,17,0,0,3
E5,E5:CH,E5:CH:N,E5:CH:N:1,2019-08-04,23,0,0,0
E5,E5:CH,E5:CH:N,E5:CH:N:1,2019-08-04,27,2,0,3
E5,E5:CH,E5:CH:N,E5:CH:N:2,2019-08-04,3,2,0,2
E5,E5:CH,E5:CH:N,E5:CH:N:2,2019-08-04,7,0,0,0
E5,E5:CH,E5:CH:N,E5:CH:N:2,2019-08-04,13,1,0,3
E5,E5:CH,E5:CH:N,E5:CH:N:2,2019-08-04,17,0,0,0
E5,E5:CH,E5:CH:N,E5:CH:N:2,2019-08-04,23,3,0,3
E5,E5:CH,E5:CH:N,E5:CH:N:2,2019-08-04,27,1,0,1
E5,E5:CH,E5:CH:N,E5:CH:N:3,2019-08-04,3,0,0,0
E5,E5:CH,E5:CH:N,E5:CH:N:3,2019-08-04,7,0,0,5
E5,E5:CH,E5:CH:N,E5:CH:N:3,2019-08-04,13,0,0,18
E5,E5:CH,E5:CH:N,E5:CH:N:3,2019-08-04,17,0,0,0
E5,E5:CH,E5:CH:N,E5:CH:N:3,2019-08-04,23,0,0,0
E5,E5:CH,E5:CH:N,E5:CH:N:3,2019-08-04,27,0,0,3
E5,E5:CH,E5:CH:S,E5:CH:S:1,2019-08-04,3,0,0,0
E5,E5:CH,E5:CH:S,E5:CH:S:1,2019-08-04,7,1,0,1
E5,E5:CH,E5:CH:S,E5:CH:S:1,2019-08-04,13,1,0,1
E5,E5:CH,E5:CH:S,E5:CH:S:1,2019-08-04,17,0,0,13
E5,E5:CH,E5:CH:S,E5:CH:S:1,2019-08-04,23,0,0,0
E5,E5:CH,E5:CH:S,E5:CH:S:1,2019-08-04,27,0,0,0
E5,E5:CH,E5:CH:S,E5:CH:S:2,2019-08-04,3,0,0,0
E5,E5:CH,E5:CH:S,E5:CH:S:2,2019-08-04,7,0,0,0
E5,E5:CH,E5:CH:S,E5:CH:S:2,2019-08-04,13,0,0,8
E5,E5:CH,E5:CH:S,E5:CH:S:2,2019-08-04,17,0,0,0
E5,E5:CH,E5:CH:S,E5:CH:S:2,2019-08-04,23,1,0,1
E5,E5:CH,E5:CH:S,E5:CH:S:2,2019-08-04,27,NV,NV,NV
E5,E5:CH,E5:CH:S,E5:CH:S:3,2019-08-04,3,NV,NV,NV
E5,E5:CH,E5:CH:S,E5:CH:S:3,2019-08-04,7,0,0,0
E5,E5:CH,E5:CH:S,E5:CH:S:3,2019-08-04,13,0,0,1
E5,E5:CH,E5:CH:S,E5:CH:S:3,2019-08-04,17,0,0,0
E5,E5:CH,E5:CH:S,E5:CH:S:3,2019-08-04,23,0,0,0
E5,E5:CH,E5:CH:S,E5:CH:S:3,2019-08-04,27,0,0,0
E5,E5:CN,E5:CN:M,E5:CN:M:1,2019-08-04,3,0,0,0
E5,E5:CN,E5:CN:M,E5:CN:M:1,2019-08-04,7,0,0,0
E5,E5:CN,E5:CN:M,E5:CN:M:1,2019-08-04,13,0,0,0
E5,E5:CN,E5:CN:M,E5:CN:M:1,2019-08-04,17,0,0,3
E5,E5:CN,E5:CN:M,E5:CN:M:1,2019-08-04,23,0,0,0
E5,E5:CN,E5:CN:M,E5:CN:M:1,2019-08-04,27,0,0,1
E5,E5:CN,E5:CN:M,E5:CN:M:2,2019-08-04,3,0,0,0
E5,E5:CN,E5:CN:M,E5:CN:M:2,2019-08-04,7,0,0,0
E5,E5:CN,E5:CN:M,E5:CN:M:2,2019-08-04,13,1,0,1
E5,E5:CN,E5:CN:M,E5:CN:M:2,2019-08-04,17,0,0,0
E5,E5:CN,E5:CN:M,E5:CN:M:2,2019-08-04,23,0,0,0
E5,E5:CN,E5:CN:M,E5:CN:M:2,2019-08-04,27,1,0,1
E5,E5:CN,E5:CN:M,E5:CN:M:3,2019-08-04,3,0,0,0
E5,E5:CN,E5:CN:M,E5:CN:M:3,2019-08-04,7,0,0,0
E5,E5:CN,E5:CN:M,E5:CN:M:3,2019-08-04,13,0,0,2
E5,E5:CN,E5:CN:M,E5:CN:M:3,2019-08-04,17,0,0,0
E5,E5:CN,E5:CN:M,E5:CN:M:3,2019-08-04,23,3,0,3
E5,E5:CN,E5:CN:M,E5:CN:M:3,2019-08-04,27,0,0,0
E5,E5:CN,E5:CN:N,E5:CN:N:1,2019-08-04,3,0,0,0
E5,E5:CN,E5:CN:N,E5:CN:N:1,2019-08-04,7,4,0,4
E5,E5:CN,E5:CN:N,E5:CN:N:1,2019-08-04,13,1,0,1
E5,E5:CN,E5:CN:N,E5:CN:N:1,2019-08-04,17,0,0,0
E5,E5:CN,E5:CN:N,E5:CN:N:1,2019-08-04,23,0,0,0
E5,E5:CN,E5:CN:N,E5:CN:N:1,2019-08-04,27,0,0,4
E5,E5:CN,E5:CN:N,E5:CN:N:2,2019-08-04,3,0,0,0
E5,E5:CN,E5:CN:N,E5:CN:N:2,2019-08-04,7,0,0,0
E5,E5:CN,E5:CN:N,E5:CN:N:2,2019-08-04,13,3,0,3
E5,E5:CN,E5:CN:N,E5:CN:N:2,2019-08-04,17,0,0,1
E5,E5:CN,E5:CN:N,E5:CN:N:2,2019-08-04,23,0,0,0
E5,E5:CN,E5:CN:N,E5:CN:N:2,2019-08-04,27,0,0,0
E5,E5:CN,E5:CN:N,E5:CN:N:3,2019-08-04,3,0,0,3
E5,E5:CN,E5:CN:N,E5:CN:N:3,2019-08-04,7,0,0,0
E5,E5:CN,E5:CN:N,E5:CN:N:3,2019-08-04,13,0,0,0
E5,E5:CN,E5:CN:N,E5:CN:N:3,2019-08-04,17,0,0,0
E5,E5:CN,E5:CN:N,E5:CN:N:3,2019-08-04,23,0,0,0
E5,E5:CN,E5:CN:N,E5:CN:N:3,2019-08-04,27,0,0,0
E5,E5:CN,E5:CN:S,E5:CN:S:1,2019-08-04,3,0,0,18
E5,E5:CN,E5:CN:S,E5:CN:S:1,2019-08-04,7,0,0,6
E5,E5:CN,E5:CN:S,E5:CN:S:1,2019-08-04,13,1,0,2
E5,E5:CN,E5:CN:S,E5:CN:S:1,2019-08-04,17,0,0,2
E5,E5:CN,E5:CN:S,E5:CN:S:1,2019-08-04,23,0,0,0
E5,E5:CN,E5:CN:S,E5:CN:S:1,2019-08-04,27,0,0,0
E5,E5:CN,E5:CN:S,E5:CN:S:2,2019-08-04,3,0,0,0
E5,E5:CN,E5:CN:S,E5:CN:S:2,2019-08-04,7,0,0,0
E5,E5:CN,E5:CN:S,E5:CN:S:2,2019-08-04,13,0,0,0
E5,E5:CN,E5:CN:S,E5:CN:S:2,2019-08-04,17,0,0,18
E5,E5:CN,E5:CN:S,E5:CN:S:2,2019-08-04,23,0,0,0
E5,E5:CN,E5:CN:S,E5:CN:S:2,2019-08-04,27,0,0,7
E5,E5:CN,E5:CN:S,E5:CN:S:3,2019-08-04,3,0,0,2
E5,E5:CN,E5:CN:S,E5:CN:S:3,2019-08-04,7,0,0,2
E5,E5:CN,E5:CN:S,E5:CN:S:3,2019-08-04,13,0,0,0
E5,E5:CN,E5:CN:S,E5:CN:S:3,2019-08-04,17,0,0,0
E5,E5:CN,E5:CN:S,E5:CN:S:3,2019-08-04,23,0,0,17
E5,E5:CN,E5:CN:S,E5:CN:S:3,2019-08-04,27,0,0,0
E5,E5:EG,E5:EG:M,E5:EG:M:1,2019-08-04,3,0,0,0
E5,E5:EG,E5:EG:M,E5:EG:M:1,2019-08-04,7,0,0,0
E5,E5:EG,E5:EG:M,E5:EG:M:1,2019-08-04,13,0,0,0
E5,E5:EG,E5:EG:M,E5:EG:M:1,2019-08-04,17,0,0,0
E5,E5:EG,E5:EG:M,E5:EG:M:1,2019-08-04,23,0,0,0
E5,E5:EG,E5:EG:M,E5:EG:M:1,2019-08-04,27,0,0,0
E5,E5:EG,E5:EG:M,E5:EG:M:2,2019-08-04,3,0,0,0
E5,E5:EG,E5:EG:M,E5:EG:M:2,2019-08-04,7,0,0,0
E5,E5:EG,E5:EG:M,E5:EG:M:2,2019-08-04,13,0,0,0
E5,E5:EG,E5:EG:M,E5:EG:M:2,2019-08-04,17,0,0,34
E5,E5:EG,E5:EG:M,E5:EG:M:2,2019-08-04,23,0,0,0
E5,E5:EG,E5:EG:M,E5:EG:M:2,2019-08-04,27,0,0,7
E5,E5:EG,E5:EG:M,E5:EG:M:3,2019-08-04,3,0,0,10
E5,E5:EG,E5:EG:M,E5:EG:M:3,2019-08-04,7,0,0,0
E5,E5:EG,E5:EG:M,E5:EG:M:3,2019-08-04,13,0,0,0
E5,E5:EG,E5:EG:M,E5:EG:M:3,2019-08-04,17,0,0,0
E5,E5:EG,E5:EG:M,E5:EG:M:3,2019-08-04,23,0,0,0
E5,E5:EG,E5:EG:M,E5:EG:M:3,2019-08-04,27,1,0,1
E5,E5:EG,E5:EG:N,E5:EG:N:1,2019-08-04,3,3,0,7
E5,E5:EG,E5:EG:N,E5:EG:N:1,2019-08-04,7,0,0,0
E5,E5:EG,E5:EG:N,E5:EG:N:1,2019-08-04,13,3,0,2
E5,E5:EG,E5:EG:N,E5:EG:N:1,2019-08-04,17,0,0,4
E5,E5:EG,E5:EG:N,E5:EG:N:1,2019-08-04,23,2,0,2
E5,E5:EG,E5:EG:N,E5:EG:N:1,2019-08-04,27,0,0,0
E5,E5:EG,E5:EG:N,E5:EG:N:2,2019-08-04,3,0,0,0
E5,E5:EG,E5:EG:N,E5:EG:N:2,2019-08-04,7,2,0,2
E5,E5:EG,E5:EG:N,E5:EG:N:2,2019-08-04,13,1,0,1
E5,E5:EG,E5:EG:N,E5:EG:N:2,2019-08-04,17,0,0,0
E5,E5:EG,E5:EG:N,E5:EG:N:2,2019-08-04,23,0,0,0
E5,E5:EG,E5:EG:N,E5:EG:N:2,2019-08-04,27,1,0,1
E5,E5:EG,E5:EG:N,E5:EG:N:3,2019-08-04,3,0,0,0
E5,E5:EG,E5:EG:N,E5:EG:N:3,2019-08-04,7,0,0,2
E5,E5:EG,E5:EG:N,E5:EG:N:3,2019-08-04,13,0,0,0
E5,E5:EG,E5:EG:N,E5:EG:N:3,2019-08-04,17,0,0,3
E5,E5:EG,E5:EG:N,E5:EG:N:3,2019-08-04,23,2,0,2
E5,E5:EG,E5:EG:N,E5:EG:N:3,2019-08-04,27,0,0,1
E5,E5:EG,E5:EG:S,E5:EG:S:1,2019-08-04,3,7,0,7
E5,E5:EG,E5:EG:S,E5:EG:S:1,2019-08-04,7,0,0,8
E5,E5:EG,E5:EG:S,E5:EG:S:1,2019-08-04,13,0,0,27
E5,E5:EG,E5:EG:S,E5:EG:S:1,2019-08-04,17,2,0,2
E5,E5:EG,E5:EG:S,E5:EG:S:1,2019-08-04,23,0,0,0
E5,E5:EG,E5:EG:S,E5:EG:S:1,2019-08-04,27,0,0,0
E5,E5:EG,E5:EG:S,E5:EG:S:2,2019-08-04,3,0,0,0
E5,E5:EG,E5:EG:S,E5:EG:S:2,2019-08-04,7,0,0,0
E5,E5:EG,E5:EG:S,E5:EG:S:2,2019-08-04,13,0,0,0
E5,E5:EG,E5:EG:S,E5:EG:S:2,2019-08-04,17,0,0,12
E5,E5:EG,E5:EG:S,E5:EG:S:2,2019-08-04,23,3,0,3
E5,E5:EG,E5:EG:S,E5:EG:S:2,2019-08-04,27,0,0,4
E5,E5:EG,E5:EG:S,E5:EG:S:3,2019-08-04,3,0,0,3
E5,E5:EG,E5:EG:S,E5:EG:S:3,2019-08-04,7,0,0,2
E5,E5:EG,E5:EG:S,E5:EG:S:3,2019-08-04,13,0,0,5
E5,E5:EG,E5:EG:S,E5:EG:S:3,2019-08-04,17,0,0,0
E5,E5:EG,E5:EG:S,E5:EG:S:3,2019-08-04,23,0,0,0
E5,E5:EG,E5:EG:S,E5:EG:S:3,2019-08-04,27,0,0,12
E5,E5:EH,E5:EH:M,E5:EH:M:1,2019-08-04,3,0,0,0
E5,E5:EH,E5:EH:M,E5:EH:M:1,2019-08-04,7,0,0,0
E5,E5:EH,E5:EH:M,E5:EH:M:1,2019-08-04,13,0,0,2
E5,E5:EH,E5:EH:M,E5:EH:M:1,2019-08-04,17,0,0,0
E5,E5:EH,E5:EH:M,E5:EH:M:1,2019-08-04,23,0,0,0
E5,E5:EH,E5:EH:M,E5:EH:M:1,2019-08-04,27,0,0,0
E5,E5:EH,E5:EH:M,E5:EH:M:2,2019-08-04,3,0,0,0
E5,E5:EH,E5:EH:M,E5:EH:M:2,2019-08-04,7,0,0,0
E5,E5:EH,E5:EH:M,E5:EH:M:2,2019-08-04,13,0,0,0
E5,E5:EH,E5:EH:M,E5:EH:M:2,2019-08-04,17,0,0,0
E5,E5:EH,E5:EH:M,E5:EH:M:2,2019-08-04,23,0,0,28
E5,E5:EH,E5:EH:M,E5:EH:M:2,2019-08-04,27,2,0,15
E5,E5:EH,E5:EH:M,E5:EH:M:3,2019-08-04,3,0,0,15
E5,E5:EH,E5:EH:M,E5:EH:M:3,2019-08-04,7,0,0,0
E5,E5:EH,E5:EH:M,E5:EH:M:3,2019-08-04,13,1,0,9
E5,E5:EH,E5:EH:M,E5:EH:M:3,2019-08-04,17,1,0,1
E5,E5:EH,E5:EH:M,E5:EH:M:3,2019-08-04,23,0,0,0
E5,E5:EH,E5:EH:M,E5:EH:M:3,2019-08-04,27,0,0,0
E5,E5:EH,E5:EH:N,E5:EH:N:1,2019-08-04,3,0,0,0
E5,E5:EH,E5:EH:N,E5:EH:N:1,2019-08-04,7,1,0,4
E5,E5:EH,E5:EH:N,E5:EH:N:1,2019-08-04,13,0,0,0
E5,E5:EH,E5:EH:N,E5:EH:N:1,2019-08-04,17,0,0,20
E5,E5:EH,E5:EH:N,E5:EH:N:1,2019-08-04,23,2,0,5
E5,E5:EH,E5:EH:N,E5:EH:N:1,2019-08-04,27,0,0,0
E5,E5:EH,E5:EH:N,E5:EH:N:2,2019-08-04,3,1,0,1
E5,E5:EH,E5:EH:N,E5:EH:N:2,2019-08-04,7,0,0,0
E5,E5:EH,E5:EH:N,E5:EH:N:2,2019-08-04,13,0,0,0
E5,E5:EH,E5:EH:N,E5:EH:N:2,2019-08-04,17,0,0,0
E5,E5:EH,E5:EH:N,E5:EH:N:2,2019-08-04,23,2,0,2
E5,E5:EH,E5:EH:N,E5:EH:N:2,2019-08-04,27,0,0,0
E5,E5:EH,E5:EH:N,E5:EH:N:3,2019-08-04,3,0,0,0
E5,E5:EH,E5:EH:N,E5:EH:N:3,2019-08-04,7,0,0,0
E5,E5:EH,E5:EH:N,E5:EH:N:3,2019-08-04,13,0,0,0
E5,E5:EH,E5:EH:N,E5:EH:N:3,2019-08-04,17,1,0,1
E5,E5:EH,E5:EH:N,E5:EH:N:3,2019-08-04,23,0,0,0
E5,E5:EH,E5:EH:N,E5:EH:N:3,2019-08-04,27,3,0,3
E5,E5:EH,E5:EH:S,E5:EH:S:1,2019-08-04,3,0,0,0
E5,E5:EH,E5:EH:S,E5:EH:S:1,2019-08-04,7,2,0,2
E5,E5:EH,E5:EH:S,E5:EH:S:1,2019-08-04,13,0,0,0
E5,E5:EH,E5:EH:S,E5:EH:S:1,2019-08-04,17,0,0,0
E5,E5:EH,E5:EH:S,E5:EH:S:1,2019-08-04,23,10,2,10
E5,E5:EH,E5:EH:S,E5:EH:S:1,2019-08-04,27,0,0,0
E5,E5:EH,E5:EH:S,E5:EH:S:2,2019-08-04,3,5,0,5
E5,E5:EH,E5:EH:S,E5:EH:S:2,2019-08-04,7,0,0,0
E5,E5:EH,E5:EH:S,E5:EH:S:2,2019-08-04,13,2,0,2
E5,E5:EH,E5:EH:S,E5:EH:S:2,2019-08-04,17,2,0,7
E5,E5:EH,E5:EH:S,E5:EH:S:2,2019-08-04,23,2,0,5
E5,E5:EH,E5:EH:S,E5:EH:S:2,2019-08-04,27,1,0,14
E5,E5:EH,E5:EH:S,E5:EH:S:3,2019-08-04,3,0,0,0
E5,E5:EH,E5:EH:S,E5:EH:S:3,2019-08-04,7,0,0,0
E5,E5:EH,E5:EH:S,E5:EH:S:3,2019-08-04,13,0,0,0
E5,E5:EH,E5:EH:S,E5:EH:S:3,2019-08-04,17,0,0,0
E5,E5:EH,E5:EH:S,E5:EH:S:3,2019-08-04,23,0,0,0
E5,E5:EH,E5:EH:S,E5:EH:S:3,2019-08-04,27,0,0,0
E5,E5:EN,E5:EN:M,E5:EN:M:1,2019-08-04,3,0,0,0
E5,E5:EN,E5:EN:M,E5:EN:M:1,2019-08-04,7,3,0,3
E5,E5:EN,E5:EN:M,E5:EN:M:1,2019-08-04,13,1,0,1
E5,E5:EN,E5:EN:M,E5:EN:M:1,2019-08-04,17,0,0,4
E5,E5:EN,E5:EN:M,E5:EN:M:1,2019-08-04,23,0,0,3
E5,E5:EN,E5:EN:M,E5:EN:M:1,2019-08-04,27,0,0,0
E5,E5:EN,E5:EN:M,E5:EN:M:2,2019-08-04,3,5,2,5
E5,E5:EN,E5:EN:M,E5:EN:M:2,2019-08-04,7,5,0,5
E5,E5:EN,E5:EN:M,E5:EN:M:2,2019-08-04,13,0,0,0
E5,E5:EN,E5:EN:M,E5:EN:M:2,2019-08-04,17,0,0,1
E5,E5:EN,E5:EN:M,E5:EN:M:2,2019-08-04,23,7,2,7
E5,E5:EN,E5:EN:M,E5:EN:M:2,2019-08-04,27,0,0,0
E5,E5:EN,E5:EN:M,E5:EN:M:3,2019-08-04,3,0,0,0
E5,E5:EN,E5:EN:M,E5:EN:M:3,2019-08-04,7,1,0,1
E5,E5:EN,E5:EN:M,E5:EN:M:3,2019-08-04,13,0,0,0
E5,E5:EN,E5:EN:M,E5:EN:M:3,2019-08-04,17,0,0,0
E5,E5:EN,E5:EN:M,E5:EN:M:3,2019-08-04,23,0,0,0
E5,E5:EN,E5:EN:M,E5:EN:M:3,2019-08-04,27,1,0,1
E5,E5:EN,E5:EN:N,E5:EN:N:1,2019-08-04,3,0,0,35
E5,E5:EN,E5:EN:N,E5:EN:N:1,2019-08-04,7,0,0,2
E5,E5:EN,E5:EN:N,E5:EN:N:1,2019-08-04,13,0,0,0
E5,E5:EN,E5:EN:N,E5:EN:N:1,2019-08-04,17,0,0,2
E5,E5:EN,E5:EN:N,E5:EN:N:1,2019-08-04,23,0,0,0
E5,E5:EN,E5:EN:N,E5:EN:N:1,2019-08-04,27,0,0,0
E5,E5:EN,E5:EN:N,E5:EN:N:2,2019-08-04,3,0,0,0
E5,E5:EN,E5:EN:N,E5:EN:N:2,2019-08-04,7,2,0,2
E5,E5:EN,E5:EN:N,E5:EN:N:2,2019-08-04,13,0,0,8
E5,E5:EN,E5:EN:N,E5:EN:N:2,2019-08-04,17,0,0,0
E5,E5:EN,E5:EN:N,E5:EN:N:2,2019-08-04,23,3,0,3
E5,E5:EN,E5:EN:N,E5:EN:N:2,2019-08-04,27,0,0,0
E5,E5:EN,E5:EN:N,E5:EN:N:3,2019-08-04,3,0,0,0
E5,E5:EN,E5:EN:N,E5:EN:N:3,2019-08-04,7,0,0,0
E5,E5:EN,E5:EN:N,E5:EN:N:3,2019-08-04,13,0,0,0
E5,E5:EN,E5:EN:N,E5:EN:N:3,2019-08-04,17,0,0,0
E5,E5:EN,E5:EN:N,E5:EN:N:3,2019-08-04,23,0,0,0
E5,E5:EN,E5:EN:N,E5:EN:N:3,2019-08-04,27,0,0,0
E5,E5:EN,E5:EN:S,E5:EN:S:1,2019-08-04,3,0,0,0
E5,E5:EN,E5:EN:S,E5:EN:S:1,2019-08-04,7,1,0,1
E5,E5:EN,E5:EN:S,E5:EN:S:1,2019-08-04,13,0,0,0
E5,E5:EN,E5:EN:S,E5:EN:S:1,2019-08-04,17,0,0,24
E5,E5:EN,E5:EN:S,E5:EN:S:1,2019-08-04,23,0,0,0
E5,E5:EN,E5:EN:S,E5:EN:S:1,2019-08-04,27,0,0,8
E5,E5:EN,E5:EN:S,E5:EN:S:2,2019-08-04,3,0,0,0
E5,E5:EN,E5:EN:S,E5:EN:S:2,2019-08-04,7,0,0,0
E5,E5:EN,E5:EN:S,E5:EN:S:2,2019-08-04,13,1,1,1
E5,E5:EN,E5:EN:S,E5:EN:S:2,2019-08-04,17,1,0,1
E5,E5:EN,E5:EN:S,E5:EN:S:2,2019-08-04,23,2,0,2
E5,E5:EN,E5:EN:S,E5:EN:S:2,2019-08-04,27,0,0,0
E5,E5:EN,E5:EN:S,E5:EN:S:3,2019-08-04,3,0,0,0
E5,E5:EN,E5:EN:S,E5:EN:S:3,2019-08-04,7,0,0,0
E5,E5:EN,E5:EN:S,E5:EN:S:3,2019-08-04,13,1,0,1
E5,E5:EN,E5:EN:S,E5:EN:S:3,2019-08-04,17,2,0,2
E5,E5:EN,E5:EN:S,E5:EN:S:3,2019-08-04,23,0,0,0
E5,E5:EN,E5:EN:S,E5:EN:S:3,2019-08-04,27,0,0,0